replica,variable,p_valor_ajustado_BH
0,egresos_por_anio,0.047128958442597124
0,estancia_media,0.017368381959170662
0,estancia_mediana,0.00010415386228516366
0,peso_medio_grd,0.047128958442597124
0,severidad_media,3.2603617125106245e-05
0,mortalidad_media,3.849584255236571e-05
0,entropia_grd,0.04699594559239835
0,comorbilidades_promedio,0.0012553907801272242
0,tasa_cma,0.021218055544829233
0,peso_medio_cma,0.017368381959170662
0,pct_pediatrico,8.841088833654869e-09
0,pct_geriatrico,8.841088833654869e-09
0,pct_femenino_fertil,3.0794742748471597e-07
0,edad_mediana,7.064580963593563e-08
0,pct_urgencia,0.07181852617532951
0,pct_programada,0.09227814931999075
0,pct_obstetrica_ingreso,5.490742333068881e-06
0,pct_alta_domicilio,1.6727620392198196e-05
0,pct_alta_fallecido,1.0065860729938423e-05
0,pct_alta_traslado,0.07181852617532951
0,pct_origen_emergencia,0.40330782874715754
0,pct_origen_referencia,0.017368381959170662
0,pct_uso_pabellon,0.09975309760877162
0,pabellones_promedio,0.17873364995679428
0,tasa_partos,2.446371594238094e-05
0,tasa_prematurez,0.13160494479539092
0,cv_estancia,0.00815080963153329
0,pct_estancia_larga,0.09975309760877162
1,egresos_por_anio,0.001057629339950045
1,estancia_media,0.005316422240753885
1,estancia_mediana,0.029476560255630436
1,peso_medio_grd,0.005316422240753885
1,severidad_media,0.020245762740120722
1,mortalidad_media,0.0015041325615013398
1,entropia_grd,0.053836209683825006
1,comorbilidades_promedio,0.08751215609145803
1,tasa_cma,0.07840494097433155
1,peso_medio_cma,0.009464156863512393
1,pct_pediatrico,1.6521794341715673e-07
1,pct_geriatrico,8.571036756837462e-06
1,pct_femenino_fertil,1.2436882067425835e-06
1,edad_mediana,7.222190850150704e-07
1,pct_urgencia,0.029476560255630436
1,pct_programada,0.009464156863512393
1,pct_obstetrica_ingreso,1.6521794341715673e-07
1,pct_alta_domicilio,0.10793309908144122
1,pct_alta_fallecido,0.005316422240753885
1,pct_alta_traslado,0.05285824371401751
1,pct_origen_emergencia,0.005316422240753885
1,pct_origen_referencia,0.0023326651269631534
1,pct_uso_pabellon,0.0023326651269631534
1,pabellones_promedio,0.1499441679830079
1,tasa_partos,4.636188958966309e-06
1,tasa_prematurez,0.00047405897060949514
1,cv_estancia,0.0015041325615013398
1,pct_estancia_larga,0.005316422240753885
2,egresos_por_anio,0.780528893232908
2,estancia_media,3.230731858104009e-06
2,estancia_mediana,3.230731858104009e-06
2,peso_medio_grd,4.212220843261334e-06
2,severidad_media,0.011742783488488983
2,mortalidad_media,0.00012685363728211045
2,entropia_grd,0.17678066975398474
2,comorbilidades_promedio,0.002814876387513162
2,tasa_cma,0.3639356513273826
2,peso_medio_cma,0.0026791059235722883
2,pct_pediatrico,2.863400550361408e-07
2,pct_geriatrico,4.936140911385572e-09
2,pct_femenino_fertil,3.3152572705136634e-05
2,edad_mediana,8.024208192135365e-09
2,pct_urgencia,0.009566564397604862
2,pct_programada,2.4288248548963036e-05
2,pct_obstetrica_ingreso,3.6524839898660107e-05
2,pct_alta_domicilio,2.7247863102075025e-05
2,pct_alta_fallecido,2.2286279979915556e-07
2,pct_alta_traslado,0.3430998127044937
2,pct_origen_emergencia,6.150889084984384e-05
2,pct_origen_referencia,0.021458703711540354
2,pct_uso_pabellon,0.07162956538217329
2,pabellones_promedio,0.04993857809150798
2,tasa_partos,0.0001365242484437137
2,tasa_prematurez,0.08480213093375077
2,cv_estancia,0.4000321671343699
2,pct_estancia_larga,4.7133735660458025e-05
3,egresos_por_anio,0.05236145113650726
3,estancia_media,7.08499771105692e-05
3,estancia_mediana,3.4575206918049614e-06
3,peso_medio_grd,8.318249231808946e-05
3,severidad_media,8.318249231808946e-05
3,mortalidad_media,1.247146017755365e-05
3,entropia_grd,0.014521878244409621
3,comorbilidades_promedio,0.05019298115458172
3,tasa_cma,0.17572168426856732
3,peso_medio_cma,0.0014699771419886144
3,pct_pediatrico,3.4575206918049614e-06
3,pct_geriatrico,2.601740345471704e-07
3,pct_femenino_fertil,1.0590196159686316e-06
3,edad_mediana,2.601740345471704e-07
3,pct_urgencia,0.07272286726373989
3,pct_programada,0.0030842243778105853
3,pct_obstetrica_ingreso,3.2657590640398168e-06
3,pct_alta_domicilio,0.007035650014889279
3,pct_alta_fallecido,0.008279598921873509
3,pct_alta_traslado,0.002175854829217634
3,pct_origen_emergencia,0.0003351486482056286
3,pct_origen_referencia,2.832376252280271e-05
3,pct_uso_pabellon,0.07594232530260336
3,pabellones_promedio,0.21345319190090414
3,tasa_partos,6.156550812451934e-07
3,tasa_prematurez,0.005923446604458485
3,cv_estancia,0.027392344129411928
3,pct_estancia_larga,0.0006041022455924869
4,egresos_por_anio,5.281414001637979e-05
4,estancia_media,0.011660244169297757
4,estancia_mediana,3.7385321564714527e-06
4,peso_medio_grd,2.9795934728456576e-07
4,severidad_media,0.0007377547491821781
4,mortalidad_media,0.002860312407727722
4,entropia_grd,0.00227840492840856
4,comorbilidades_promedio,0.0004925051373024657
4,tasa_cma,0.0621695587469131
4,peso_medio_cma,1.6338214392643753e-05
4,pct_pediatrico,2.8564128721873627e-07
4,pct_geriatrico,6.380821180848431e-09
4,pct_femenino_fertil,3.7913945156388614e-05
4,edad_mediana,1.8007873732377228e-08
4,pct_urgencia,0.007612883637201465
4,pct_programada,5.101661575179911e-07
4,pct_obstetrica_ingreso,3.7385321564714527e-06
4,pct_alta_domicilio,3.2086096236642995e-06
4,pct_alta_fallecido,6.2544964589122075e-06
4,pct_alta_traslado,0.0035209728045426034
4,pct_origen_emergencia,4.5739017536287225e-05
4,pct_origen_referencia,0.0003399270576634897
4,pct_uso_pabellon,0.006208563792674533
4,pabellones_promedio,0.0004077663804904361
4,tasa_partos,5.281414001637979e-05
4,tasa_prematurez,3.309627067478073e-05
4,cv_estancia,0.007612883637201465
4,pct_estancia_larga,0.0621695587469131
5,egresos_por_anio,0.9513035185852969
5,estancia_media,0.002264360099148878
5,estancia_mediana,0.0010854595412350065
5,peso_medio_grd,0.05365215476675522
5,severidad_media,0.018952532315739807
5,mortalidad_media,0.04678947258101044
5,entropia_grd,0.02374274124871043
5,comorbilidades_promedio,0.02737305118855991
5,tasa_cma,0.0009105173873127473
5,peso_medio_cma,0.006660328935742255
5,pct_pediatrico,6.461306288000402e-08
5,pct_geriatrico,1.1731569058346007e-06
5,pct_femenino_fertil,0.00011176011841863289
5,edad_mediana,1.1731569058346007e-06
5,pct_urgencia,1.2794413685958709e-06
5,pct_programada,0.0002261829705535127
5,pct_obstetrica_ingreso,0.006660328935742255
5,pct_alta_domicilio,1.8737555285023816e-06
5,pct_alta_fallecido,7.811538154153387e-05
5,pct_alta_traslado,0.006660328935742255
5,pct_origen_emergencia,0.3329360730011611
5,pct_origen_referencia,0.14982836922770035
5,pct_uso_pabellon,7.56997675455627e-05
5,pabellones_promedio,0.006660328935742255
5,tasa_partos,0.031881426375188766
5,tasa_prematurez,0.220982017140927
5,cv_estancia,0.09283525173519704
5,pct_estancia_larga,0.018952532315739807
6,egresos_por_anio,0.23891362772668207
6,estancia_media,3.2463013465354615e-05
6,estancia_mediana,0.00010013501590230485
6,peso_medio_grd,3.2463013465354615e-05
6,severidad_media,0.00016194222967395755
6,mortalidad_media,0.01108090968441353
6,entropia_grd,0.035339872271129225
6,comorbilidades_promedio,0.004529115514239752
6,tasa_cma,0.02281936860013955
6,peso_medio_cma,0.0004932344142865467
6,pct_pediatrico,6.318880540394708e-08
6,pct_geriatrico,3.3085805009506733e-07
6,pct_femenino_fertil,5.780937168613578e-05
6,edad_mediana,1.5714647707231846e-07
6,pct_urgencia,0.07984811600250269
6,pct_programada,0.020562455835384515
6,pct_obstetrica_ingreso,0.0013293234027600407
6,pct_alta_domicilio,0.02871162027671356
6,pct_alta_fallecido,3.979553885300536e-05
6,pct_alta_traslado,0.24814387649469666
6,pct_origen_emergencia,0.0711835549060909
6,pct_origen_referencia,0.10270766474608965
6,pct_uso_pabellon,0.00813711892114949
6,pabellones_promedio,0.03550218423559346
6,tasa_partos,0.030519003025582248
6,tasa_prematurez,0.8749734334878744
6,cv_estancia,0.03550218423559346
6,pct_estancia_larga,5.780937168613578e-05
7,egresos_por_anio,0.7802761478462986
7,estancia_media,8.426107540419351e-05
7,estancia_mediana,2.4906438444758755e-05
7,peso_medio_grd,1.2260126386105443e-05
7,severidad_media,8.426107540419351e-05
7,mortalidad_media,6.156575642593038e-05
7,entropia_grd,0.1941329751783559
7,comorbilidades_promedio,0.01875271663410979
7,tasa_cma,0.35701898736220467
7,peso_medio_cma,0.0003662838293589813
7,pct_pediatrico,7.63634275041456e-07
7,pct_geriatrico,1.9629870701920836e-05
7,pct_femenino_fertil,8.74156567719759e-08
7,edad_mediana,1.2260126386105443e-05
7,pct_urgencia,0.008353869946728909
7,pct_programada,1.0571047729156315e-05
7,pct_obstetrica_ingreso,2.3587552720722406e-06
7,pct_alta_domicilio,0.026368545612413165
7,pct_alta_fallecido,0.0010080565005575598
7,pct_alta_traslado,0.14617725104895
7,pct_origen_emergencia,0.00017520264400182456
7,pct_origen_referencia,0.0018720979913518488
7,pct_uso_pabellon,0.0010892829076579573
7,pabellones_promedio,0.0031688881502556733
7,tasa_partos,1.2260126386105443e-05
7,tasa_prematurez,0.14617725104895
7,cv_estancia,0.07713276598765935
7,pct_estancia_larga,0.0006839406913028097
8,egresos_por_anio,0.25693458387825074
8,estancia_media,0.0007452368434129264
8,estancia_mediana,9.341740273577298e-05
8,peso_medio_grd,0.0038304377381511642
8,severidad_media,0.00024122896282434566
8,mortalidad_media,0.00043250280261469896
8,entropia_grd,0.01251718568130321
8,comorbilidades_promedio,0.009607816988313271
8,tasa_cma,0.032899850126265964
8,peso_medio_cma,0.00730789798952645
8,pct_pediatrico,4.435864787915603e-09
8,pct_geriatrico,4.435864787915603e-09
8,pct_femenino_fertil,6.522181091780395e-06
8,edad_mediana,4.435864787915603e-09
8,pct_urgencia,4.3533966606874365e-06
8,pct_programada,2.5125855234316303e-05
8,pct_obstetrica_ingreso,9.341740273577298e-05
8,pct_alta_domicilio,2.759591509507547e-06
8,pct_alta_fallecido,3.5864252751107246e-07
8,pct_alta_traslado,0.11426332567711854
8,pct_origen_emergencia,0.004357403363448
8,pct_origen_referencia,0.5453607379349281
8,pct_uso_pabellon,0.05563021442888122
8,pabellones_promedio,0.12346392456824765
8,tasa_partos,0.00024847341213127917
8,tasa_prematurez,0.29814373311243464
8,cv_estancia,0.0005846648943924307
8,pct_estancia_larga,0.002229424086373439
9,egresos_por_anio,0.07085085446792232
9,estancia_media,2.643955688916681e-05
9,estancia_mediana,0.009404145563171365
9,peso_medio_grd,2.519600905857468e-06
9,severidad_media,0.017355181138164213
9,mortalidad_media,0.016011670587780528
9,entropia_grd,0.30922240229905307
9,comorbilidades_promedio,0.35842705994211765
9,tasa_cma,0.0011542315460119383
9,peso_medio_cma,0.01355278489658771
9,pct_pediatrico,7.284950703919005e-08
9,pct_geriatrico,2.910678343911741e-06
9,pct_femenino_fertil,3.7126261466344713e-06
9,edad_mediana,2.0340957783419183e-06
9,pct_urgencia,0.512433984799151
9,pct_programada,0.0004031821372631886
9,pct_obstetrica_ingreso,6.4592561996362015e-06
9,pct_alta_domicilio,2.519600905857468e-06
9,pct_alta_fallecido,0.0003629239145495867
9,pct_alta_traslado,0.0003629239145495867
9,pct_origen_emergencia,0.16389171568275804
9,pct_origen_referencia,0.36467449083180653
9,pct_uso_pabellon,0.0009516554837086349
9,pabellones_promedio,0.013718388670053212
9,tasa_partos,1.9073257495812072e-05
9,tasa_prematurez,0.35547822000047835
9,cv_estancia,0.04150980240823553
9,pct_estancia_larga,1.3132418149737498e-05
10,egresos_por_anio,0.5448717506321901
10,estancia_media,5.7067809322865765e-05
10,estancia_mediana,0.0005118665748485329
10,peso_medio_grd,6.838234251919929e-05
10,severidad_media,1.5869721774448938e-05
10,mortalidad_media,1.9306312490618646e-07
10,entropia_grd,0.10010134837812129
10,comorbilidades_promedio,0.0003620543532026904
10,tasa_cma,0.8500533342316088
10,peso_medio_cma,1.9873043816221187e-05
10,pct_pediatrico,1.109181042663055e-07
10,pct_geriatrico,1.109181042663055e-07
10,pct_femenino_fertil,1.9306312490618646e-07
10,edad_mediana,1.666148511956725e-07
10,pct_urgencia,0.14470360095060397
10,pct_programada,0.3521899424466705
10,pct_obstetrica_ingreso,4.662118903955841e-06
10,pct_alta_domicilio,0.00015255871376803712
10,pct_alta_fallecido,1.666148511956725e-07
10,pct_alta_traslado,0.34707937389289156
10,pct_origen_emergencia,0.7752960705915437
10,pct_origen_referencia,0.31441448293485325
10,pct_uso_pabellon,0.3145065604605615
10,pabellones_promedio,0.5441584866882577
10,tasa_partos,3.4047217293074255e-05
10,tasa_prematurez,0.5441584866882577
10,cv_estancia,0.0015562207692666563
10,pct_estancia_larga,0.00010763191157541529
11,egresos_por_anio,0.6418429379362526
11,estancia_media,0.00043608284181535545
11,estancia_mediana,0.01075850553904678
11,peso_medio_grd,6.436618872379034e-07
11,severidad_media,9.323350820337589e-06
11,mortalidad_media,6.4372525910878e-05
11,entropia_grd,0.14677663999272458
11,comorbilidades_promedio,0.00047048281689819296
11,tasa_cma,0.06237252207815141
11,peso_medio_cma,0.002287720900529848
11,pct_pediatrico,1.1575347418405383e-07
11,pct_geriatrico,2.3964122466942996e-06
11,pct_femenino_fertil,2.175690483822073e-05
11,edad_mediana,5.013617775832668e-07
11,pct_urgencia,0.00028220092846290457
11,pct_programada,1.3275148778136e-06
11,pct_obstetrica_ingreso,2.175690483822073e-05
11,pct_alta_domicilio,0.01075850553904678
11,pct_alta_fallecido,2.175690483822073e-05
11,pct_alta_traslado,0.07342275573217313
11,pct_origen_emergencia,4.1995827956718465e-05
11,pct_origen_referencia,0.017922305514093875
11,pct_uso_pabellon,0.0012821578849198745
11,pabellones_promedio,0.00438777916596612
11,tasa_partos,2.175690483822073e-05
11,tasa_prematurez,0.9841944325970166
11,cv_estancia,0.044203249605526816
11,pct_estancia_larga,9.65168381214274e-05
12,egresos_por_anio,0.0016370539493917916
12,estancia_media,0.0254721166707222
12,estancia_mediana,0.0008635180575490498
12,peso_medio_grd,1.4417433782512053e-06
12,severidad_media,0.003163462956574825
12,mortalidad_media,0.003220595345793411
12,entropia_grd,0.22627411580922827
12,comorbilidades_promedio,0.010871539294001394
12,tasa_cma,0.0011488786229816757
12,peso_medio_cma,0.0006638026317474275
12,pct_pediatrico,3.315706255001353e-07
12,pct_geriatrico,4.066965242982266e-07
12,pct_femenino_fertil,5.511508265111015e-06
12,edad_mediana,2.0051079688266642e-07
12,pct_urgencia,0.07884857883937055
12,pct_programada,2.301654688335842e-06
12,pct_obstetrica_ingreso,4.930533235551426e-06
12,pct_alta_domicilio,0.011368105192280572
12,pct_alta_fallecido,0.0004295259086952102
12,pct_alta_traslado,0.04152100932439302
12,pct_origen_emergencia,5.240727068154055e-06
12,pct_origen_referencia,4.874497908154262e-05
12,pct_uso_pabellon,0.0011488786229816757
12,pabellones_promedio,0.006585870350276093
12,tasa_partos,1.58815945967753e-05
12,tasa_prematurez,0.006585870350276093
12,cv_estancia,0.2374481703179196
12,pct_estancia_larga,0.08007641329563663
13,egresos_por_anio,0.29368878823874245
13,estancia_media,0.00033710815192127696
13,estancia_mediana,3.38121584123296e-06
13,peso_medio_grd,3.38121584123296e-06
13,severidad_media,0.004284221722239572
13,mortalidad_media,0.004284221722239572
13,entropia_grd,0.0011560204258531548
13,comorbilidades_promedio,4.528742185296598e-05
13,tasa_cma,0.000509438544452298
13,peso_medio_cma,0.0015807711227301161
13,pct_pediatrico,2.4432601878346084e-08
13,pct_geriatrico,3.718189575832141e-09
13,pct_femenino_fertil,1.7717141483217757e-05
13,edad_mediana,3.718189575832141e-09
13,pct_urgencia,7.958524829298946e-05
13,pct_programada,1.915447631176454e-06
13,pct_obstetrica_ingreso,4.8905212246229205e-05
13,pct_alta_domicilio,7.298768996351365e-07
13,pct_alta_fallecido,1.716150192270315e-05
13,pct_alta_traslado,0.0015807711227301161
13,pct_origen_emergencia,0.0007447602350813588
13,pct_origen_referencia,0.0008252006021543138
13,pct_uso_pabellon,0.0008252006021543138
13,pabellones_promedio,0.000509438544452298
13,tasa_partos,0.00033710815192127696
13,tasa_prematurez,0.006916797132732882
13,cv_estancia,7.080038264732988e-05
13,pct_estancia_larga,0.009483108930738256
14,egresos_por_anio,0.34139743431705866
14,estancia_media,0.0057544420093341014
14,estancia_mediana,0.005947114582139625
14,peso_medio_grd,9.355047227987542e-07
14,severidad_media,0.014805311901815926
14,mortalidad_media,0.0010958708989128572
14,entropia_grd,0.0031317064333210463
14,comorbilidades_promedio,0.00022184702985720265
14,tasa_cma,0.3681168980150975
14,peso_medio_cma,5.98679370600925e-05
14,pct_pediatrico,3.326334929685397e-07
14,pct_geriatrico,2.750764031125489e-07
14,pct_femenino_fertil,4.080306720688929e-05
14,edad_mediana,2.750764031125489e-07
14,pct_urgencia,0.00011263237347203923
14,pct_programada,4.253680449644517e-06
14,pct_obstetrica_ingreso,6.627303684903627e-05
14,pct_alta_domicilio,8.953351442124496e-07
14,pct_alta_fallecido,2.750764031125489e-07
14,pct_alta_traslado,0.00035732361737943034
14,pct_origen_emergencia,0.010810127956032528
14,pct_origen_referencia,0.5186058839273422
14,pct_uso_pabellon,2.638943971762408e-05
14,pabellones_promedio,3.872130176244971e-06
14,tasa_partos,0.0010958708989128572
14,tasa_prematurez,0.27649645635263254
14,cv_estancia,0.0057544420093341014
14,pct_estancia_larga,0.019977160196496355
15,egresos_por_anio,0.46665678021160895
15,estancia_media,0.0071124104340788774
15,estancia_mediana,0.021568025555873768
15,peso_medio_grd,2.132622238091102e-06
15,severidad_media,0.00107625182625098
15,mortalidad_media,1.3179217551770917e-05
15,entropia_grd,0.1026945930176411
15,comorbilidades_promedio,0.03739297471230695
15,tasa_cma,0.03739297471230695
15,peso_medio_cma,0.004651066053957313
15,pct_pediatrico,1.540128384290089e-07
15,pct_geriatrico,0.0001394815397095098
15,pct_femenino_fertil,8.354538501189055e-09
15,edad_mediana,0.00011582333033463004
15,pct_urgencia,0.019528289514506077
15,pct_programada,0.00018511396909458265
15,pct_obstetrica_ingreso,7.345530430303584e-08
15,pct_alta_domicilio,0.017390010493885152
15,pct_alta_fallecido,0.0006527892921956191
15,pct_alta_traslado,0.21821930553513014
15,pct_origen_emergencia,0.16018785688705162
15,pct_origen_referencia,0.2955111946021639
15,pct_uso_pabellon,0.002820078479238549
15,pabellones_promedio,0.07075062610586831
15,tasa_partos,2.3093365074677135e-07
15,tasa_prematurez,0.2242753369148964
15,cv_estancia,0.13265514284398405
15,pct_estancia_larga,0.017390010493885152
16,egresos_por_anio,0.48239590343554767
16,estancia_media,6.132470432073575e-05
16,estancia_mediana,3.667665462942309e-05
16,peso_medio_grd,3.5241039097814935e-05
16,severidad_media,0.007769739768255509
16,mortalidad_media,0.0007505662246182797
16,entropia_grd,0.03883242385080809
16,comorbilidades_promedio,0.00023825614359128104
16,tasa_cma,0.33334660609410205
16,peso_medio_cma,4.8816623376122296e-05
16,pct_pediatrico,1.0460310821664388e-09
16,pct_geriatrico,3.6084285014977966e-10
16,pct_femenino_fertil,3.565186660767509e-06
16,edad_mediana,3.6084285014977966e-10
16,pct_urgencia,0.10778263166468953
16,pct_programada,6.363818720509586e-05
16,pct_obstetrica_ingreso,3.667665462942309e-05
16,pct_alta_domicilio,0.0004979322963061179
16,pct_alta_fallecido,8.27100969475509e-07
16,pct_alta_traslado,0.7630790610516883
16,pct_origen_emergencia,0.0002937863428808061
16,pct_origen_referencia,0.0007505662246182797
16,pct_uso_pabellon,0.13308294834439388
16,pabellones_promedio,0.032237051538884794
16,tasa_partos,6.384151731728672e-05
16,tasa_prematurez,0.04532542017140123
16,cv_estancia,0.032237051538884794
16,pct_estancia_larga,0.0007505662246182797
17,egresos_por_anio,0.4163884668955744
17,estancia_media,8.384305920274334e-05
17,estancia_mediana,8.534558634154724e-06
17,peso_medio_grd,0.00014065112147218685
17,severidad_media,1.4011988953890402e-05
17,mortalidad_media,4.2757346548919055e-05
17,entropia_grd,0.00014065112147218685
17,comorbilidades_promedio,5.6068731287496845e-05
17,tasa_cma,0.014842328049972134
17,peso_medio_cma,2.7953003439275145e-05
17,pct_pediatrico,7.825605654101065e-10
17,pct_geriatrico,5.866337063749436e-10
17,pct_femenino_fertil,1.4011988953890402e-05
17,edad_mediana,5.866337063749436e-10
17,pct_urgencia,0.019283396881645896
17,pct_programada,0.003190229605694516
17,pct_obstetrica_ingreso,3.0046614130879668e-05
17,pct_alta_domicilio,1.4704057528731868e-06
17,pct_alta_fallecido,4.477597514638165e-06
17,pct_alta_traslado,0.047282091188218
17,pct_origen_emergencia,0.027141639151492716
17,pct_origen_referencia,0.010572491862146177
17,pct_uso_pabellon,0.07043093557079266
17,pabellones_promedio,0.16266762203881222
17,tasa_partos,3.1598689018726214e-05
17,tasa_prematurez,0.5189490650247652
17,cv_estancia,0.00030284175187564923
17,pct_estancia_larga,0.0007247030274861867
18,egresos_por_anio,0.2574467485662179
18,estancia_media,0.0015284818794649825
18,estancia_mediana,2.771915875463978e-05
18,peso_medio_grd,0.031322504409055284
18,severidad_media,0.2321671439753119
18,mortalidad_media,0.11077244716734655
18,entropia_grd,0.011084211531267091
18,comorbilidades_promedio,0.00783635735911238
18,tasa_cma,0.27507154129545497
18,peso_medio_cma,0.0016892317095836193
18,pct_pediatrico,3.594726877969886e-09
18,pct_geriatrico,3.3772753533243846e-08
18,pct_femenino_fertil,0.019458056984882507
18,edad_mediana,1.8910855923214286e-08
18,pct_urgencia,0.0004959683889717701
18,pct_programada,0.00044561432256116126
18,pct_obstetrica_ingreso,0.22901464291363005
18,pct_alta_domicilio,1.7102028494559326e-05
18,pct_alta_fallecido,1.7102028494559326e-05
18,pct_alta_traslado,0.01430496487659856
18,pct_origen_emergencia,0.007141609861288342
18,pct_origen_referencia,0.002785911893194844
18,pct_uso_pabellon,0.00022400116517274816
18,pabellones_promedio,0.011084211531267091
18,tasa_partos,0.38382120540397036
18,tasa_prematurez,0.22689144088764246
18,cv_estancia,0.00783635735911238
18,pct_estancia_larga,0.022260648397301443
19,egresos_por_anio,0.4980034285828969
19,estancia_media,0.0005991211408299486
19,estancia_mediana,0.00495824164569518
19,peso_medio_grd,2.188281536564369e-05
19,severidad_media,0.0012058202645671978
19,mortalidad_media,0.000885561893331921
19,entropia_grd,0.0005476007135187767
19,comorbilidades_promedio,7.30959405944814e-05
19,tasa_cma,0.0002824969435166638
19,peso_medio_cma,7.30959405944814e-05
19,pct_pediatrico,1.173537048854379e-09
19,pct_geriatrico,5.8927370429094994e-08
19,pct_femenino_fertil,1.800691294351497e-06
19,edad_mediana,1.7851401550523328e-08
19,pct_urgencia,0.0009550529530010559
19,pct_programada,0.0003848889276022772
19,pct_obstetrica_ingreso,2.188281536564369e-05
19,pct_alta_domicilio,4.848187709624375e-05
19,pct_alta_fallecido,1.90570241742429e-05
19,pct_alta_traslado,0.05783373474709859
19,pct_origen_emergencia,0.015268126836171368
19,pct_origen_referencia,0.016099665167857314
19,pct_uso_pabellon,0.0005180755480993986
19,pabellones_promedio,0.0002824969435166638
19,tasa_partos,0.00020407680417029814
19,tasa_prematurez,0.8794096973161799
19,cv_estancia,0.00015072347261936125
19,pct_estancia_larga,0.0005991211408299486
20,egresos_por_anio,0.05533526359887051
20,estancia_media,0.0003171646513308754
20,estancia_mediana,0.00039663049604196047
20,peso_medio_grd,7.014603295161624e-09
20,severidad_media,0.00014504039782477072
20,mortalidad_media,6.887609462791152e-07
20,entropia_grd,0.08824221248786775
20,comorbilidades_promedio,0.01481861118289006
20,tasa_cma,0.0022966752292062393
20,peso_medio_cma,7.058064943977349e-05
20,pct_pediatrico,8.8067529857293e-07
20,pct_geriatrico,8.8067529857293e-07
20,pct_femenino_fertil,6.887609462791152e-07
20,edad_mediana,6.887609462791152e-07
20,pct_urgencia,0.00014682530486807518
20,pct_programada,2.3758645540228038e-07
20,pct_obstetrica_ingreso,6.887609462791152e-07
20,pct_alta_domicilio,0.00417755224012903
20,pct_alta_fallecido,0.08815617290140453
20,pct_alta_traslado,0.08041186122965921
20,pct_origen_emergencia,0.0003171646513308754
20,pct_origen_referencia,0.006248570257876231
20,pct_uso_pabellon,7.810117046916053e-05
20,pabellones_promedio,7.058064943977349e-05
20,tasa_partos,1.2818631776687712e-06
20,tasa_prematurez,0.005789772476641794
20,cv_estancia,0.001567940152401896
20,pct_estancia_larga,3.8003558769301244e-05
21,egresos_por_anio,0.11563947854258701
21,estancia_media,0.02534089550237351
21,estancia_mediana,0.002963632328790413
21,peso_medio_grd,0.0002760801021033634
21,severidad_media,0.0029451556071125886
21,mortalidad_media,0.0011158819694313444
21,entropia_grd,0.054839455233289085
21,comorbilidades_promedio,0.0016903047037039644
21,tasa_cma,0.004833561910673331
21,peso_medio_cma,0.0029451556071125886
21,pct_pediatrico,4.728992079849104e-09
21,pct_geriatrico,7.740032355604936e-09
21,pct_femenino_fertil,2.05306190981121e-05
21,edad_mediana,2.6584060833099097e-08
21,pct_urgencia,4.6045154719423095e-05
21,pct_programada,5.5456684867037836e-05
21,pct_obstetrica_ingreso,0.0003849470575992367
21,pct_alta_domicilio,7.373243000101339e-06
21,pct_alta_fallecido,7.029271458652226e-07
21,pct_alta_traslado,0.0127503182073049
21,pct_origen_emergencia,0.02534089550237351
21,pct_origen_referencia,0.0021905166344048897
21,pct_uso_pabellon,0.00018108972344844912
21,pabellones_promedio,0.004011498761896423
21,tasa_partos,0.00032134605869824095
21,tasa_prematurez,0.381777690211902
21,cv_estancia,0.0007014849279084442
21,pct_estancia_larga,0.04666487502573864
22,egresos_por_anio,0.0064200530933523
22,estancia_media,0.0038735807698124748
22,estancia_mediana,0.000603137624906175
22,peso_medio_grd,0.0009599264734977029
22,severidad_media,0.0006729174833816669
22,mortalidad_media,1.683737453105456e-05
22,entropia_grd,0.21559053732942987
22,comorbilidades_promedio,1.8307575927461022e-05
22,tasa_cma,0.5964325793668508
22,peso_medio_cma,0.006629441112357734
22,pct_pediatrico,8.013514103945106e-09
22,pct_geriatrico,2.2594687639375003e-08
22,pct_femenino_fertil,0.00012752470821559834
22,edad_mediana,5.786316142367212e-09
22,pct_urgencia,0.6926946356494442
22,pct_programada,0.031969026456676514
22,pct_obstetrica_ingreso,0.00019291042689191163
22,pct_alta_domicilio,1.8307575927461022e-05
22,pct_alta_fallecido,0.00019401425340397513
22,pct_alta_traslado,0.0002563019252541671
22,pct_origen_emergencia,0.04571337444327731
22,pct_origen_referencia,0.0014028120837436481
22,pct_uso_pabellon,0.01907541812939635
22,pabellones_promedio,0.10583914849002578
22,tasa_partos,3.466648268925623e-05
22,tasa_prematurez,0.0006729174833816669
22,cv_estancia,3.599256313205757e-06
22,pct_estancia_larga,0.001920408042829081
23,egresos_por_anio,0.0032218593162280525
23,estancia_media,0.0050913027580119325
23,estancia_mediana,0.0011211993121987293
23,peso_medio_grd,8.968175092834156e-05
23,severidad_media,2.8899918484311765e-05
23,mortalidad_media,3.5470237460779906e-06
23,entropia_grd,0.0006690581414276338
23,comorbilidades_promedio,0.003361492605893656
23,tasa_cma,0.3689157005764462
23,peso_medio_cma,7.506184661579554e-05
23,pct_pediatrico,6.406633610539778e-08
23,pct_geriatrico,5.544997992473389e-07
23,pct_femenino_fertil,1.5967533272784828e-08
23,edad_mediana,2.003015274121749e-06
23,pct_urgencia,0.0035252177996719747
23,pct_programada,2.8899918484311765e-05
23,pct_obstetrica_ingreso,1.9974870692391168e-08
23,pct_alta_domicilio,0.0050913027580119325
23,pct_alta_fallecido,2.003015274121749e-06
23,pct_alta_traslado,0.0459165986166382
23,pct_origen_emergencia,8.968175092834156e-05
23,pct_origen_referencia,0.004088192751016381
23,pct_uso_pabellon,0.48556116178549463
23,pabellones_promedio,0.9236610763850728
23,tasa_partos,6.406633610539778e-08
23,tasa_prematurez,0.040272915913803504
23,cv_estancia,0.010186890660140292
23,pct_estancia_larga,0.00882241889614185
24,egresos_por_anio,0.051067755403886916
24,estancia_media,1.0492129170055925e-05
24,estancia_mediana,4.447918205362494e-06
24,peso_medio_grd,0.00017234866103490315
24,severidad_media,0.0007882276609863133
24,mortalidad_media,0.0007882276609863133
24,entropia_grd,0.22134911501150786
24,comorbilidades_promedio,0.05363385231688554
24,tasa_cma,0.12096200383204625
24,peso_medio_cma,0.0009851857925657773
24,pct_pediatrico,1.0053989361588004e-08
24,pct_geriatrico,1.60157061380369e-08
24,pct_femenino_fertil,4.447918205362494e-06
24,edad_mediana,1.0053989361588004e-08
24,pct_urgencia,0.001090180168719996
24,pct_programada,0.0003393915269178978
24,pct_obstetrica_ingreso,4.447918205362494e-06
24,pct_alta_domicilio,6.107105604251798e-05
24,pct_alta_fallecido,5.92361037765394e-06
24,pct_alta_traslado,7.037992560139707e-05
24,pct_origen_emergencia,0.009705985355629302
24,pct_origen_referencia,0.13091811699332767
24,pct_uso_pabellon,0.008038517984815549
24,pabellones_promedio,0.03146267623556954
24,tasa_partos,1.716738044006043e-05
24,tasa_prematurez,0.0013374167238190508
24,cv_estancia,0.025401769963751354
24,pct_estancia_larga,0.0007539926773290366
25,egresos_por_anio,0.11032693747133657
25,estancia_media,0.0030976482901944077
25,estancia_mediana,0.0003272906864103755
25,peso_medio_grd,9.638080135864276e-05
25,severidad_media,0.013868747877156813
25,mortalidad_media,0.0021520946739256213
25,entropia_grd,0.058235300516015776
25,comorbilidades_promedio,0.00378070864944717
25,tasa_cma,0.01639393169935913
25,peso_medio_cma,0.0008874706841224163
25,pct_pediatrico,1.605909055557289e-06
25,pct_geriatrico,1.605909055557289e-06
25,pct_femenino_fertil,3.723741756440017e-07
25,edad_mediana,3.723741756440017e-07
25,pct_urgencia,4.9485359650236226e-05
25,pct_programada,2.0654442910163803e-06
25,pct_obstetrica_ingreso,3.723741756440017e-07
25,pct_alta_domicilio,0.0004459380255353475
25,pct_alta_fallecido,0.003043911605715407
25,pct_alta_traslado,0.01847623246582478
25,pct_origen_emergencia,0.0001466449157865084
25,pct_origen_referencia,0.0643816097209563
25,pct_uso_pabellon,0.00014168317239051306
25,pabellones_promedio,0.00010892062252280346
25,tasa_partos,5.099371458101163e-07
25,tasa_prematurez,0.01847623246582478
25,cv_estancia,0.15138107467285938
25,pct_estancia_larga,0.009951105082274267
26,egresos_por_anio,0.6030531237640122
26,estancia_media,0.018304924569767372
26,estancia_mediana,0.0005411165431732268
26,peso_medio_grd,1.4365554394925055e-05
26,severidad_media,0.015729321715951886
26,mortalidad_media,0.0005411165431732268
26,entropia_grd,0.005077429624584611
26,comorbilidades_promedio,0.008569612900027938
26,tasa_cma,0.09317090393391338
26,peso_medio_cma,0.0005411165431732268
26,pct_pediatrico,1.0589800001566781e-08
26,pct_geriatrico,1.2252877022627892e-08
26,pct_femenino_fertil,7.637010716790543e-07
26,edad_mediana,1.0589800001566781e-08
26,pct_urgencia,0.25593050160817044
26,pct_programada,2.8414795463432204e-05
26,pct_obstetrica_ingreso,7.637010716790543e-07
26,pct_alta_domicilio,0.00012632819764488897
26,pct_alta_fallecido,3.202335761368263e-05
26,pct_alta_traslado,0.09317090393391338
26,pct_origen_emergencia,0.0007502572105671124
26,pct_origen_referencia,0.21753217292826432
26,pct_uso_pabellon,0.21753217292826432
26,pabellones_promedio,0.00343413603472937
26,tasa_partos,2.256551296317104e-06
26,tasa_prematurez,0.0772867443494925
26,cv_estancia,0.10456586448081086
26,pct_estancia_larga,0.1033258457681723
27,egresos_por_anio,0.02043538493348762
27,estancia_media,0.012846472985119732
27,estancia_mediana,0.008897182757625336
27,peso_medio_grd,0.0032117418052115387
27,severidad_media,0.03060967150417218
27,mortalidad_media,0.08470160734611816
27,entropia_grd,0.09860739612949272
27,comorbilidades_promedio,0.007523133707705026
27,tasa_cma,0.2484743186196024
27,peso_medio_cma,0.0008373397815811395
27,pct_pediatrico,8.529680705777871e-08
27,pct_geriatrico,2.0564276827552925e-07
27,pct_femenino_fertil,0.00468729345703543
27,edad_mediana,6.629152667017739e-08
27,pct_urgencia,6.604515555066912e-05
27,pct_programada,6.604515555066912e-05
27,pct_obstetrica_ingreso,0.009691289687890303
27,pct_alta_domicilio,6.604515555066912e-05
27,pct_alta_fallecido,0.001604845268341557
27,pct_alta_traslado,6.604515555066912e-05
27,pct_origen_emergencia,1.5866646400815852e-05
27,pct_origen_referencia,3.7695450942408233e-06
27,pct_uso_pabellon,3.813016044964616e-06
27,pabellones_promedio,0.000355620667058917
27,tasa_partos,0.023108960020200388
27,tasa_prematurez,0.01848763666511032
27,cv_estancia,0.044402627988706034
27,pct_estancia_larga,0.01557481659301591
28,egresos_por_anio,0.0467339357384096
28,estancia_media,0.2799918195589804
28,estancia_mediana,0.4143571568439751
28,peso_medio_grd,2.8160011258302428e-05
28,severidad_media,2.8160011258302428e-05
28,mortalidad_media,0.0006747955560469913
28,entropia_grd,0.18605603515309863
28,comorbilidades_promedio,0.14316342521041367
28,tasa_cma,0.008861117970033965
28,peso_medio_cma,0.0004963863754632529
28,pct_pediatrico,3.085818442924835e-08
28,pct_geriatrico,0.00010145252036649012
28,pct_femenino_fertil,3.085818442924835e-08
28,edad_mediana,5.749841264955198e-06
28,pct_urgencia,0.001995923227251059
28,pct_programada,0.0010101157185618936
28,pct_obstetrica_ingreso,4.345996301714177e-07
28,pct_alta_domicilio,0.027637478152357727
28,pct_alta_fallecido,0.007694353435483544
28,pct_alta_traslado,0.027637478152357727
28,pct_origen_emergencia,0.18605603515309863
28,pct_origen_referencia,0.2799918195589804
28,pct_uso_pabellon,0.0011466509727839518
28,pabellones_promedio,0.0015122791583924728
28,tasa_partos,2.8160011258302428e-05
28,tasa_prematurez,0.18605603515309863
28,cv_estancia,0.6711410358674199
28,pct_estancia_larga,0.2733064242652852
29,egresos_por_anio,0.06705642028500862
29,estancia_media,0.4293727615132269
29,estancia_mediana,0.009609745314127276
29,peso_medio_grd,0.00913529836938614
29,severidad_media,0.06535245050796992
29,mortalidad_media,0.02011393430275588
29,entropia_grd,0.224364241881961
29,comorbilidades_promedio,0.009316231576756073
29,tasa_cma,0.29325756102364386
29,peso_medio_cma,0.0007339877978852245
29,pct_pediatrico,2.828537051121629e-09
29,pct_geriatrico,3.977137613523326e-08
29,pct_femenino_fertil,0.00010016997888821777
29,edad_mediana,1.4809900519267165e-08
29,pct_urgencia,0.015874108006350893
29,pct_programada,1.4409690169679452e-05
29,pct_obstetrica_ingreso,0.0009250323935569533
29,pct_alta_domicilio,1.4409690169679452e-05
29,pct_alta_fallecido,1.4550131520273864e-06
29,pct_alta_traslado,0.002191194871249412
29,pct_origen_emergencia,0.0003692367559532969
29,pct_origen_referencia,0.002317858400831499
29,pct_uso_pabellon,0.000813743090244143
29,pabellones_promedio,0.00028905693788030737
29,tasa_partos,0.00449655809922806
29,tasa_prematurez,0.0342168647682926
29,cv_estancia,7.937645404310215e-06
29,pct_estancia_larga,0.47569762561104645
30,egresos_por_anio,0.779830999639242
30,estancia_media,0.020573290703646396
30,estancia_mediana,0.0031509230116208
30,peso_medio_grd,1.4286476243136567e-06
30,severidad_media,0.019244799012221564
30,mortalidad_media,0.0023457618137913664
30,entropia_grd,0.00033056806800534923
30,comorbilidades_promedio,0.05509275243831726
30,tasa_cma,0.02363023612582864
30,peso_medio_cma,3.328383347002308e-05
30,pct_pediatrico,2.270180668999354e-07
30,pct_geriatrico,6.066793255493188e-08
30,pct_femenino_fertil,1.786036100175991e-06
30,edad_mediana,6.066793255493188e-08
30,pct_urgencia,0.001337345235515626
30,pct_programada,2.3176193393139854e-07
30,pct_obstetrica_ingreso,1.405176656326505e-06
30,pct_alta_domicilio,0.00042325222831324943
30,pct_alta_fallecido,1.3673134295989545e-06
30,pct_alta_traslado,0.020106719284151038
30,pct_origen_emergencia,9.493212090800245e-06
30,pct_origen_referencia,0.0005184947088916165
30,pct_uso_pabellon,0.041068663344089595
30,pabellones_promedio,0.020106719284151038
30,tasa_partos,4.36182014381139e-06
30,tasa_prematurez,0.014775430451298525
30,cv_estancia,0.15097940362914966
30,pct_estancia_larga,0.14043517895932162
31,egresos_por_anio,0.08058610975492436
31,estancia_media,0.016263022476284663
31,estancia_mediana,0.0007729469607007375
31,peso_medio_grd,2.7025874618284566e-06
31,severidad_media,7.1285960241152005e-06
31,mortalidad_media,5.312896089815533e-06
31,entropia_grd,0.005518224576251775
31,comorbilidades_promedio,7.413752750315778e-05
31,tasa_cma,0.13513910189664938
31,peso_medio_cma,0.15512957498837368
31,pct_pediatrico,2.832592628069925e-07
31,pct_geriatrico,2.832592628069925e-07
31,pct_femenino_fertil,4.2492346242978625e-07
31,edad_mediana,2.687776734752636e-07
31,pct_urgencia,0.08551954664232747
31,pct_programada,8.632593599240066e-05
31,pct_obstetrica_ingreso,2.832592628069925e-07
31,pct_alta_domicilio,0.09398076311788639
31,pct_alta_fallecido,0.0042228101919650615
31,pct_alta_traslado,0.2837022508976971
31,pct_origen_emergencia,3.3458689804904546e-05
31,pct_origen_referencia,0.013892998992360168
31,pct_uso_pabellon,0.07671189877455352
31,pabellones_promedio,0.011719155936983226
31,tasa_partos,4.960537236278671e-07
31,tasa_prematurez,0.052127057999380985
31,cv_estancia,0.34806142367717546
31,pct_estancia_larga,0.02666552015829163
32,egresos_por_anio,0.02621372229080339
32,estancia_media,9.033993184036684e-05
32,estancia_mediana,1.608451140477523e-05
32,peso_medio_grd,2.3391593039475082e-05
32,severidad_media,0.0007649315282960657
32,mortalidad_media,0.00015484314546639644
32,entropia_grd,2.5316329481483725e-05
32,comorbilidades_promedio,0.011561023719843199
32,tasa_cma,0.03336449551487122
32,peso_medio_cma,0.02621372229080339
32,pct_pediatrico,1.1150596920326157e-07
32,pct_geriatrico,2.2107988250506478e-08
32,pct_femenino_fertil,2.2107988250506478e-08
32,edad_mediana,2.9633910496526952e-08
32,pct_urgencia,0.002669869287733976
32,pct_programada,0.00011301328044565948
32,pct_obstetrica_ingreso,2.2107988250506478e-08
32,pct_alta_domicilio,2.1415809093730335e-05
32,pct_alta_fallecido,3.0553559499805492e-06
32,pct_alta_traslado,0.0003288603583332416
32,pct_origen_emergencia,0.0006225262605334822
32,pct_origen_referencia,0.000539139538808298
32,pct_uso_pabellon,9.648066106466248e-05
32,pabellones_promedio,0.0002702563352771975
32,tasa_partos,6.986455638059615e-08
32,tasa_prematurez,0.07523493335241631
32,cv_estancia,0.002669869287733976
32,pct_estancia_larga,0.00019276061088129451
33,egresos_por_anio,0.21069899830972413
33,estancia_media,0.00542833042641334
33,estancia_mediana,0.002755487677342154
33,peso_medio_grd,2.095670743969204e-07
33,severidad_media,0.00048337078602725327
33,mortalidad_media,0.00019800800683992598
33,entropia_grd,0.09381088081221821
33,comorbilidades_promedio,0.25464096235081257
33,tasa_cma,0.0476070546750676
33,peso_medio_cma,0.00048337078602725327
33,pct_pediatrico,5.469473368965489e-09
33,pct_geriatrico,2.4773380555134007e-06
33,pct_femenino_fertil,2.095670743969204e-07
33,edad_mediana,2.095670743969204e-07
33,pct_urgencia,0.0018244427158761224
33,pct_programada,2.8929609919802506e-06
33,pct_obstetrica_ingreso,3.7225918051918336e-07
33,pct_alta_domicilio,0.007395849094636764
33,pct_alta_fallecido,0.00048337078602725327
33,pct_alta_traslado,0.03462120068944371
33,pct_origen_emergencia,0.0016334010695640965
33,pct_origen_referencia,0.1505527660729199
33,pct_uso_pabellon,4.8949838728558063e-05
33,pabellones_promedio,1.6792215956328515e-05
33,tasa_partos,6.050460157215562e-06
33,tasa_prematurez,0.16087007802069878
33,cv_estancia,0.07402132000688785
33,pct_estancia_larga,0.00900092014666546
34,egresos_por_anio,0.046002838951307114
34,estancia_media,0.000709020320455234
34,estancia_mediana,1.7935167559073496e-05
34,peso_medio_grd,0.0125903845566893
34,severidad_media,0.0012307230349115205
34,mortalidad_media,0.00016596773860065616
34,entropia_grd,0.17879658079358246
34,comorbilidades_promedio,0.0001495995659388864
34,tasa_cma,0.09415157267216624
34,peso_medio_cma,0.06058768005588427
34,pct_pediatrico,5.9377600027948536e-08
34,pct_geriatrico,5.305649273926558e-09
34,pct_femenino_fertil,3.129824209175932e-06
34,edad_mediana,5.305649273926558e-09
34,pct_urgencia,0.011224131620196804
34,pct_programada,0.00014863726369913338
34,pct_obstetrica_ingreso,3.129824209175932e-06
34,pct_alta_domicilio,9.12000190278207e-06
34,pct_alta_fallecido,1.3158465199003842e-07
34,pct_alta_traslado,0.15671680056636147
34,pct_origen_emergencia,0.0006658223267657681
34,pct_origen_referencia,0.0676146792246699
34,pct_uso_pabellon,0.03840176972023832
34,pabellones_promedio,0.4877287222150588
34,tasa_partos,4.497306509908911e-05
34,tasa_prematurez,0.004304781796950168
34,cv_estancia,0.21691921457467736
34,pct_estancia_larga,0.009670342537813246
35,egresos_por_anio,0.5893148912183102
35,estancia_media,0.0027165785947550355
35,estancia_mediana,0.005084189260000786
35,peso_medio_grd,2.2137012670227574e-07
35,severidad_media,0.0015472096919383765
35,mortalidad_media,0.008912331213366655
35,entropia_grd,0.028021825047507734
35,comorbilidades_promedio,0.057433341239429836
35,tasa_cma,0.4606981225870636
35,peso_medio_cma,0.00011369385620738171
35,pct_pediatrico,8.700314150335491e-08
35,pct_geriatrico,4.946751174905899e-07
35,pct_femenino_fertil,3.639037642889551e-06
35,edad_mediana,8.700314150335491e-08
35,pct_urgencia,0.0053491407131326515
35,pct_programada,3.206361997367403e-06
35,pct_obstetrica_ingreso,2.944970277839353e-06
35,pct_alta_domicilio,0.011670973117860962
35,pct_alta_fallecido,0.00011369385620738171
35,pct_alta_traslado,0.4414082686725017
35,pct_origen_emergencia,0.024180307505835934
35,pct_origen_referencia,0.16742137032131962
35,pct_uso_pabellon,0.03434259800384905
35,pabellones_promedio,0.001827082900179538
35,tasa_partos,6.156008257750622e-05
35,tasa_prematurez,0.027942201649643096
35,cv_estancia,0.22167441768979404
35,pct_estancia_larga,0.001095726153164504
36,egresos_por_anio,0.03553535341355026
36,estancia_media,6.780163074509229e-05
36,estancia_mediana,0.0001478218954772525
36,peso_medio_grd,0.00010239071911458942
36,severidad_media,0.009925243678415461
36,mortalidad_media,0.0004570176214497384
36,entropia_grd,0.0012418280765419019
36,comorbilidades_promedio,0.0016486010098725255
36,tasa_cma,0.03553535341355026
36,peso_medio_cma,0.004245052446236617
36,pct_pediatrico,9.150997951204353e-07
36,pct_geriatrico,1.218435112470733e-06
36,pct_femenino_fertil,0.001121622441586628
36,edad_mediana,9.150997951204353e-07
36,pct_urgencia,0.024523433005680415
36,pct_programada,0.001121622441586628
36,pct_obstetrica_ingreso,0.0004190446909780158
36,pct_alta_domicilio,4.668946890319002e-06
36,pct_alta_fallecido,1.8216405392569378e-06
36,pct_alta_traslado,0.1318180358940681
36,pct_origen_emergencia,0.003462451145234799
36,pct_origen_referencia,0.02698370112836455
36,pct_uso_pabellon,0.1478536231990891
36,pabellones_promedio,0.08318997114882003
36,tasa_partos,0.002013615204692171
36,tasa_prematurez,0.0012209660047804113
36,cv_estancia,0.007485000167015493
36,pct_estancia_larga,0.0012209660047804113
37,egresos_por_anio,0.28897579538452584
37,estancia_media,0.05642444784732137
37,estancia_mediana,0.024731654419781094
37,peso_medio_grd,3.586591421455338e-05
37,severidad_media,0.0006517510330422706
37,mortalidad_media,0.0015350333577581652
37,entropia_grd,0.00013637360494254803
37,comorbilidades_promedio,0.0016328980438129693
37,tasa_cma,0.014356920664373905
37,peso_medio_cma,0.005553111634456829
37,pct_pediatrico,6.297728679687298e-09
37,pct_geriatrico,6.297728679687298e-09
37,pct_femenino_fertil,3.586591421455338e-05
37,edad_mediana,6.297728679687298e-09
37,pct_urgencia,0.0027860037053942907
37,pct_programada,0.0006517510330422706
37,pct_obstetrica_ingreso,8.14704828539585e-05
37,pct_alta_domicilio,0.00013637360494254803
37,pct_alta_fallecido,0.005553111634456829
37,pct_alta_traslado,0.011983181187639013
37,pct_origen_emergencia,0.0014441583789205148
37,pct_origen_referencia,0.021250877383484548
37,pct_uso_pabellon,0.004169568305314015
37,pabellones_promedio,0.0004206244316280074
37,tasa_partos,0.00018382399192181653
37,tasa_prematurez,0.0012395206320544075
37,cv_estancia,0.007602877747783608
37,pct_estancia_larga,0.0826818985063898
38,egresos_por_anio,0.03205995812201482
38,estancia_media,0.4230170193377388
38,estancia_mediana,0.0009800877640313787
38,peso_medio_grd,0.002269734857079945
38,severidad_media,0.5359082724768583
38,mortalidad_media,0.02543545696956256
38,entropia_grd,0.06446551867013772
38,comorbilidades_promedio,0.019160754198884123
38,tasa_cma,0.0002794212706935031
38,peso_medio_cma,0.060542838766784006
38,pct_pediatrico,4.778398497146081e-07
38,pct_geriatrico,3.108994439632112e-06
38,pct_femenino_fertil,0.00018474789412636374
38,edad_mediana,7.593705399185405e-06
38,pct_urgencia,7.593705399185405e-06
38,pct_programada,2.1993661664235935e-05
38,pct_obstetrica_ingreso,0.012683534777853174
38,pct_alta_domicilio,0.00010818958658206727
38,pct_alta_fallecido,7.952056012255343e-05
38,pct_alta_traslado,0.031615992638736
38,pct_origen_emergencia,0.0006624569073427844
38,pct_origen_referencia,0.041921634180791326
38,pct_uso_pabellon,1.0525646897860786e-05
38,pabellones_promedio,2.442588737114438e-05
38,tasa_partos,0.01851532585650201
38,tasa_prematurez,0.6356322635520251
38,cv_estancia,0.00017117874270696244
38,pct_estancia_larga,0.6262061460248117
39,egresos_por_anio,0.0899305487903855
39,estancia_media,5.5109389115207134e-05
39,estancia_mediana,0.00019124481472573978
39,peso_medio_grd,6.148568030899447e-05
39,severidad_media,0.0006733360790480715
39,mortalidad_media,0.003422857556377563
39,entropia_grd,0.02976428819584169
39,comorbilidades_promedio,0.0031764289201164485
39,tasa_cma,0.0031826877743740805
39,peso_medio_cma,0.003422857556377563
39,pct_pediatrico,2.2063199470780013e-09
39,pct_geriatrico,9.15243127928972e-09
39,pct_femenino_fertil,4.4472502613351536e-07
39,edad_mediana,3.09966461748127e-09
39,pct_urgencia,0.7360566925078109
39,pct_programada,0.003422857556377563
39,pct_obstetrica_ingreso,1.2762327541223607e-06
39,pct_alta_domicilio,6.148568030899447e-05
39,pct_alta_fallecido,1.334091554708918e-05
39,pct_alta_traslado,0.08197441599005659
39,pct_origen_emergencia,0.006944581835965128
39,pct_origen_referencia,0.0037486556823191726
39,pct_uso_pabellon,0.25678340688774054
39,pabellones_promedio,0.30915040839374086
39,tasa_partos,2.371147002226048e-06
39,tasa_prematurez,0.005283768966974488
39,cv_estancia,0.08197441599005659
39,pct_estancia_larga,0.0011794118654016774
40,egresos_por_anio,0.1822785456624394
40,estancia_media,0.000871735118968354
40,estancia_mediana,0.0076831017068040635
40,peso_medio_grd,7.736167118484751e-07
40,severidad_media,0.007404858682818442
40,mortalidad_media,0.0371922694392638
40,entropia_grd,0.006413330017644472
40,comorbilidades_promedio,0.3443970132981402
40,tasa_cma,0.6901553636112399
40,peso_medio_cma,0.01021044110086042
40,pct_pediatrico,6.403691396331552e-08
40,pct_geriatrico,2.2420600061708564e-06
40,pct_femenino_fertil,0.00022331293883531857
40,edad_mediana,3.484208992214835e-08
40,pct_urgencia,0.005466160994090852
40,pct_programada,8.949512017096232e-07
40,pct_obstetrica_ingreso,0.0007299128351644372
40,pct_alta_domicilio,0.2589696685939201
40,pct_alta_fallecido,0.0004065083190601759
40,pct_alta_traslado,0.823291613927121
40,pct_origen_emergencia,0.00019453499444375036
40,pct_origen_referencia,0.004314944352574132
40,pct_uso_pabellon,3.979427404368833e-05
40,pabellones_promedio,0.0011139721258718422
40,tasa_partos,0.0011139721258718422
40,tasa_prematurez,0.2106120381315848
40,cv_estancia,0.9333548424205413
40,pct_estancia_larga,0.0015350359529227096
41,egresos_por_anio,0.3397157007272719
41,estancia_media,0.003005463316298907
41,estancia_mediana,0.035125544349717104
41,peso_medio_grd,1.2898078004226445e-05
41,severidad_media,0.008727906967161709
41,mortalidad_media,0.0009210295688763497
41,entropia_grd,0.1032028931003943
41,comorbilidades_promedio,0.006824720084674679
41,tasa_cma,0.21574501029374285
41,peso_medio_cma,0.0009210295688763497
41,pct_pediatrico,1.2475609522541623e-08
41,pct_geriatrico,1.2475609522541623e-08
41,pct_femenino_fertil,1.9775748358587315e-06
41,edad_mediana,1.2475609522541623e-08
41,pct_urgencia,0.4974037707690656
41,pct_programada,0.0003643842308361699
41,pct_obstetrica_ingreso,1.2898078004226445e-05
41,pct_alta_domicilio,0.0004735968377720497
41,pct_alta_fallecido,2.8515771272088053e-05
41,pct_alta_traslado,0.062373494019400316
41,pct_origen_emergencia,0.04720440877452143
41,pct_origen_referencia,0.04575937701796558
41,pct_uso_pabellon,0.28684383936659097
41,pabellones_promedio,0.36498682499136953
41,tasa_partos,2.911856384085817e-05
41,tasa_prematurez,0.025023816376837357
41,cv_estancia,0.0002861329349604297
41,pct_estancia_larga,0.0009210295688763497
42,egresos_por_anio,0.6738452415446021
42,estancia_media,0.0030531105732833283
42,estancia_mediana,0.03167753600504026
42,peso_medio_grd,2.077487403386102e-05
42,severidad_media,0.0007060739274863184
42,mortalidad_media,2.077487403386102e-05
42,entropia_grd,0.10940403904034422
42,comorbilidades_promedio,0.0009575061265387975
42,tasa_cma,0.0008009568903809935
42,peso_medio_cma,0.006620967148351265
42,pct_pediatrico,2.2058767588729378e-08
42,pct_geriatrico,1.2534734397032267e-06
42,pct_femenino_fertil,0.00045651717666958665
42,edad_mediana,3.0819348748309515e-08
42,pct_urgencia,0.0030531105732833283
42,pct_programada,6.388138651033526e-06
42,pct_obstetrica_ingreso,0.0014875603653045858
42,pct_alta_domicilio,0.0030531105732833283
42,pct_alta_fallecido,3.4372434610929855e-05
42,pct_alta_traslado,0.09216772669815154
42,pct_origen_emergencia,2.077487403386102e-05
42,pct_origen_referencia,0.00045651717666958665
42,pct_uso_pabellon,0.00045651717666958665
42,pabellones_promedio,0.006620967148351265
42,tasa_partos,0.0005951457452040553
42,tasa_prematurez,0.09216772669815154
42,cv_estancia,0.3845009345787632
42,pct_estancia_larga,0.0005214225214161339
43,egresos_por_anio,0.47765321205070344
43,estancia_media,0.0004071388535851498
43,estancia_mediana,0.0003430788148024622
43,peso_medio_grd,9.867583256523987e-05
43,severidad_media,0.004608523537199377
43,mortalidad_media,0.04182572127581006
43,entropia_grd,0.47765321205070344
43,comorbilidades_promedio,0.027280087432350556
43,tasa_cma,0.09941458952849537
43,peso_medio_cma,0.003973694060249645
43,pct_pediatrico,6.438907054903447e-09
43,pct_geriatrico,9.364516307401535e-07
43,pct_femenino_fertil,1.370479588169176e-07
43,edad_mediana,8.720869989543988e-08
43,pct_urgencia,0.05809248487301537
43,pct_programada,0.00010729953551734548
43,pct_obstetrica_ingreso,3.0892086494486605e-07
43,pct_alta_domicilio,0.006070285439672827
43,pct_alta_fallecido,9.867583256523987e-05
43,pct_alta_traslado,0.18908083978349152
43,pct_origen_emergencia,0.0003430788148024622
43,pct_origen_referencia,0.008611703412436932
43,pct_uso_pabellon,0.005839955578120201
43,pabellones_promedio,0.07211050452467403
43,tasa_partos,8.557724705564052e-06
43,tasa_prematurez,0.10246587420351089
43,cv_estancia,0.01941304395269254
43,pct_estancia_larga,0.006070285439672827
44,egresos_por_anio,2.1083952817976602e-05
44,estancia_media,7.30566432482086e-05
44,estancia_mediana,3.6620719211299225e-05
44,peso_medio_grd,0.19631144981877097
44,severidad_media,4.3387508534931216e-05
44,mortalidad_media,0.00013975774963384551
44,entropia_grd,0.10001313307941434
44,comorbilidades_promedio,0.008427348820925004
44,tasa_cma,0.07094324350407122
44,peso_medio_cma,0.002320032865248577
44,pct_pediatrico,7.983033046791695e-09
44,pct_geriatrico,1.765843507467472e-06
44,pct_femenino_fertil,1.6056257434749333e-05
44,edad_mediana,9.591350610367518e-07
44,pct_urgencia,0.004372913651759911
44,pct_programada,0.03669644060767501
44,pct_obstetrica_ingreso,0.00013975774963384551
44,pct_alta_domicilio,0.006679502723546955
44,pct_alta_fallecido,6.992848695805897e-05
44,pct_alta_traslado,0.00021804856290530514
44,pct_origen_emergencia,0.0011270596856414188
44,pct_origen_referencia,7.30566432482086e-05
44,pct_uso_pabellon,0.0025916054963276113
44,pabellones_promedio,0.16574014343261761
44,tasa_partos,7.30566432482086e-05
44,tasa_prematurez,0.0002094937157627099
44,cv_estancia,0.3315580654513927
44,pct_estancia_larga,0.0006410271528684627
45,egresos_por_anio,0.49571901444117517
45,estancia_media,0.0002046704219851162
45,estancia_mediana,0.00020884017491146906
45,peso_medio_grd,0.0009575998479238722
45,severidad_media,0.00032718451962518365
45,mortalidad_media,0.00020449517404158186
45,entropia_grd,0.049042221385199376
45,comorbilidades_promedio,0.0019070024544295798
45,tasa_cma,0.16579450030149795
45,peso_medio_cma,0.0001694899180414646
45,pct_pediatrico,8.028718558054766e-10
45,pct_geriatrico,4.3324662925452184e-10
45,pct_femenino_fertil,0.0008588322637984675
45,edad_mediana,8.028718558054766e-10
45,pct_urgencia,0.17648848794424538
45,pct_programada,0.008118542834959204
45,pct_obstetrica_ingreso,0.0063694729605134805
45,pct_alta_domicilio,6.890704587045842e-07
45,pct_alta_fallecido,1.0683229456499172e-07
45,pct_alta_traslado,0.0001516226832271892
45,pct_origen_emergencia,0.6925140726579588
45,pct_origen_referencia,0.02174796707119899
45,pct_uso_pabellon,0.409524489376618
45,pabellones_promedio,0.03204526377513456
45,tasa_partos,0.013836761686371215
45,tasa_prematurez,0.8126132505142455
45,cv_estancia,0.1512699704059549
45,pct_estancia_larga,0.001998356322687937
46,egresos_por_anio,0.3627613271805569
46,estancia_media,0.0006326741535920845
46,estancia_mediana,0.004635534666237365
46,peso_medio_grd,1.3349382990196878e-06
46,severidad_media,0.005348067600736847
46,mortalidad_media,0.0005379259313218412
46,entropia_grd,0.13403766454980046
46,comorbilidades_promedio,7.211082402020233e-06
46,tasa_cma,0.004635534666237365
46,peso_medio_cma,0.002498823918227209
46,pct_pediatrico,6.843550610150818e-08
46,pct_geriatrico,4.231461084011233e-07
46,pct_femenino_fertil,0.00017022316337798063
46,edad_mediana,3.6083403834843335e-08
46,pct_urgencia,0.0030446852315938137
46,pct_programada,6.843550610150818e-08
46,pct_obstetrica_ingreso,0.00022800431677811445
46,pct_alta_domicilio,0.0015235918371769535
46,pct_alta_fallecido,0.0006326741535920845
46,pct_alta_traslado,0.07066506829103403
46,pct_origen_emergencia,0.0020715563163067525
46,pct_origen_referencia,0.007520328946080277
46,pct_uso_pabellon,0.0005044735078075959
46,pabellones_promedio,0.004635534666237365
46,tasa_partos,0.004635534666237365
46,tasa_prematurez,0.15410495606019833
46,cv_estancia,0.11729246053733258
46,pct_estancia_larga,0.0006326741535920845
47,egresos_por_anio,0.009685767730147793
47,estancia_media,0.21680241269903516
47,estancia_mediana,0.052371345291929126
47,peso_medio_grd,0.002350552700499607
47,severidad_media,0.009685767730147793
47,mortalidad_media,0.01398977844771199
47,entropia_grd,0.3366320383809993
47,comorbilidades_promedio,0.04666816293339734
47,tasa_cma,0.8897299199788876
47,peso_medio_cma,0.005879664052607162
47,pct_pediatrico,2.347680896122452e-08
47,pct_geriatrico,1.7671148844128912e-08
47,pct_femenino_fertil,2.9608289863125193e-05
47,edad_mediana,4.993331006433926e-09
47,pct_urgencia,0.8459388622793442
47,pct_programada,0.003583288569875602
47,pct_obstetrica_ingreso,1.928968785089753e-05
47,pct_alta_domicilio,0.003583288569875602
47,pct_alta_fallecido,2.9608289863125193e-05
47,pct_alta_traslado,0.024797495288786272
47,pct_origen_emergencia,0.010983667315809008
47,pct_origen_referencia,0.016112237756111942
47,pct_uso_pabellon,0.8897299199788876
47,pabellones_promedio,0.8897299199788876
47,tasa_partos,2.9608289863125193e-05
47,tasa_prematurez,0.002454443546804966
47,cv_estancia,0.016685119513045445
47,pct_estancia_larga,0.3365128682519562
48,egresos_por_anio,0.08319694371011799
48,estancia_media,0.0004905291685404384
48,estancia_mediana,0.0003524265087434269
48,peso_medio_grd,7.401155730986977e-05
48,severidad_media,0.0035248517763758896
48,mortalidad_media,0.002897462009120153
48,entropia_grd,0.020519707780428692
48,comorbilidades_promedio,0.00010861724035331437
48,tasa_cma,0.10934538495455258
48,peso_medio_cma,0.003921297999072132
48,pct_pediatrico,1.2367305369387239e-08
48,pct_geriatrico,1.2367305369387239e-08
48,pct_femenino_fertil,3.635291164157603e-05
48,edad_mediana,1.2367305369387239e-08
48,pct_urgencia,0.2089939368673122
48,pct_programada,8.748774859248673e-05
48,pct_obstetrica_ingreso,4.00258271300101e-05
48,pct_alta_domicilio,3.194472089502683e-06
48,pct_alta_fallecido,2.395708299876108e-06
48,pct_alta_traslado,0.003921297999072132
48,pct_origen_emergencia,0.00444274796902178
48,pct_origen_referencia,0.050350706981144515
48,pct_uso_pabellon,0.1717986512801334
48,pabellones_promedio,0.05351090194213275
48,tasa_partos,4.879155555665525e-05
48,tasa_prematurez,0.003921297999072132
48,cv_estancia,0.009940291735529948
48,pct_estancia_larga,0.0010995198110783553
49,egresos_por_anio,0.047154260455628226
49,estancia_media,0.004317020792436777
49,estancia_mediana,0.0012099757532596125
49,peso_medio_grd,0.009485065585537522
49,severidad_media,0.2094536564036828
49,mortalidad_media,0.3024813972894157
49,entropia_grd,0.012780109400044915
49,comorbilidades_promedio,0.0010002847603411771
49,tasa_cma,0.15133846722182107
49,peso_medio_cma,0.0030017128995868426
49,pct_pediatrico,8.175968435158757e-09
49,pct_geriatrico,2.0232166270236308e-08
49,pct_femenino_fertil,0.03108470402424518
49,edad_mediana,6.461642169734918e-09
49,pct_urgencia,0.0010017866164499115
49,pct_programada,0.00012659364715099237
49,pct_obstetrica_ingreso,0.04639519956548068
49,pct_alta_domicilio,0.003100419589528484
49,pct_alta_fallecido,0.00026322916505600963
49,pct_alta_traslado,0.021646823605823026
49,pct_origen_emergencia,0.00021743741098227898
49,pct_origen_referencia,0.007244934842322837
49,pct_uso_pabellon,0.03047787958308019
49,pabellones_promedio,0.3024813972894157
49,tasa_partos,0.03690975582391279
49,tasa_prematurez,0.3024813972894157
49,cv_estancia,0.2541412559536642
49,pct_estancia_larga,0.01692987900543489
50,egresos_por_anio,0.4080953738404136
50,estancia_media,0.023887168289079917
50,estancia_mediana,0.004447138246116677
50,peso_medio_grd,0.006791963832711252
50,severidad_media,0.04665842217679053
50,mortalidad_media,0.002675956031920422
50,entropia_grd,0.0025205106144246363
50,comorbilidades_promedio,0.13915919745774455
50,tasa_cma,0.0970320823539795
50,peso_medio_cma,0.00013240454649273906
50,pct_pediatrico,4.1044515121187623e-10
50,pct_geriatrico,1.676119704563372e-07
50,pct_femenino_fertil,0.000116071551494666
50,edad_mediana,2.5992969088533343e-08
50,pct_urgencia,0.36591887741707996
50,pct_programada,0.0012789587190859357
50,pct_obstetrica_ingreso,0.000535715237310039
50,pct_alta_domicilio,0.00013240454649273906
50,pct_alta_fallecido,1.4505620571881078e-06
50,pct_alta_traslado,0.01565088746422856
50,pct_origen_emergencia,0.04076470881389588
50,pct_origen_referencia,0.00122487133592092
50,pct_uso_pabellon,0.3070720863772274
50,pabellones_promedio,0.8123390094690699
50,tasa_partos,0.008683657520177208
50,tasa_prematurez,0.7667602900161516
50,cv_estancia,0.024764509854370308
50,pct_estancia_larga,0.07453816262908525
51,egresos_por_anio,0.4284456541240923
51,estancia_media,0.14473598666141574
51,estancia_mediana,0.054452612851239035
51,peso_medio_grd,3.42822450006387e-06
51,severidad_media,0.026347701605207715
51,mortalidad_media,0.04674621228769308
51,entropia_grd,0.001911582931439032
51,comorbilidades_promedio,0.2497145609186633
51,tasa_cma,0.008372998261611602
51,peso_medio_cma,0.015826731366579954
51,pct_pediatrico,4.591268241489037e-08
51,pct_geriatrico,1.1081192618131751e-05
51,pct_femenino_fertil,8.913232562439425e-06
51,edad_mediana,1.8771693787421973e-06
51,pct_urgencia,1.8771693787421973e-06
51,pct_programada,1.0470500080431278e-06
51,pct_obstetrica_ingreso,0.0003947658727791945
51,pct_alta_domicilio,2.470818837260183e-05
51,pct_alta_fallecido,5.885565110247812e-07
51,pct_alta_traslado,0.00017968899630414588
51,pct_origen_emergencia,0.0013732915391593296
51,pct_origen_referencia,0.4284456541240923
51,pct_uso_pabellon,2.9960280274851964e-07
51,pabellones_promedio,3.03854773173643e-07
51,tasa_partos,0.0013732915391593296
51,tasa_prematurez,0.08060615702271483
51,cv_estancia,0.01709793217830698
51,pct_estancia_larga,0.08759514326732804
52,egresos_por_anio,0.1319805519193125
52,estancia_media,0.0002734965841475653
52,estancia_mediana,3.553022780981812e-05
52,peso_medio_grd,0.0003590903712158135
52,severidad_media,0.0002471996210824031
52,mortalidad_media,0.0001287772279760869
52,entropia_grd,0.004321289176202657
52,comorbilidades_promedio,0.004642325499605972
52,tasa_cma,0.04051383999416396
52,peso_medio_cma,0.009286296694564869
52,pct_pediatrico,1.2733409977124249e-07
52,pct_geriatrico,1.72647812574236e-08
52,pct_femenino_fertil,3.553022780981812e-05
52,edad_mediana,1.3115121283249716e-08
52,pct_urgencia,1.668395190177784e-05
52,pct_programada,3.553022780981812e-05
52,pct_obstetrica_ingreso,0.00018029541284109415
52,pct_alta_domicilio,0.000950763995520189
52,pct_alta_fallecido,2.4448443299311383e-06
52,pct_alta_traslado,0.06707868564053142
52,pct_origen_emergencia,0.0001375023988046926
52,pct_origen_referencia,0.0009370965640254573
52,pct_uso_pabellon,8.22007177345465e-05
52,pabellones_promedio,0.0018494537674727028
52,tasa_partos,3.291654508483372e-05
52,tasa_prematurez,0.07429053558474473
52,cv_estancia,0.0007891969900912126
52,pct_estancia_larga,0.0009801545201912048
53,egresos_por_anio,0.7807175648229976
53,estancia_media,1.43368333672337e-06
53,estancia_mediana,1.5949047731633386e-05
53,peso_medio_grd,7.432919696549414e-07
53,severidad_media,4.430972642397644e-06
53,mortalidad_media,1.6913020687576827e-05
53,entropia_grd,0.48294941676670416
53,comorbilidades_promedio,7.432919696549414e-07
53,tasa_cma,0.024628751850807675
53,peso_medio_cma,0.0012673608770254973
53,pct_pediatrico,5.878435588600832e-09
53,pct_geriatrico,2.1474343561313353e-07
53,pct_femenino_fertil,3.6023747970048937e-06
53,edad_mediana,5.878435588600832e-09
53,pct_urgencia,0.005932309562275621
53,pct_programada,0.007033221769347747
53,pct_obstetrica_ingreso,5.949364228221805e-05
53,pct_alta_domicilio,0.007033221769347747
53,pct_alta_fallecido,1.3480269463294583e-06
53,pct_alta_traslado,0.08916563361846974
53,pct_origen_emergencia,0.013179245646908228
53,pct_origen_referencia,0.09026976557911179
53,pct_uso_pabellon,0.014589822913236778
53,pabellones_promedio,0.007704573917762756
53,tasa_partos,0.0002538546752795521
53,tasa_prematurez,0.3614118149424555
53,cv_estancia,0.2419298257583264
53,pct_estancia_larga,2.8154398411660944e-06
54,egresos_por_anio,0.7326076771157317
54,estancia_media,0.011245095199163531
54,estancia_mediana,0.0006704438386456475
54,peso_medio_grd,9.574800164811428e-05
54,severidad_media,0.00016130298376674257
54,mortalidad_media,0.0001385060435104064
54,entropia_grd,0.0010106311399348544
54,comorbilidades_promedio,0.07195983263840128
54,tasa_cma,0.06519225764365824
54,peso_medio_cma,0.01810466785257059
54,pct_pediatrico,5.97363096381561e-08
54,pct_geriatrico,1.2381056652207442e-06
54,pct_femenino_fertil,2.413004062265105e-07
54,edad_mediana,3.021472479666464e-07
54,pct_urgencia,9.574800164811428e-05
54,pct_programada,0.0016886818886250059
54,pct_obstetrica_ingreso,3.021472479666464e-07
54,pct_alta_domicilio,0.015044849276723891
54,pct_alta_fallecido,3.047777430374871e-05
54,pct_alta_traslado,0.7326076771157317
54,pct_origen_emergencia,0.02066196757000813
54,pct_origen_referencia,0.3444655797153368
54,pct_uso_pabellon,2.6304812289500942e-05
54,pabellones_promedio,0.00011652718900024874
54,tasa_partos,2.5971859055081756e-06
54,tasa_prematurez,0.07886206294668464
54,cv_estancia,0.002938349982133423
54,pct_estancia_larga,0.05213532237379567
55,egresos_por_anio,0.04322324756413332
55,estancia_media,0.004376695987635499
55,estancia_mediana,0.000293953366630262
55,peso_medio_grd,0.02189844635071994
55,severidad_media,0.004059997596899793
55,mortalidad_media,0.001368121017001367
55,entropia_grd,0.002477804006619131
55,comorbilidades_promedio,0.00018330314547234525
55,tasa_cma,0.15779683452692508
55,peso_medio_cma,0.0009092351169452494
55,pct_pediatrico,8.694800191233943e-06
55,pct_geriatrico,1.2650364136639961e-08
55,pct_femenino_fertil,0.003517266404054637
55,edad_mediana,1.5484129501899622e-08
55,pct_urgencia,0.0001747046361164599
55,pct_programada,0.0004568382239198872
55,pct_obstetrica_ingreso,0.000397636220127703
55,pct_alta_domicilio,6.149557669747173e-05
55,pct_alta_fallecido,0.000149125239942446
55,pct_alta_traslado,0.0009092351169452494
55,pct_origen_emergencia,6.149557669747173e-05
55,pct_origen_referencia,0.000954775951528187
55,pct_uso_pabellon,0.0016302204886748566
55,pabellones_promedio,0.0016302204886748566
55,tasa_partos,6.149557669747173e-05
55,tasa_prematurez,0.005564139717871769
55,cv_estancia,0.05151809520337635
55,pct_estancia_larga,0.012304793557203963
56,egresos_por_anio,0.2620097885956702
56,estancia_media,0.0006486935834316008
56,estancia_mediana,0.00013412546396677385
56,peso_medio_grd,2.7423993989964988e-05
56,severidad_media,0.00013412546396677385
56,mortalidad_media,3.975218929043173e-06
56,entropia_grd,0.0033790969609978046
56,comorbilidades_promedio,1.0773143878950532e-05
56,tasa_cma,0.04015668828075199
56,peso_medio_cma,0.0010217423229580151
56,pct_pediatrico,1.576150315726e-07
56,pct_geriatrico,8.557248005455493e-08
56,pct_femenino_fertil,0.0001866539420103713
56,edad_mediana,8.557248005455493e-08
56,pct_urgencia,0.035677786242100225
56,pct_programada,9.7931221231548e-05
56,pct_obstetrica_ingreso,0.0009330038913849254
56,pct_alta_domicilio,0.022021051180942913
56,pct_alta_fallecido,1.0773143878950532e-05
56,pct_alta_traslado,0.4781924168685142
56,pct_origen_emergencia,0.002903921635076806
56,pct_origen_referencia,0.011398723956800553
56,pct_uso_pabellon,0.09600737730010538
56,pabellones_promedio,0.06561536893275159
56,tasa_partos,0.005057509738050396
56,tasa_prematurez,0.20832122236412762
56,cv_estancia,0.16645389655830878
56,pct_estancia_larga,0.0008307296933642423
57,egresos_por_anio,0.2970755453042669
57,estancia_media,0.0008124927079930197
57,estancia_mediana,0.0009576629087637982
57,peso_medio_grd,0.0015477266188932727
57,severidad_media,0.00011353369953668083
57,mortalidad_media,7.782818089054539e-06
57,entropia_grd,0.00014745080249438773
57,comorbilidades_promedio,4.034611520624099e-05
57,tasa_cma,0.0020703309807020903
57,peso_medio_cma,0.007823247754941844
57,pct_pediatrico,1.0250811138434963e-07
57,pct_geriatrico,1.0250811138434963e-07
57,pct_femenino_fertil,0.00012637651699362907
57,edad_mediana,1.0250811138434963e-07
57,pct_urgencia,0.003963835920792774
57,pct_programada,0.00014283001652769172
57,pct_obstetrica_ingreso,0.0006256306113058965
57,pct_alta_domicilio,5.931996932379816e-06
57,pct_alta_fallecido,1.7219192046867774e-05
57,pct_alta_traslado,0.009438729173555397
57,pct_origen_emergencia,0.007396674355506171
57,pct_origen_referencia,0.0042764883858661664
57,pct_uso_pabellon,0.008759432636368377
57,pabellones_promedio,0.011764572463084256
57,tasa_partos,0.0008030368774000398
57,tasa_prematurez,0.0042764883858661664
57,cv_estancia,0.010480350774889697
57,pct_estancia_larga,0.0011396497103745185
58,egresos_por_anio,0.745660962158013
58,estancia_media,0.0007823753854925468
58,estancia_mediana,0.0070148546833841184
58,peso_medio_grd,1.355935742834737e-06
58,severidad_media,0.008544696593767543
58,mortalidad_media,0.003781992139148716
58,entropia_grd,0.003781992139148716
58,comorbilidades_promedio,0.0035536565780881855
58,tasa_cma,0.009693459629532995
58,peso_medio_cma,0.00016478384733129554
58,pct_pediatrico,1.705904336360042e-08
58,pct_geriatrico,1.705904336360042e-08
58,pct_femenino_fertil,0.0003170485356851974
58,edad_mediana,1.3260008170352894e-08
58,pct_urgencia,0.0053609909370713445
58,pct_programada,3.9871806890464075e-06
58,pct_obstetrica_ingreso,0.00016478384733129554
58,pct_alta_domicilio,2.454933357865154e-05
58,pct_alta_fallecido,0.00163566811164365
58,pct_alta_traslado,0.0053609909370713445
58,pct_origen_emergencia,5.8657770489587975e-05
58,pct_origen_referencia,0.0070148546833841184
58,pct_uso_pabellon,0.00163566811164365
58,pabellones_promedio,0.00163566811164365
58,tasa_partos,0.009647952553786204
58,tasa_prematurez,0.5873191036943449
58,cv_estancia,0.033668124143545745
58,pct_estancia_larga,0.0007823753854925468
59,egresos_por_anio,0.32091795037469084
59,estancia_media,3.574025774410026e-05
59,estancia_mediana,0.00023275648209490074
59,peso_medio_grd,0.00043650035607923927
59,severidad_media,1.0666208311164514e-05
59,mortalidad_media,1.7126448348866965e-06
59,entropia_grd,0.0006696693268179813
59,comorbilidades_promedio,2.7372557887916512e-05
59,tasa_cma,0.4266014714458267
59,peso_medio_cma,0.0005557735952399018
59,pct_pediatrico,3.40959896157146e-07
59,pct_geriatrico,6.169306859736912e-08
59,pct_femenino_fertil,2.2833274922747824e-07
59,edad_mediana,2.2833274922747824e-07
59,pct_urgencia,0.6339910844572787
59,pct_programada,0.002995557513763743
59,pct_obstetrica_ingreso,2.4811987261366746e-06
59,pct_alta_domicilio,0.00031220782830948285
59,pct_alta_fallecido,1.8964673713421853e-05
59,pct_alta_traslado,0.40189348602411745
59,pct_origen_emergencia,0.004726351083199411
59,pct_origen_referencia,0.025996920474700317
59,pct_uso_pabellon,0.12512645269365788
59,pabellones_promedio,0.8220383417822241
59,tasa_partos,8.687334847073434e-07
59,tasa_prematurez,0.08305447404823486
59,cv_estancia,0.19482603311165989
59,pct_estancia_larga,4.324852256983548e-05
60,egresos_por_anio,0.27482022321656013
60,estancia_media,0.011854296179196545
60,estancia_mediana,0.0002516827315517602
60,peso_medio_grd,0.2227901221740625
60,severidad_media,0.00014907092600671153
60,mortalidad_media,0.00011163941233698211
60,entropia_grd,0.0012544469325815758
60,comorbilidades_promedio,0.00011163941233698211
60,tasa_cma,0.0005337317775012737
60,peso_medio_cma,0.003720840456306179
60,pct_pediatrico,2.2517292970399524e-08
60,pct_geriatrico,5.728223670868558e-07
60,pct_femenino_fertil,1.1853858157506947e-05
60,edad_mediana,5.728223670868558e-07
60,pct_urgencia,0.006677055869936058
60,pct_programada,0.11089958881493656
60,pct_obstetrica_ingreso,0.00011163941233698211
60,pct_alta_domicilio,9.1029719719016e-05
60,pct_alta_fallecido,1.1853858157506947e-05
60,pct_alta_traslado,0.0034778074963950183
60,pct_origen_emergencia,0.31547331964980746
60,pct_origen_referencia,0.04973632286388915
60,pct_uso_pabellon,0.012550049481097588
60,pabellones_promedio,0.11874463756327405
60,tasa_partos,0.00014907092600671153
60,tasa_prematurez,0.17293068886435864
60,cv_estancia,0.0011896218513162307
60,pct_estancia_larga,0.04491141794083836
61,egresos_por_anio,0.006802712814859088
61,estancia_media,0.1856244665206052
61,estancia_mediana,0.47196151335660397
61,peso_medio_grd,4.8801618188931275e-05
61,severidad_media,0.058989846692571166
61,mortalidad_media,0.010420990677961525
61,entropia_grd,0.26567472618854454
61,comorbilidades_promedio,0.0008158985981348072
61,tasa_cma,0.03782326777749435
61,peso_medio_cma,0.00012427506873869228
61,pct_pediatrico,2.180273710778948e-06
61,pct_geriatrico,6.779684715734322e-06
61,pct_femenino_fertil,0.0011934345554697606
61,edad_mediana,2.180273710778948e-06
61,pct_urgencia,0.0003053416093902304
61,pct_programada,0.00012463090399547887
61,pct_obstetrica_ingreso,0.0003053416093902304
61,pct_alta_domicilio,2.180273710778948e-06
61,pct_alta_fallecido,0.17201198877034615
61,pct_alta_traslado,3.2794811438976593e-06
61,pct_origen_emergencia,0.002808932991545689
61,pct_origen_referencia,0.0020278240352889065
61,pct_uso_pabellon,2.383922583698266e-05
61,pabellones_promedio,0.00041896068880444167
61,tasa_partos,0.000821171994144432
61,tasa_prematurez,0.002808932991545689
61,cv_estancia,0.2623370767123775
61,pct_estancia_larga,0.06816560117281548
62,egresos_por_anio,0.5997969153060947
62,estancia_media,0.017083984441224442
62,estancia_mediana,0.42257139158230544
62,peso_medio_grd,2.6758693093587104e-06
62,severidad_media,0.00020385470204341898
62,mortalidad_media,6.835127383840238e-05
62,entropia_grd,0.006000395194821994
62,comorbilidades_promedio,0.5731368284579146
62,tasa_cma,0.01777539981536884
62,peso_medio_cma,0.005791449218203325
62,pct_pediatrico,7.764620376682477e-09
62,pct_geriatrico,5.1188356717728623e-05
62,pct_femenino_fertil,6.525467361080761e-08
62,edad_mediana,4.620712198547652e-06
62,pct_urgencia,0.0051590749675874525
62,pct_programada,1.880212129595894e-05
62,pct_obstetrica_ingreso,4.3538760776449005e-07
62,pct_alta_domicilio,0.007544443605423766
62,pct_alta_fallecido,6.827723430559481e-05
62,pct_alta_traslado,0.02066322105133826
62,pct_origen_emergencia,0.013010273960586153
62,pct_origen_referencia,0.39730731804457864
62,pct_uso_pabellon,0.006675887432267976
62,pabellones_promedio,0.019999253074836503
62,tasa_partos,1.2536740740151836e-06
62,tasa_prematurez,0.017083984441224442
62,cv_estancia,0.08953024099930423
62,pct_estancia_larga,0.007472475708164194
63,egresos_por_anio,0.2831101864837322
63,estancia_media,0.0016020869093712926
63,estancia_mediana,0.01257343188420884
63,peso_medio_grd,0.0040545353700346945
63,severidad_media,0.003956943927328278
63,mortalidad_media,0.0006120357937859023
63,entropia_grd,0.05622575295538071
63,comorbilidades_promedio,0.006851133811969082
63,tasa_cma,0.8019500697553227
63,peso_medio_cma,0.005978535025645717
63,pct_pediatrico,8.817312065125209e-09
63,pct_geriatrico,1.0861909192935231e-08
63,pct_femenino_fertil,0.0040545353700346945
63,edad_mediana,2.8753337682861077e-09
63,pct_urgencia,0.0710655940981204
63,pct_programada,0.16432129409823343
63,pct_obstetrica_ingreso,0.0040545353700346945
63,pct_alta_domicilio,0.00013342523627706186
63,pct_alta_fallecido,5.864277202881724e-08
63,pct_alta_traslado,0.2831101864837322
63,pct_origen_emergencia,0.06599612658680518
63,pct_origen_referencia,0.16432129409823343
63,pct_uso_pabellon,0.15716604946874588
63,pabellones_promedio,0.4452179260113516
63,tasa_partos,0.008059234689233781
63,tasa_prematurez,0.49072613117695785
63,cv_estancia,0.0710655940981204
63,pct_estancia_larga,0.0040545353700346945
64,egresos_por_anio,0.7620054064200024
64,estancia_media,0.06228283122009533
64,estancia_mediana,0.02927878551302531
64,peso_medio_grd,0.002283401899544721
64,severidad_media,0.0350407860300842
64,mortalidad_media,6.520951380837758e-05
64,entropia_grd,0.007516992238292366
64,comorbilidades_promedio,0.0066694145760409695
64,tasa_cma,0.013885159842963353
64,peso_medio_cma,0.0422841314012728
64,pct_pediatrico,3.6610957534033024e-08
64,pct_geriatrico,3.6610957534033024e-08
64,pct_femenino_fertil,0.0003900483886855553
64,edad_mediana,3.6610957534033024e-08
64,pct_urgencia,1.7411760900595647e-06
64,pct_programada,0.00028736751146403867
64,pct_obstetrica_ingreso,0.005929532326194954
64,pct_alta_domicilio,4.8306814431095695e-06
64,pct_alta_fallecido,1.7411760900595647e-06
64,pct_alta_traslado,0.1264268590645994
64,pct_origen_emergencia,0.03526714602848562
64,pct_origen_referencia,0.053418340539878754
64,pct_uso_pabellon,0.003531416784465647
64,pabellones_promedio,0.05840650595897102
64,tasa_partos,0.02927878551302531
64,tasa_prematurez,0.1491013769207393
64,cv_estancia,0.002283401899544721
64,pct_estancia_larga,0.1869549610689622
65,egresos_por_anio,0.025738935838678596
65,estancia_media,0.0001542454415456613
65,estancia_mediana,0.0018243669915259627
65,peso_medio_grd,0.00011613103497621401
65,severidad_media,0.9262577388820977
65,mortalidad_media,0.12343520610928069
65,entropia_grd,0.03692686825218752
65,comorbilidades_promedio,0.004822900325443088
65,tasa_cma,0.18627662186382812
65,peso_medio_cma,3.0178447892287454e-06
65,pct_pediatrico,2.290691023971763e-06
65,pct_geriatrico,9.390934218811321e-07
65,pct_femenino_fertil,0.4154001492607283
65,edad_mediana,9.390934218811321e-07
65,pct_urgencia,0.0011717545418242032
65,pct_programada,0.004822900325443088
65,pct_obstetrica_ingreso,0.0963162830358884
65,pct_alta_domicilio,0.00033244252433605034
65,pct_alta_fallecido,1.2929695465901425e-05
65,pct_alta_traslado,0.00021364509135589826
65,pct_origen_emergencia,0.058546459292815885
65,pct_origen_referencia,0.008786841947670713
65,pct_uso_pabellon,3.5015926600380594e-05
65,pabellones_promedio,0.0001734899285634084
65,tasa_partos,0.06015629755114792
65,tasa_prematurez,0.018510698921464817
65,cv_estancia,0.019554544409967258
65,pct_estancia_larga,0.0001734899285634084
66,egresos_por_anio,0.0449475446644923
66,estancia_media,0.005417752389900966
66,estancia_mediana,0.0010602884468341506
66,peso_medio_grd,0.004977506491731653
66,severidad_media,0.4404634926544598
66,mortalidad_media,0.020416622671408625
66,entropia_grd,0.2948149511876396
66,comorbilidades_promedio,0.4741850086791971
66,tasa_cma,0.005417752389900966
66,peso_medio_cma,0.013088611579940792
66,pct_pediatrico,1.0019310406842382e-07
66,pct_geriatrico,5.155368170053707e-07
66,pct_femenino_fertil,0.3273901243666988
66,edad_mediana,2.484803535909651e-07
66,pct_urgencia,0.0033547846842381305
66,pct_programada,5.714531574306119e-05
66,pct_obstetrica_ingreso,0.2153952243553082
66,pct_alta_domicilio,0.0009248369326329517
66,pct_alta_fallecido,1.3599159224573807e-07
66,pct_alta_traslado,0.10792269007930279
66,pct_origen_emergencia,0.005345789792744571
66,pct_origen_referencia,0.31304714466637346
66,pct_uso_pabellon,0.0033547846842381305
66,pabellones_promedio,0.0033547846842381305
66,tasa_partos,0.4546855563347749
66,tasa_prematurez,0.02922693731959452
66,cv_estancia,0.048486743226298167
66,pct_estancia_larga,0.009866350870612984
67,egresos_por_anio,0.006852331897082206
67,estancia_media,0.00407928795715526
67,estancia_mediana,0.0008588538420191383
67,peso_medio_grd,0.17936560230564275
67,severidad_media,0.0034399646260888195
67,mortalidad_media,0.0009026497851460975
67,entropia_grd,0.14411548125635915
67,comorbilidades_promedio,0.00046789943091116816
67,tasa_cma,0.19412621403842595
67,peso_medio_cma,0.00047057496221210424
67,pct_pediatrico,3.5579848454176995e-09
67,pct_geriatrico,6.368554692898004e-10
67,pct_femenino_fertil,0.002985246152747786
67,edad_mediana,6.368554692898004e-10
67,pct_urgencia,0.4309795083403197
67,pct_programada,0.8054238753569256
67,pct_obstetrica_ingreso,0.0009324284166708891
67,pct_alta_domicilio,6.335871352479043e-06
67,pct_alta_fallecido,1.85353888562383e-05
67,pct_alta_traslado,0.0005201847543571245
67,pct_origen_emergencia,0.04820471529603057
67,pct_origen_referencia,0.0007702243590084181
67,pct_uso_pabellon,0.34477355430265416
67,pabellones_promedio,0.1718554755004892
67,tasa_partos,0.00046789943091116816
67,tasa_prematurez,0.002985246152747786
67,cv_estancia,0.013877119461440197
67,pct_estancia_larga,0.01123200383531492
68,egresos_por_anio,0.013495288576034206
68,estancia_media,0.013495288576034206
68,estancia_mediana,0.006386986164165739
68,peso_medio_grd,3.9143993145214516e-07
68,severidad_media,0.0007863326297354652
68,mortalidad_media,3.4776039214905702e-06
68,entropia_grd,0.03303161224370744
68,comorbilidades_promedio,0.10171888613926795
68,tasa_cma,0.7417420508783037
68,peso_medio_cma,0.0005075257806224974
68,pct_pediatrico,5.755329181527265e-07
68,pct_geriatrico,3.9143993145214516e-07
68,pct_femenino_fertil,3.3129019624384435e-06
68,edad_mediana,4.5256742004177206e-07
68,pct_urgencia,0.0464649822579608
68,pct_programada,3.7077979778112624e-06
68,pct_obstetrica_ingreso,5.735460516161251e-06
68,pct_alta_domicilio,0.00033618645889785785
68,pct_alta_fallecido,4.5256742004177206e-07
68,pct_alta_traslado,0.02281047592534502
68,pct_origen_emergencia,7.931020878832479e-05
68,pct_origen_referencia,0.005090907154612028
68,pct_uso_pabellon,0.5000707121387868
68,pabellones_promedio,0.02005054194645369
68,tasa_partos,1.1946386638797347e-05
68,tasa_prematurez,0.010457302732941745
68,cv_estancia,0.0033955182475294957
68,pct_estancia_larga,0.01276428127769761
69,egresos_por_anio,0.0049064516507983
69,estancia_media,2.6153671133643768e-05
69,estancia_mediana,3.170098317000085e-05
69,peso_medio_grd,0.002997746133336936
69,severidad_media,0.00019924964643016184
69,mortalidad_media,0.0006164917005027869
69,entropia_grd,0.21690452374829997
69,comorbilidades_promedio,0.0006172178724282078
69,tasa_cma,0.022533035214946033
69,peso_medio_cma,0.007234534575148031
69,pct_pediatrico,6.415315776079524e-09
69,pct_geriatrico,2.052487206526786e-08
69,pct_femenino_fertil,3.3656402568369443e-06
69,edad_mediana,6.415315776079524e-09
69,pct_urgencia,0.2010471870847482
69,pct_programada,0.6341873865810232
69,pct_obstetrica_ingreso,0.0002459308756848951
69,pct_alta_domicilio,0.0005508619812940777
69,pct_alta_fallecido,0.00021821500326512356
69,pct_alta_traslado,0.027633571855660604
69,pct_origen_emergencia,0.332119145976006
69,pct_origen_referencia,0.016942495369513696
69,pct_uso_pabellon,0.002597019293672987
69,pabellones_promedio,0.023095336695053266
69,tasa_partos,0.0005508619812940777
69,tasa_prematurez,0.011179739664965545
69,cv_estancia,0.003909587831797911
69,pct_estancia_larga,5.331724183879944e-05
70,egresos_por_anio,0.011819576880147965
70,estancia_media,0.06547650348214863
70,estancia_mediana,0.0015052880691534863
70,peso_medio_grd,0.006346901796602699
70,severidad_media,0.0006369354847170116
70,mortalidad_media,0.001127019675565966
70,entropia_grd,0.002555881591651105
70,comorbilidades_promedio,0.022273956975169356
70,tasa_cma,0.6568587010627644
70,peso_medio_cma,0.008509536836630933
70,pct_pediatrico,4.632130384883341e-08
70,pct_geriatrico,2.7302337604248004e-07
70,pct_femenino_fertil,4.2643389524333444e-07
70,edad_mediana,2.8078337351687567e-08
70,pct_urgencia,0.0658228760542625
70,pct_programada,0.0006313942624190091
70,pct_obstetrica_ingreso,8.124877255683784e-06
70,pct_alta_domicilio,0.11625168094300475
70,pct_alta_fallecido,0.003245536045117758
70,pct_alta_traslado,0.02177851169685649
70,pct_origen_emergencia,8.124877255683784e-06
70,pct_origen_referencia,0.000609116928017169
70,pct_uso_pabellon,0.001127019675565966
70,pabellones_promedio,0.6618602972325609
70,tasa_partos,5.888521939840647e-06
70,tasa_prematurez,0.015167764974344316
70,cv_estancia,0.09280723870646855
70,pct_estancia_larga,0.3088194054437913
71,egresos_por_anio,0.05044570791176276
71,estancia_media,5.982385078883575e-05
71,estancia_mediana,2.4476227582113932e-05
71,peso_medio_grd,0.17720497706071775
71,severidad_media,0.009669675561402729
71,mortalidad_media,0.009669675561402729
71,entropia_grd,0.010108378671345541
71,comorbilidades_promedio,0.1433882637596836
71,tasa_cma,0.379090977805326
71,peso_medio_cma,0.0026071652118682216
71,pct_pediatrico,3.191084483722182e-08
71,pct_geriatrico,3.191084483722182e-08
71,pct_femenino_fertil,1.1037385448542648e-05
71,edad_mediana,3.191084483722182e-08
71,pct_urgencia,0.3354534582866374
71,pct_programada,0.009669675561402729
71,pct_obstetrica_ingreso,5.0663492519693526e-05
71,pct_alta_domicilio,3.974513690829659e-05
71,pct_alta_fallecido,8.13964001199183e-08
71,pct_alta_traslado,0.013868009099901097
71,pct_origen_emergencia,0.0026779945692432788
71,pct_origen_referencia,0.0013573138647394293
71,pct_uso_pabellon,0.16536241807810748
71,pabellones_promedio,0.7411793301243859
71,tasa_partos,1.920864588204291e-05
71,tasa_prematurez,0.10065556454119877
71,cv_estancia,0.06797446215509943
71,pct_estancia_larga,0.004980725715950705
72,egresos_por_anio,0.06571738592591353
72,estancia_media,0.1552669236738003
72,estancia_mediana,0.009677991560785823
72,peso_medio_grd,0.015764612581478696
72,severidad_media,0.01034083664245894
72,mortalidad_media,0.004530361623625865
72,entropia_grd,0.023328069864585462
72,comorbilidades_promedio,0.01980110846865576
72,tasa_cma,0.2785218344792052
72,peso_medio_cma,0.17811070119117492
72,pct_pediatrico,5.540243498949387e-09
72,pct_geriatrico,1.3410671403304087e-06
72,pct_femenino_fertil,1.9927760970121905e-05
72,edad_mediana,2.6374361823131236e-07
72,pct_urgencia,0.009677991560785823
72,pct_programada,0.0014965560458187965
72,pct_obstetrica_ingreso,0.0013961178940509096
72,pct_alta_domicilio,6.0333091474696185e-05
72,pct_alta_fallecido,0.00017309966096710824
72,pct_alta_traslado,0.052934678314372104
72,pct_origen_emergencia,0.0028651947535802314
72,pct_origen_referencia,0.012226787264305605
72,pct_uso_pabellon,0.0014995918499589402
72,pabellones_promedio,0.01177684887586763
72,tasa_partos,0.003529865788342094
72,tasa_prematurez,0.028249707961476866
72,cv_estancia,0.0568344627031992
72,pct_estancia_larga,0.6948104444988159
73,egresos_por_anio,0.0004635275882675602
73,estancia_media,0.0016204456439316017
73,estancia_mediana,0.00034309769705146575
73,peso_medio_grd,8.849795178480582e-07
73,severidad_media,0.03532487748833734
73,mortalidad_media,0.0014042104119867697
73,entropia_grd,0.0010954414651246993
73,comorbilidades_promedio,0.018439673146498116
73,tasa_cma,0.06386887256005379
73,peso_medio_cma,7.998142170070034e-05
73,pct_pediatrico,5.610099773723882e-07
73,pct_geriatrico,1.7942254974824585e-06
73,pct_femenino_fertil,3.4897993391643665e-05
73,edad_mediana,8.849795178480582e-07
73,pct_urgencia,0.0016204456439316017
73,pct_programada,8.849795178480582e-07
73,pct_obstetrica_ingreso,1.7681610575308025e-05
73,pct_alta_domicilio,0.0009214174368068995
73,pct_alta_fallecido,3.4897993391643665e-05
73,pct_alta_traslado,0.002751679329990955
73,pct_origen_emergencia,0.0004259995751231962
73,pct_origen_referencia,0.0012901250851529188
73,pct_uso_pabellon,1.2283190655793644e-05
73,pabellones_promedio,0.00020739157643795989
73,tasa_partos,1.2283190655793644e-05
73,tasa_prematurez,0.0026341725944805036
73,cv_estancia,0.5256876725297468
73,pct_estancia_larga,0.0036736181810674653
74,egresos_por_anio,0.27032440758176446
74,estancia_media,0.2490471240149586
74,estancia_mediana,0.16818922152276145
74,peso_medio_grd,0.007736110043350123
74,severidad_media,0.0022380843292695483
74,mortalidad_media,0.029448048854763775
74,entropia_grd,0.000230119002541454
74,comorbilidades_promedio,0.3161880731714346
74,tasa_cma,0.00023769003728871162
74,peso_medio_cma,0.0003068908913600718
74,pct_pediatrico,5.707094550607661e-09
74,pct_geriatrico,1.0511002396959264e-05
74,pct_femenino_fertil,8.221610628402763e-06
74,edad_mediana,3.1799186029238645e-06
74,pct_urgencia,0.00047704719543491264
74,pct_programada,0.000230119002541454
74,pct_obstetrica_ingreso,0.000230119002541454
74,pct_alta_domicilio,0.002620114418503932
74,pct_alta_fallecido,0.00021665472886820184
74,pct_alta_traslado,0.04430064372671091
74,pct_origen_emergencia,0.029448048854763775
74,pct_origen_referencia,0.07388126671746152
74,pct_uso_pabellon,0.000779835157806739
74,pabellones_promedio,0.100960802792816
74,tasa_partos,0.000230119002541454
74,tasa_prematurez,0.5556515683291141
74,cv_estancia,6.867257006646236e-05
74,pct_estancia_larga,0.27032440758176446
75,egresos_por_anio,0.018312891979978072
75,estancia_media,0.0006801733759810439
75,estancia_mediana,3.8214294261206836e-05
75,peso_medio_grd,2.1016102326987056e-05
75,severidad_media,0.0006850287364027213
75,mortalidad_media,3.871859968278405e-05
75,entropia_grd,0.05448724881919096
75,comorbilidades_promedio,0.035319961862579116
75,tasa_cma,0.2429980629761428
75,peso_medio_cma,0.026975289072350146
75,pct_pediatrico,7.704576338272944e-08
75,pct_geriatrico,9.96340773875288e-08
75,pct_femenino_fertil,1.4874496815912376e-07
75,edad_mediana,7.704576338272944e-08
75,pct_urgencia,0.7940281142874217
75,pct_programada,0.001054117898043746
75,pct_obstetrica_ingreso,1.4874496815912376e-07
75,pct_alta_domicilio,0.000980742331917062
75,pct_alta_fallecido,0.0026746251689187617
75,pct_alta_traslado,0.09143998555456512
75,pct_origen_emergencia,7.039360354100885e-05
75,pct_origen_referencia,2.6480671796200538e-05
75,pct_uso_pabellon,0.4023007913886327
75,pabellones_promedio,0.04292956585947215
75,tasa_partos,1.271179191737963e-07
75,tasa_prematurez,0.0006850287364027213
75,cv_estancia,0.5414597534670319
75,pct_estancia_larga,0.0031450003243638685
76,egresos_por_anio,0.00016425116314372525
76,estancia_media,0.0019501927991310447
76,estancia_mediana,5.549707669846171e-05
76,peso_medio_grd,5.549707669846171e-05
76,severidad_media,0.0018272196844809914
76,mortalidad_media,6.783666769935374e-05
76,entropia_grd,0.004745781023151869
76,comorbilidades_promedio,0.00028160280686669823
76,tasa_cma,0.006171401526940885
76,peso_medio_cma,5.549707669846171e-05
76,pct_pediatrico,1.8466941343895105e-05
76,pct_geriatrico,7.7875895725735e-07
76,pct_femenino_fertil,0.00016425116314372525
76,edad_mediana,1.1310618506308152e-06
76,pct_urgencia,0.013415107292857015
76,pct_programada,0.00015770125077533594
76,pct_obstetrica_ingreso,6.426958098148496e-05
76,pct_alta_domicilio,0.00017130971264569647
76,pct_alta_fallecido,0.002975492506258325
76,pct_alta_traslado,0.00012655234142635184
76,pct_origen_emergencia,0.0020738875112101384
76,pct_origen_referencia,0.0002768808421626785
76,pct_uso_pabellon,1.8466941343895105e-05
76,pabellones_promedio,6.426958098148496e-05
76,tasa_partos,0.00016425116314372525
76,tasa_prematurez,0.0020738875112101384
76,cv_estancia,0.07235605668789202
76,pct_estancia_larga,0.0063708246475088015
77,egresos_por_anio,0.303176655344895
77,estancia_media,0.001163459446064569
77,estancia_mediana,0.001163459446064569
77,peso_medio_grd,0.00043863922988731345
77,severidad_media,0.040897732599257414
77,mortalidad_media,0.016289713728727243
77,entropia_grd,0.02856915249389045
77,comorbilidades_promedio,0.010071254844193704
77,tasa_cma,0.8539697207788907
77,peso_medio_cma,0.000131388839732892
77,pct_pediatrico,8.903221041821064e-10
77,pct_geriatrico,5.18966086120884e-08
77,pct_femenino_fertil,5.156717221860723e-06
77,edad_mediana,1.624189554541496e-08
77,pct_urgencia,0.2225794336668563
77,pct_programada,0.01143881630482851
77,pct_obstetrica_ingreso,0.00016133860600167676
77,pct_alta_domicilio,0.0024876686322712577
77,pct_alta_fallecido,4.6860947229419974e-07
77,pct_alta_traslado,0.5081894436225657
77,pct_origen_emergencia,0.040970410312413365
77,pct_origen_referencia,0.05001276424894008
77,pct_uso_pabellon,0.06456316907336963
77,pabellones_promedio,0.3745346200319041
77,tasa_partos,0.00014184490899136934
77,tasa_prematurez,0.14153484621220883
77,cv_estancia,0.0008905497503311115
77,pct_estancia_larga,0.0008278019587908701
78,egresos_por_anio,0.011620486071806891
78,estancia_media,0.042045551783902464
78,estancia_mediana,0.0011594164039536773
78,peso_medio_grd,0.0019362735978680642
78,severidad_media,0.0037530869837694384
78,mortalidad_media,0.002938505303586333
78,entropia_grd,0.002754435591651763
78,comorbilidades_promedio,0.00214954794349724
78,tasa_cma,0.050335045709555486
78,peso_medio_cma,0.006204406405126619
78,pct_pediatrico,6.992795185770048e-08
78,pct_geriatrico,5.7292612140715014e-08
78,pct_femenino_fertil,0.00012030521727732154
78,edad_mediana,2.5913504047038294e-08
78,pct_urgencia,0.00011263100899569164
78,pct_programada,3.300968416324645e-06
78,pct_obstetrica_ingreso,0.00029180710209891726
78,pct_alta_domicilio,6.891000319630859e-05
78,pct_alta_fallecido,2.4407418358911435e-07
78,pct_alta_traslado,0.002938505303586333
78,pct_origen_emergencia,3.1889073662485986e-06
78,pct_origen_referencia,2.1139396633231215e-05
78,pct_uso_pabellon,0.0010949206218138709
78,pabellones_promedio,0.01596472633995738
78,tasa_partos,0.00012030521727732154
78,tasa_prematurez,0.019596369530048677
78,cv_estancia,0.0004516036627050095
78,pct_estancia_larga,0.12257004987862068
79,egresos_por_anio,0.6778042327942544
79,estancia_media,0.0018827625202694307
79,estancia_mediana,0.013707971018566469
79,peso_medio_grd,5.079033911983118e-07
79,severidad_media,0.028048333187946056
79,mortalidad_media,0.005067360451994188
79,entropia_grd,0.1555254071912127
79,comorbilidades_promedio,0.00010880057138697417
79,tasa_cma,0.12383413251607685
79,peso_medio_cma,0.00010880057138697417
79,pct_pediatrico,5.955807448573278e-08
79,pct_geriatrico,6.212922792347202e-09
79,pct_femenino_fertil,0.0004111601997476765
79,edad_mediana,6.212922792347202e-09
79,pct_urgencia,0.018386495137322077
79,pct_programada,3.4342996124539907e-07
79,pct_obstetrica_ingreso,0.0004891326717051441
79,pct_alta_domicilio,4.269542222535097e-05
79,pct_alta_fallecido,4.269542222535097e-05
79,pct_alta_traslado,0.018386495137322077
79,pct_origen_emergencia,7.340576305698311e-05
79,pct_origen_referencia,0.003373599150582965
79,pct_uso_pabellon,0.0018648825071244954
79,pabellones_promedio,0.00046206176478344804
79,tasa_partos,0.008713025161299298
79,tasa_prematurez,0.4831537962365677
79,cv_estancia,0.003373599150582965
79,pct_estancia_larga,0.0021207846869897786
80,egresos_por_anio,0.00011511555232801192
80,estancia_media,0.6608255479845659
80,estancia_mediana,0.0442956981032071
80,peso_medio_grd,0.5565249587417525
80,severidad_media,0.6890085294357087
80,mortalidad_media,0.2562373027950857
80,entropia_grd,0.21953498609562513
80,comorbilidades_promedio,0.057245629075343495
80,tasa_cma,0.09543178359831596
80,peso_medio_cma,0.00021027448684821
80,pct_pediatrico,3.945094232499656e-09
80,pct_geriatrico,1.100819679140114e-06
80,pct_femenino_fertil,0.000636730304625438
80,edad_mediana,3.761149188612091e-08
80,pct_urgencia,0.4918923620537492
80,pct_programada,0.06314031650365125
80,pct_obstetrica_ingreso,0.0014033199828264432
80,pct_alta_domicilio,0.0003323719158058006
80,pct_alta_fallecido,3.5531893831946035e-06
80,pct_alta_traslado,0.00021027448684821
80,pct_origen_emergencia,0.000636730304625438
80,pct_origen_referencia,3.5531893831946035e-06
80,pct_uso_pabellon,0.007646065449230721
80,pabellones_promedio,0.09543178359831596
80,tasa_partos,8.23301423318119e-05
80,tasa_prematurez,1.3815429261949067e-05
80,cv_estancia,0.03991391045031985
80,pct_estancia_larga,0.7599570779716713
81,egresos_por_anio,0.6003400752483384
81,estancia_media,0.000250976680398006
81,estancia_mediana,0.07217546769775102
81,peso_medio_grd,1.4643629240454025e-06
81,severidad_media,0.0007337867318840654
81,mortalidad_media,0.012710841819498058
81,entropia_grd,0.7670491491141943
81,comorbilidades_promedio,0.08997232644907764
81,tasa_cma,0.7025719617081021
81,peso_medio_cma,0.001560962485126517
81,pct_pediatrico,9.488571679371067e-10
81,pct_geriatrico,1.1971902044203103e-07
81,pct_femenino_fertil,3.834604095914286e-06
81,edad_mediana,2.108106841747423e-08
81,pct_urgencia,0.00033049447340495854
81,pct_programada,4.2679897105452024e-07
81,pct_obstetrica_ingreso,0.00025034981520348823
81,pct_alta_domicilio,0.09720308739461445
81,pct_alta_fallecido,0.0005441097040953608
81,pct_alta_traslado,0.5508255638113201
81,pct_origen_emergencia,1.1097587052579925e-07
81,pct_origen_referencia,3.834604095914286e-06
81,pct_uso_pabellon,7.547448758227977e-05
81,pabellones_promedio,0.01004223379083308
81,tasa_partos,0.002975101276968868
81,tasa_prematurez,0.060671754213691594
81,cv_estancia,0.012518174176103465
81,pct_estancia_larga,0.000332297144109231
82,egresos_por_anio,0.7759762379034143
82,estancia_media,0.0004595599917315441
82,estancia_mediana,0.04799367093680564
82,peso_medio_grd,2.847173072987583e-07
82,severidad_media,1.4348825592041174e-05
82,mortalidad_media,1.4348825592041174e-05
82,entropia_grd,0.03673058272982164
82,comorbilidades_promedio,0.013451600984774364
82,tasa_cma,0.02164428212911273
82,peso_medio_cma,0.0022858166187317286
82,pct_pediatrico,9.76015219807184e-09
82,pct_geriatrico,1.952805726242408e-07
82,pct_femenino_fertil,8.432268735474383e-08
82,edad_mediana,8.432268735474383e-08
82,pct_urgencia,0.31579578237450046
82,pct_programada,0.0007835859434288869
82,pct_obstetrica_ingreso,5.081690422711793e-07
82,pct_alta_domicilio,0.04741325107257751
82,pct_alta_fallecido,4.70634894057876e-05
82,pct_alta_traslado,0.6812538081659497
82,pct_origen_emergencia,0.018232418961567246
82,pct_origen_referencia,0.1402169862913454
82,pct_uso_pabellon,0.11686283215914728
82,pabellones_promedio,0.09362296856546476
82,tasa_partos,1.7328146899907326e-05
82,tasa_prematurez,0.032791347397389044
82,cv_estancia,0.0023403150900740957
82,pct_estancia_larga,0.00024749816010787923
83,egresos_por_anio,0.4129778689629894
83,estancia_media,0.0010235663438623033
83,estancia_mediana,0.0006633413273439316
83,peso_medio_grd,1.1032762044005322e-06
83,severidad_media,0.021725388188755166
83,mortalidad_media,0.0013143062463280395
83,entropia_grd,0.013268061602452844
83,comorbilidades_promedio,0.027921039698449925
83,tasa_cma,0.021725388188755166
83,peso_medio_cma,0.00012596973273780497
83,pct_pediatrico,4.812127970510824e-07
83,pct_geriatrico,3.5477360874656796e-07
83,pct_femenino_fertil,4.812127970510824e-07
83,edad_mediana,8.615478409480455e-08
83,pct_urgencia,0.0003692726143496149
83,pct_programada,1.1032762044005322e-06
83,pct_obstetrica_ingreso,1.1032762044005322e-06
83,pct_alta_domicilio,0.002981813291005306
83,pct_alta_fallecido,0.001971698725333389
83,pct_alta_traslado,0.1203053843696497
83,pct_origen_emergencia,6.933410281575305e-06
83,pct_origen_referencia,0.0002044668883378629
83,pct_uso_pabellon,0.0026641447959128597
83,pabellones_promedio,0.0005931834929300924
83,tasa_partos,1.973123053570555e-06
83,tasa_prematurez,0.03186102285013449
83,cv_estancia,0.6328770291687449
83,pct_estancia_larga,0.005296529629126056
84,egresos_por_anio,0.45328308826396974
84,estancia_media,0.004110502999071262
84,estancia_mediana,0.004110502999071262
84,peso_medio_grd,1.9961611262184984e-05
84,severidad_media,0.05503889840030967
84,mortalidad_media,0.022024410859556177
84,entropia_grd,0.14020715298200412
84,comorbilidades_promedio,0.02227185886473294
84,tasa_cma,0.45328308826396974
84,peso_medio_cma,0.007111830805718955
84,pct_pediatrico,2.3105952579869892e-09
84,pct_geriatrico,1.5688407324115472e-08
84,pct_femenino_fertil,1.9961611262184984e-05
84,edad_mediana,2.3105952579869892e-09
84,pct_urgencia,0.32021848389199226
84,pct_programada,1.9961611262184984e-05
84,pct_obstetrica_ingreso,0.00019521033836306738
84,pct_alta_domicilio,0.00023595677697768413
84,pct_alta_fallecido,1.2935951509743837e-05
84,pct_alta_traslado,0.14020715298200412
84,pct_origen_emergencia,1.2935951509743837e-05
84,pct_origen_referencia,0.047707236690906034
84,pct_uso_pabellon,0.3238618427054531
84,pabellones_promedio,0.4420907469554451
84,tasa_partos,0.00044788408190005906
84,tasa_prematurez,0.5547538613873384
84,cv_estancia,0.0012450875682804864
84,pct_estancia_larga,0.005277494022344465
85,egresos_por_anio,0.6445929115530231
85,estancia_media,1.7531504768384346e-05
85,estancia_mediana,5.471591369412787e-05
85,peso_medio_grd,0.007687273147107553
85,severidad_media,0.3498421998538455
85,mortalidad_media,0.007483291085556987
85,entropia_grd,0.017694077593380472
85,comorbilidades_promedio,0.3498421998538455
85,tasa_cma,0.22967747236899097
85,peso_medio_cma,5.471591369412787e-05
85,pct_pediatrico,3.2415235428380396e-07
85,pct_geriatrico,7.004438781677118e-09
85,pct_femenino_fertil,0.09394980841531027
85,edad_mediana,7.004438781677118e-09
85,pct_urgencia,2.4635997944134977e-06
85,pct_programada,1.835219043306406e-06
85,pct_obstetrica_ingreso,0.5932758609045978
85,pct_alta_domicilio,0.00021182742824205094
85,pct_alta_fallecido,6.556428300452073e-07
85,pct_alta_traslado,0.13356570281398586
85,pct_origen_emergencia,3.2555233417837137e-06
85,pct_origen_referencia,0.056456221633844166
85,pct_uso_pabellon,0.00019880868556446143
85,pabellones_promedio,0.007687273147107553
85,tasa_partos,0.5704784795333421
85,tasa_prematurez,0.9514006540665182
85,cv_estancia,0.11847802794324354
85,pct_estancia_larga,6.710094320211136e-05
86,egresos_por_anio,0.09739727316568729
86,estancia_media,0.003352120204484091
86,estancia_mediana,0.00011728941259945536
86,peso_medio_grd,2.1744978440753973e-05
86,severidad_media,0.003352120204484091
86,mortalidad_media,0.00039838695247497344
86,entropia_grd,0.003352120204484091
86,comorbilidades_promedio,0.2678602326101132
86,tasa_cma,0.011109008453210327
86,peso_medio_cma,0.0016762274162188742
86,pct_pediatrico,1.8045769417169126e-07
86,pct_geriatrico,4.95266514835348e-07
86,pct_femenino_fertil,7.052332316508552e-06
86,edad_mediana,1.8045769417169126e-07
86,pct_urgencia,0.0758202516352903
86,pct_programada,4.3635344166118624e-05
86,pct_obstetrica_ingreso,7.565700178676651e-06
86,pct_alta_domicilio,0.007421515357292078
86,pct_alta_fallecido,2.1744978440753973e-05
86,pct_alta_traslado,0.020508120334296956
86,pct_origen_emergencia,0.005161464424211481
86,pct_origen_referencia,0.0016762274162188742
86,pct_uso_pabellon,4.194158210215252e-05
86,pabellones_promedio,2.0195625117182917e-05
86,tasa_partos,7.565700178676651e-06
86,tasa_prematurez,0.01945944562311902
86,cv_estancia,0.0008308017210655967
86,pct_estancia_larga,0.017505908641237907
87,egresos_por_anio,0.008907938399380125
87,estancia_media,0.08293857490256638
87,estancia_mediana,0.0014857888460974378
87,peso_medio_grd,5.8549019186345856e-05
87,severidad_media,0.00014297908561326306
87,mortalidad_media,0.00011557571333708466
87,entropia_grd,0.6764047573756435
87,comorbilidades_promedio,0.0011767667964303597
87,tasa_cma,0.0017797957407919003
87,peso_medio_cma,0.00614574178806396
87,pct_pediatrico,2.970829040132529e-07
87,pct_geriatrico,6.984192142191859e-07
87,pct_femenino_fertil,6.984192142191859e-07
87,edad_mediana,5.329981756793257e-07
87,pct_urgencia,0.09665077012471532
87,pct_programada,0.0004421660404927187
87,pct_obstetrica_ingreso,6.984192142191859e-07
87,pct_alta_domicilio,0.00011748151864260224
87,pct_alta_fallecido,0.0018478342873760815
87,pct_alta_traslado,0.00614574178806396
87,pct_origen_emergencia,0.0017797957407919003
87,pct_origen_referencia,0.0014857888460974378
87,pct_uso_pabellon,0.00014297908561326306
87,pabellones_promedio,0.0004421660404927187
87,tasa_partos,4.746944248597211e-06
87,tasa_prematurez,0.06169251241607145
87,cv_estancia,0.00046804585307418296
87,pct_estancia_larga,0.3018589368913644
88,egresos_por_anio,0.3275654146505044
88,estancia_media,0.00037955473050723065
88,estancia_mediana,1.627990355857008e-05
88,peso_medio_grd,0.04280670531350595
88,severidad_media,0.00013520973919246121
88,mortalidad_media,1.627990355857008e-05
88,entropia_grd,0.014878396294215612
88,comorbilidades_promedio,0.04280670531350595
88,tasa_cma,0.20670354096390706
88,peso_medio_cma,0.0019473674960793835
88,pct_pediatrico,1.8462940732244768e-07
88,pct_geriatrico,3.160159153909731e-06
88,pct_femenino_fertil,4.103231894500296e-06
88,edad_mediana,1.5664731499709065e-06
88,pct_urgencia,9.519099487531157e-06
88,pct_programada,0.004409732376494394
88,pct_obstetrica_ingreso,9.098494623168038e-06
88,pct_alta_domicilio,0.0007565909425002877
88,pct_alta_fallecido,1.9394076939754594e-05
88,pct_alta_traslado,0.18480364183376086
88,pct_origen_emergencia,0.004409732376494394
88,pct_origen_referencia,0.10835007926031656
88,pct_uso_pabellon,0.0245087428845618
88,pabellones_promedio,0.13886620694671736
88,tasa_partos,2.4658075326880672e-05
88,tasa_prematurez,0.21417981958657023
88,cv_estancia,0.04280670531350595
88,pct_estancia_larga,0.004774908170211373
89,egresos_por_anio,0.017208718361308724
89,estancia_media,0.0012499769285202272
89,estancia_mediana,0.0016044988333093059
89,peso_medio_grd,0.0031574094572272976
89,severidad_media,9.224663259114565e-06
89,mortalidad_media,2.972209669562003e-06
89,entropia_grd,0.0022523950612773707
89,comorbilidades_promedio,0.021793704952279325
89,tasa_cma,0.8299609300260495
89,peso_medio_cma,0.026303178605514566
89,pct_pediatrico,2.3574751312781162e-07
89,pct_geriatrico,2.972209669562003e-06
89,pct_femenino_fertil,9.88725854985467e-07
89,edad_mediana,9.409443975993966e-07
89,pct_urgencia,0.018788275008310096
89,pct_programada,0.4570966405413556
89,pct_obstetrica_ingreso,1.721826394242177e-05
89,pct_alta_domicilio,0.0016044988333093059
89,pct_alta_fallecido,0.00017050705771063236
89,pct_alta_traslado,0.048146894401528896
89,pct_origen_emergencia,0.23131745883043747
89,pct_origen_referencia,0.0376564714412486
89,pct_uso_pabellon,0.007213331949932907
89,pabellones_promedio,0.307653395034998
89,tasa_partos,1.5385804672559273e-05
89,tasa_prematurez,0.006182724859462308
89,cv_estancia,0.407368708876962
89,pct_estancia_larga,0.0015304797674967827
90,egresos_por_anio,0.10743765031837361
90,estancia_media,0.0005127365057523684
90,estancia_mediana,0.005484961360849121
90,peso_medio_grd,6.5843910939315e-07
90,severidad_media,0.0006719803319636511
90,mortalidad_media,3.097388073056056e-05
90,entropia_grd,0.09039626987014376
90,comorbilidades_promedio,0.003446067901569149
90,tasa_cma,0.732880370058148
90,peso_medio_cma,3.347918239716689e-05
90,pct_pediatrico,1.731990901237188e-08
90,pct_geriatrico,7.071862747444475e-08
90,pct_femenino_fertil,1.9745045242444056e-06
90,edad_mediana,1.731990901237188e-08
90,pct_urgencia,0.009602076090211357
90,pct_programada,1.3344077503584442e-05
90,pct_obstetrica_ingreso,2.690400699460254e-06
90,pct_alta_domicilio,0.03320993774692634
90,pct_alta_fallecido,1.370931977813913e-07
90,pct_alta_traslado,0.38268819727208275
90,pct_origen_emergencia,0.0031913190138738983
90,pct_origen_referencia,0.22989292703061145
90,pct_uso_pabellon,0.016299320418665043
90,pabellones_promedio,0.03320993774692634
90,tasa_partos,5.570326125259822e-06
90,tasa_prematurez,0.23221890098656148
90,cv_estancia,0.11347572746282349
90,pct_estancia_larga,0.0003661128605050446
91,egresos_por_anio,0.422488894235925
91,estancia_media,1.566844799030603e-06
91,estancia_mediana,1.566844799030603e-06
91,peso_medio_grd,8.645475626751351e-05
91,severidad_media,0.000557538844015199
91,mortalidad_media,0.00015157938399190776
91,entropia_grd,0.007392321821115054
91,comorbilidades_promedio,4.5783900001814847e-05
91,tasa_cma,0.17511467416936613
91,peso_medio_cma,0.0017435686099314361
91,pct_pediatrico,2.5111525648736517e-08
91,pct_geriatrico,2.5111525648736517e-08
91,pct_femenino_fertil,4.5783900001814847e-05
91,edad_mediana,2.5111525648736517e-08
91,pct_urgencia,0.7123724454954175
91,pct_programada,0.009170316850814151
91,pct_obstetrica_ingreso,6.213831853464427e-06
91,pct_alta_domicilio,0.19165811449288644
91,pct_alta_fallecido,1.6277669644924422e-05
91,pct_alta_traslado,0.4277272108313474
91,pct_origen_emergencia,0.0003391031510230935
91,pct_origen_referencia,0.000557538844015199
91,pct_uso_pabellon,0.017772902334013047
91,pabellones_promedio,0.42922141536067215
91,tasa_partos,6.213831853464427e-06
91,tasa_prematurez,0.26878507361109333
91,cv_estancia,0.42922141536067215
91,pct_estancia_larga,2.852063858257576e-06
92,egresos_por_anio,0.9472332469864165
92,estancia_media,3.630294551512901e-05
92,estancia_mediana,8.561112087710535e-05
92,peso_medio_grd,1.9921363319345308e-07
92,severidad_media,0.03559084263960045
92,mortalidad_media,0.009752241866108284
92,entropia_grd,0.02622609298297666
92,comorbilidades_promedio,0.010254648738508133
92,tasa_cma,0.5759214623072192
92,peso_medio_cma,5.513534412719332e-06
92,pct_pediatrico,4.731541712022532e-06
92,pct_geriatrico,2.6236043821007686e-08
92,pct_femenino_fertil,5.490956537347485e-05
92,edad_mediana,6.615849215009592e-08
92,pct_urgencia,0.001596114449524347
92,pct_programada,1.4245384721901515e-07
92,pct_obstetrica_ingreso,4.441921218127842e-05
92,pct_alta_domicilio,1.445450550522234e-05
92,pct_alta_fallecido,1.4245384721901515e-07
92,pct_alta_traslado,0.03530690963874874
92,pct_origen_emergencia,1.025795845779891e-05
92,pct_origen_referencia,0.0003146249775013077
92,pct_uso_pabellon,0.0006345066682245268
92,pabellones_promedio,0.0018243339990410337
92,tasa_partos,0.00029654751027508687
92,tasa_prematurez,0.02902163173748191
92,cv_estancia,0.0015785090982349257
92,pct_estancia_larga,0.00028844608584101955
93,egresos_por_anio,0.008536846073846385
93,estancia_media,0.28336065860512516
93,estancia_mediana,0.03813307296640534
93,peso_medio_grd,0.0004350500927004361
93,severidad_media,0.0037601260398824245
93,mortalidad_media,0.01477985032673943
93,entropia_grd,0.03722471129533722
93,comorbilidades_promedio,0.3200143344422174
93,tasa_cma,0.0075600663003292596
93,peso_medio_cma,0.010220119548992193
93,pct_pediatrico,9.537643352612444e-09
93,pct_geriatrico,2.142491920725435e-08
93,pct_femenino_fertil,2.2829903136110657e-05
93,edad_mediana,9.537643352612444e-09
93,pct_urgencia,0.00018421901310532564
93,pct_programada,0.00012959621876750736
93,pct_obstetrica_ingreso,4.0512623207847315e-05
93,pct_alta_domicilio,0.0023643566738711947
93,pct_alta_fallecido,8.953534745320028e-06
93,pct_alta_traslado,0.08014088006167029
93,pct_origen_emergencia,0.001660317300762567
93,pct_origen_referencia,0.09005663946810488
93,pct_uso_pabellon,0.00013787450548223576
93,pabellones_promedio,0.0007223700974952526
93,tasa_partos,3.567195518815964e-05
93,tasa_prematurez,0.0018997940438149892
93,cv_estancia,0.33278973481399965
93,pct_estancia_larga,0.3215492842877395
94,egresos_por_anio,0.5641151615403612
94,estancia_media,0.00010521084417864103
94,estancia_mediana,5.431642723393574e-06
94,peso_medio_grd,7.13847829327836e-05
94,severidad_media,0.00031642063346104787
94,mortalidad_media,0.0002594656334291157
94,entropia_grd,0.0011589906712496667
94,comorbilidades_promedio,3.7396613190589124e-05
94,tasa_cma,0.00012981031071697898
94,peso_medio_cma,0.028476108128954666
94,pct_pediatrico,5.789973694556988e-07
94,pct_geriatrico,1.0450027445260848e-08
94,pct_femenino_fertil,1.1914163350689378e-05
94,edad_mediana,1.0450027445260848e-08
94,pct_urgencia,0.051111707452659985
94,pct_programada,0.0005234001486906543
94,pct_obstetrica_ingreso,3.7497862940002386e-06
94,pct_alta_domicilio,2.6941240256450427e-07
94,pct_alta_fallecido,3.7497862940002386e-06
94,pct_alta_traslado,0.00010805990679973128
94,pct_origen_emergencia,0.04656980666383066
94,pct_origen_referencia,0.04859225787624702
94,pct_uso_pabellon,0.017205308689515465
94,pabellones_promedio,0.2358055263554548
94,tasa_partos,1.1914163350689378e-05
94,tasa_prematurez,0.17655707745255522
94,cv_estancia,0.0005559957669507163
94,pct_estancia_larga,0.00038259488631950687
95,egresos_por_anio,0.03738542047392367
95,estancia_media,0.0012605718568839432
95,estancia_mediana,0.008820554405941351
95,peso_medio_grd,7.6720361245978e-07
95,severidad_media,6.068306508291481e-05
95,mortalidad_media,6.068306508291481e-05
95,entropia_grd,0.5093813253816359
95,comorbilidades_promedio,0.008225356154053242
95,tasa_cma,0.049778854458594333
95,peso_medio_cma,6.068306508291481e-05
95,pct_pediatrico,4.822441172322089e-09
95,pct_geriatrico,2.572169096455272e-08
95,pct_femenino_fertil,1.3132852202141836e-05
95,edad_mediana,2.572169096455272e-08
95,pct_urgencia,0.9734657587624064
95,pct_programada,0.002712760451003885
95,pct_obstetrica_ingreso,6.068306508291481e-05
95,pct_alta_domicilio,0.0004577587101515794
95,pct_alta_fallecido,6.068306508291481e-05
95,pct_alta_traslado,0.0003575135683572133
95,pct_origen_emergencia,0.18530433928179485
95,pct_origen_referencia,0.07116383548642816
95,pct_uso_pabellon,0.006956710908057423
95,pabellones_promedio,0.11164384715677378
95,tasa_partos,0.0003575135683572133
95,tasa_prematurez,0.09329387473554829
95,cv_estancia,0.0011384932592401788
95,pct_estancia_larga,0.0004577587101515794
96,egresos_por_anio,0.11132458924145992
96,estancia_media,0.03833107800506105
96,estancia_mediana,0.006956065488745111
96,peso_medio_grd,0.050208435525365275
96,severidad_media,0.004293589048952217
96,mortalidad_media,0.002971853981141817
96,entropia_grd,0.23948024435028836
96,comorbilidades_promedio,0.0002935818622846961
96,tasa_cma,0.14724885115695271
96,peso_medio_cma,0.00516910412198556
96,pct_pediatrico,1.5914711129984615e-08
96,pct_geriatrico,3.4829971047524506e-07
96,pct_femenino_fertil,0.0009209620396008623
96,edad_mediana,1.5914711129984615e-08
96,pct_urgencia,0.00018993437969242483
96,pct_programada,0.028767375746999533
96,pct_obstetrica_ingreso,0.0007583350066386727
96,pct_alta_domicilio,0.003979730144976241
96,pct_alta_fallecido,0.002971853981141817
96,pct_alta_traslado,0.050208435525365275
96,pct_origen_emergencia,0.007629430426614444
96,pct_origen_referencia,0.05675743388406244
96,pct_uso_pabellon,0.0899557528523983
96,pabellones_promedio,0.7493422183564334
96,tasa_partos,0.00018993437969242483
96,tasa_prematurez,0.03833107800506105
96,cv_estancia,0.794463384703642
96,pct_estancia_larga,0.06533678933890583
97,egresos_por_anio,0.29517139835361683
97,estancia_media,0.0001564176951183161
97,estancia_mediana,0.001306621907820096
97,peso_medio_grd,2.240684497402537e-05
97,severidad_media,0.0006897413941197095
97,mortalidad_media,0.008677407842260914
97,entropia_grd,0.006190389692533476
97,comorbilidades_promedio,0.00019106507559203234
97,tasa_cma,0.04557879799717416
97,peso_medio_cma,0.011677748250677236
97,pct_pediatrico,7.929418761395974e-09
97,pct_geriatrico,1.1251614706315453e-08
97,pct_femenino_fertil,9.16158230778089e-06
97,edad_mediana,1.1251614706315453e-08
97,pct_urgencia,0.29517139835361683
97,pct_programada,0.0005971221842020499
97,pct_obstetrica_ingreso,9.16158230778089e-06
97,pct_alta_domicilio,7.285028327854515e-05
97,pct_alta_fallecido,9.16158230778089e-06
97,pct_alta_traslado,0.018209129779915244
97,pct_origen_emergencia,0.00017795802220581865
97,pct_origen_referencia,0.001306621907820096
97,pct_uso_pabellon,0.052713443880036695
97,pabellones_promedio,0.17894198204073236
97,tasa_partos,0.0003029862089114716
97,tasa_prematurez,0.191738432802238
97,cv_estancia,0.0014611141790086368
97,pct_estancia_larga,0.00017795802220581865
98,egresos_por_anio,0.07679251578453891
98,estancia_media,4.67866456566694e-06
98,estancia_mediana,5.374784603471966e-06
98,peso_medio_grd,0.0003769409040745145
98,severidad_media,4.67866456566694e-06
98,mortalidad_media,1.6871534301884834e-06
98,entropia_grd,0.056699057427667954
98,comorbilidades_promedio,4.6710242660453815e-05
98,tasa_cma,0.35893315654027497
98,peso_medio_cma,0.0076109907024258265
98,pct_pediatrico,3.5987169997358764e-08
98,pct_geriatrico,3.5987169997358764e-08
98,pct_femenino_fertil,6.429251076963081e-07
98,edad_mediana,4.1335994411606216e-08
98,pct_urgencia,0.09109569786425661
98,pct_programada,0.006607006676571934
98,pct_obstetrica_ingreso,1.3835419652958174e-06
98,pct_alta_domicilio,3.467112539892877e-05
98,pct_alta_fallecido,6.429251076963081e-07
98,pct_alta_traslado,0.001157699567697197
98,pct_origen_emergencia,0.0006913893776956791
98,pct_origen_referencia,1.56365232508806e-05
98,pct_uso_pabellon,0.0872264875653247
98,pabellones_promedio,0.21032081954973816
98,tasa_partos,1.3835419652958174e-06
98,tasa_prematurez,0.026923437954236375
98,cv_estancia,0.0006413817694254297
98,pct_estancia_larga,1.31003591324406e-05
99,egresos_por_anio,0.045742126574129655
99,estancia_media,0.017052337174419462
99,estancia_mediana,0.0005660629494077969
99,peso_medio_grd,4.513347583743922e-06
99,severidad_media,5.76184906225899e-05
99,mortalidad_media,0.0005660629494077969
99,entropia_grd,0.0005498941180758901
99,comorbilidades_promedio,0.00016971020811996023
99,tasa_cma,0.042541540692403304
99,peso_medio_cma,0.012481696236064113
99,pct_pediatrico,8.083096867884544e-08
99,pct_geriatrico,6.049873502853243e-07
99,pct_femenino_fertil,2.769508629038106e-06
99,edad_mediana,6.049873502853243e-07
99,pct_urgencia,0.008911194890342096
99,pct_programada,2.4025108300451265e-06
99,pct_obstetrica_ingreso,1.7637675273692744e-05
99,pct_alta_domicilio,4.4937389326155347e-05
99,pct_alta_fallecido,1.3574976679580635e-06
99,pct_alta_traslado,0.010375446330732402
99,pct_origen_emergencia,0.00068219955090412
99,pct_origen_referencia,0.008911194890342096
99,pct_uso_pabellon,0.15428628149305296
99,pabellones_promedio,0.01006003012491481
99,tasa_partos,0.00010912722131112322
99,tasa_prematurez,0.007323664050997308
99,cv_estancia,0.0869705754035442
99,pct_estancia_larga,0.017052337174419462
100,egresos_por_anio,0.19562966578741486
100,estancia_media,0.16537251646203333
100,estancia_mediana,0.008497769052066319
100,peso_medio_grd,9.403168891822067e-05
100,severidad_media,0.07259231014529648
100,mortalidad_media,0.0001003958947132748
100,entropia_grd,0.15672623271736533
100,comorbilidades_promedio,0.019104067455843952
100,tasa_cma,0.09762138716799712
100,peso_medio_cma,0.005661722328184205
100,pct_pediatrico,3.1363835648171496e-09
100,pct_geriatrico,1.0308715484769082e-06
100,pct_femenino_fertil,6.791267196106796e-07
100,edad_mediana,5.8164008761269624e-08
100,pct_urgencia,0.5501940373284258
100,pct_programada,2.2739935054668107e-05
100,pct_obstetrica_ingreso,2.2684976483049136e-06
100,pct_alta_domicilio,0.002034316902449555
100,pct_alta_fallecido,0.00037780750667006275
100,pct_alta_traslado,0.018604420041423982
100,pct_origen_emergencia,0.0025029201690824087
100,pct_origen_referencia,0.0733852494581304
100,pct_uso_pabellon,0.008460789024262817
100,pabellones_promedio,0.01945542746007607
100,tasa_partos,2.1795763837751663e-05
100,tasa_prematurez,0.031812714364928635
100,cv_estancia,0.12679083229466226
100,pct_estancia_larga,0.09290735208338526
101,egresos_por_anio,0.7670526700582954
101,estancia_media,0.02515021929152267
101,estancia_mediana,0.004925449732940639
101,peso_medio_grd,0.0013785905659655223
101,severidad_media,0.6265825107493698
101,mortalidad_media,0.4343249970894061
101,entropia_grd,0.0010397406867217645
101,comorbilidades_promedio,0.0016851527216199655
101,tasa_cma,0.0007655555076721192
101,peso_medio_cma,0.000745811002396083
101,pct_pediatrico,4.22527739833462e-09
101,pct_geriatrico,4.22527739833462e-09
101,pct_femenino_fertil,0.004214442077511974
101,edad_mediana,4.22527739833462e-09
101,pct_urgencia,0.010969784156129824
101,pct_programada,1.6994122057939497e-05
101,pct_obstetrica_ingreso,0.0037351533052144576
101,pct_alta_domicilio,9.558053132007227e-05
101,pct_alta_fallecido,0.0001227654867897914
101,pct_alta_traslado,0.011453722105779466
101,pct_origen_emergencia,0.0007655555076721192
101,pct_origen_referencia,0.025164343618695868
101,pct_uso_pabellon,0.0025345554758535002
101,pabellones_promedio,0.00331758426944027
101,tasa_partos,0.009902971788158162
101,tasa_prematurez,0.12860243748075367
101,cv_estancia,0.007372243307785945
101,pct_estancia_larga,0.07237823009342861
102,egresos_por_anio,0.29524279775990414
102,estancia_media,4.029523917813343e-05
102,estancia_mediana,0.0022395113678490247
102,peso_medio_grd,7.151169226170742e-08
102,severidad_media,0.00016615477999872306
102,mortalidad_media,0.00010238410675487149
102,entropia_grd,0.014251992067556436
102,comorbilidades_promedio,8.549278819680084e-05
102,tasa_cma,0.9303942583852378
102,peso_medio_cma,8.549278819680084e-05
102,pct_pediatrico,7.151169226170742e-08
102,pct_geriatrico,7.151169226170742e-08
102,pct_femenino_fertil,5.446482289433624e-06
102,edad_mediana,7.151169226170742e-08
102,pct_urgencia,0.00629322601738984
102,pct_programada,9.077424336768767e-07
102,pct_obstetrica_ingreso,4.029523917813343e-05
102,pct_alta_domicilio,0.008943022785660984
102,pct_alta_fallecido,0.0007723812756498648
102,pct_alta_traslado,0.208846490907232
102,pct_origen_emergencia,4.029523917813343e-05
102,pct_origen_referencia,0.0031159568465897237
102,pct_uso_pabellon,0.00629322601738984
102,pabellones_promedio,0.014763759890740165
102,tasa_partos,0.00010922850477039987
102,tasa_prematurez,0.208846490907232
102,cv_estancia,0.014251992067556436
102,pct_estancia_larga,2.3781108166992434e-05
103,egresos_por_anio,0.9453743702329414
103,estancia_media,0.000507422917071353
103,estancia_mediana,0.004451683689339605
103,peso_medio_grd,0.00023970276056501592
103,severidad_media,0.0016228085150642578
103,mortalidad_media,0.0005391653720302993
103,entropia_grd,0.025973706236342816
103,comorbilidades_promedio,0.01015169090651236
103,tasa_cma,0.24377384026660304
103,peso_medio_cma,0.0013365035694677797
103,pct_pediatrico,1.7803318029770641e-09
103,pct_geriatrico,5.088143415280824e-08
103,pct_femenino_fertil,1.6866767988663164e-05
103,edad_mediana,1.6655508176093467e-08
103,pct_urgencia,0.901828211615228
103,pct_programada,0.011169561415871238
103,pct_obstetrica_ingreso,0.00017645916453219905
103,pct_alta_domicilio,0.00019865749990091998
103,pct_alta_fallecido,2.697724906894826e-05
103,pct_alta_traslado,0.13929066027074652
103,pct_origen_emergencia,0.24377384026660304
103,pct_origen_referencia,0.22423013882564652
103,pct_uso_pabellon,0.13929066027074652
103,pabellones_promedio,0.18172480054919132
103,tasa_partos,0.00023970276056501592
103,tasa_prematurez,0.5760915674080198
103,cv_estancia,0.13929066027074652
103,pct_estancia_larga,0.000507422917071353
104,egresos_por_anio,0.0756428223473954
104,estancia_media,0.8274813672603731
104,estancia_mediana,0.01693248440477678
104,peso_medio_grd,0.20279491426667512
104,severidad_media,0.04943402517535967
104,mortalidad_media,0.09122121111563179
104,entropia_grd,0.011332093793123596
104,comorbilidades_promedio,0.01693248440477678
104,tasa_cma,0.2533703110679882
104,peso_medio_cma,0.0030524956846773002
104,pct_pediatrico,7.035035852910394e-09
104,pct_geriatrico,7.035035852910394e-09
104,pct_femenino_fertil,0.0024001942681306163
104,edad_mediana,7.035035852910394e-09
104,pct_urgencia,5.8359916328358286e-05
104,pct_programada,0.01057498771372953
104,pct_obstetrica_ingreso,0.024078663207708646
104,pct_alta_domicilio,1.983007599870429e-08
104,pct_alta_fallecido,1.2537027361210926e-06
104,pct_alta_traslado,1.2537027361210926e-06
104,pct_origen_emergencia,0.16651019671907236
104,pct_origen_referencia,0.015486458834751424
104,pct_uso_pabellon,0.0003894053691061603
104,pabellones_promedio,0.011332093793123596
104,tasa_partos,0.007012343764072449
104,tasa_prematurez,0.0756428223473954
104,cv_estancia,0.0002604398691668294
104,pct_estancia_larga,0.9443823225842257
105,egresos_por_anio,0.17586628974166874
105,estancia_media,0.016471862808051234
105,estancia_mediana,0.04821962509184059
105,peso_medio_grd,1.0658421267776732e-06
105,severidad_media,0.006218514184671657
105,mortalidad_media,0.05783322730388867
105,entropia_grd,0.2972572625125152
105,comorbilidades_promedio,0.020000868710182904
105,tasa_cma,0.00978165524453204
105,peso_medio_cma,0.031847850352986554
105,pct_pediatrico,4.471216634651155e-07
105,pct_geriatrico,8.65480106942139e-07
105,pct_femenino_fertil,5.552137786964283e-07
105,edad_mediana,3.2006354373871004e-07
105,pct_urgencia,0.011607420856994868
105,pct_programada,1.382172408641074e-07
105,pct_obstetrica_ingreso,8.65480106942139e-07
105,pct_alta_domicilio,0.012651552942838715
105,pct_alta_fallecido,0.0002719772971945629
105,pct_alta_traslado,0.10551919489950103
105,pct_origen_emergencia,3.2394981583970094e-06
105,pct_origen_referencia,0.003748162477015096
105,pct_uso_pabellon,0.10055277341681006
105,pabellones_promedio,0.02135579258727377
105,tasa_partos,0.00011366199071639795
105,tasa_prematurez,0.09797247852568963
105,cv_estancia,0.027833095650535652
105,pct_estancia_larga,0.004250133898502573
106,egresos_por_anio,0.5304384692827523
106,estancia_media,2.6434255533111396e-06
106,estancia_mediana,5.593929019773973e-05
106,peso_medio_grd,0.004174188497576317
106,severidad_media,0.004174188497576317
106,mortalidad_media,6.567699240108222e-05
106,entropia_grd,0.06198748288281542
106,comorbilidades_promedio,0.00296260748479902
106,tasa_cma,0.8120374740559898
106,peso_medio_cma,0.11362714858111951
106,pct_pediatrico,3.1419107121128306e-09
106,pct_geriatrico,1.3744431921663298e-07
106,pct_femenino_fertil,5.83338326786177e-07
106,edad_mediana,3.446017533751519e-08
106,pct_urgencia,0.6331602879547162
106,pct_programada,0.007539237449922751
106,pct_obstetrica_ingreso,2.808045554141583e-06
106,pct_alta_domicilio,1.3976817859322162e-05
106,pct_alta_fallecido,5.83338326786177e-07
106,pct_alta_traslado,0.025967458828511352
106,pct_origen_emergencia,0.07817857548022078
106,pct_origen_referencia,0.06341732810153303
106,pct_uso_pabellon,0.11362714858111951
106,pabellones_promedio,0.6978595219169158
106,tasa_partos,2.3694181451752787e-05
106,tasa_prematurez,0.29251894564914643
106,cv_estancia,0.5401404543071961
106,pct_estancia_larga,9.498043066677789e-06
107,egresos_por_anio,0.2923303454611853
107,estancia_media,0.030530218744746374
107,estancia_mediana,0.0008946779328183351
107,peso_medio_grd,0.27436605207650155
107,severidad_media,0.042481250334183596
107,mortalidad_media,0.009836150378515521
107,entropia_grd,0.0708777268374056
107,comorbilidades_promedio,0.0018929888232677562
107,tasa_cma,0.2913223611000671
107,peso_medio_cma,0.011424849838648745
107,pct_pediatrico,1.8202668252614905e-08
107,pct_geriatrico,1.6804912511309452e-07
107,pct_femenino_fertil,0.001136557332932236
107,edad_mediana,6.357443277362285e-08
107,pct_urgencia,5.925499172134674e-05
107,pct_programada,0.030530218744746374
107,pct_obstetrica_ingreso,0.0030254704516361614
107,pct_alta_domicilio,0.0004895410167193622
107,pct_alta_fallecido,0.002918367351837195
107,pct_alta_traslado,0.0836629560936863
107,pct_origen_emergencia,0.001136557332932236
107,pct_origen_referencia,0.021905874877945746
107,pct_uso_pabellon,0.19363094657149843
107,pabellones_promedio,0.46261020784959717
107,tasa_partos,0.004184885310522807
107,tasa_prematurez,0.0708777268374056
107,cv_estancia,0.3556259632156504
107,pct_estancia_larga,0.16703522553730693
108,egresos_por_anio,0.049266006919401424
108,estancia_media,0.21889234174324768
108,estancia_mediana,0.05672996897665584
108,peso_medio_grd,0.0005194344858516599
108,severidad_media,0.002280241721081263
108,mortalidad_media,0.011648472842369303
108,entropia_grd,0.0551253812109082
108,comorbilidades_promedio,0.0651061929387449
108,tasa_cma,0.27473369282696575
108,peso_medio_cma,0.0005506253655739388
108,pct_pediatrico,5.350739115111218e-09
108,pct_geriatrico,7.490676171952441e-09
108,pct_femenino_fertil,3.7625162346557516e-05
108,edad_mediana,9.780804461586537e-09
108,pct_urgencia,0.06880024341001298
108,pct_programada,0.00012957129622161512
108,pct_obstetrica_ingreso,1.7225057829049443e-05
108,pct_alta_domicilio,0.002180079028548552
108,pct_alta_fallecido,0.0037418902546804376
108,pct_alta_traslado,0.034709950939049605
108,pct_origen_emergencia,0.00012957129622161512
108,pct_origen_referencia,0.00012957129622161512
108,pct_uso_pabellon,0.8248875735430665
108,pabellones_promedio,0.39036223613847854
108,tasa_partos,5.076632237124798e-06
108,tasa_prematurez,0.0037418902546804376
108,cv_estancia,0.011580090617543604
108,pct_estancia_larga,0.3286551921321968
109,egresos_por_anio,0.3881876042621947
109,estancia_media,0.00018513799880605518
109,estancia_mediana,0.0010632022364382232
109,peso_medio_grd,3.9518916107641585e-06
109,severidad_media,0.0006564883216149576
109,mortalidad_media,0.001248485189264098
109,entropia_grd,0.012614885918326863
109,comorbilidades_promedio,0.0025598852324555063
109,tasa_cma,0.6538913309379725
109,peso_medio_cma,0.06265354269400807
109,pct_pediatrico,5.305066878668829e-10
109,pct_geriatrico,1.2602573264243356e-08
109,pct_femenino_fertil,0.0002486223056271409
109,edad_mediana,2.6654336629143407e-09
109,pct_urgencia,0.001248485189264098
109,pct_programada,4.449880823413896e-06
109,pct_obstetrica_ingreso,0.0059951345043009864
109,pct_alta_domicilio,0.005152210799729924
109,pct_alta_fallecido,0.0002486223056271409
109,pct_alta_traslado,0.3322455868098631
109,pct_origen_emergencia,6.031787405016861e-06
109,pct_origen_referencia,2.3227634035185926e-05
109,pct_uso_pabellon,0.2998023304933402
109,pabellones_promedio,0.029543990524872832
109,tasa_partos,0.014030638187534531
109,tasa_prematurez,0.6684783555468896
109,cv_estancia,0.031804392050485346
109,pct_estancia_larga,4.087312290529697e-05
110,egresos_por_anio,0.1725731717912906
110,estancia_media,0.004616620891637973
110,estancia_mediana,0.0004121004658657604
110,peso_medio_grd,0.00017500152413297182
110,severidad_media,0.004616620891637973
110,mortalidad_media,0.002124173760757137
110,entropia_grd,0.02354350152181823
110,comorbilidades_promedio,0.06455975041148738
110,tasa_cma,0.0786684292911414
110,peso_medio_cma,0.00017500152413297182
110,pct_pediatrico,1.0295342145884788e-09
110,pct_geriatrico,5.934750897909318e-08
110,pct_femenino_fertil,5.774777800226384e-07
110,edad_mediana,5.578601829192556e-09
110,pct_urgencia,0.09761270225276639
110,pct_programada,0.0004974813039266652
110,pct_obstetrica_ingreso,9.345248629129398e-06
110,pct_alta_domicilio,0.058766686389753006
110,pct_alta_fallecido,0.0008216709085110489
110,pct_alta_traslado,0.5035398670451576
110,pct_origen_emergencia,0.0013546265012743604
110,pct_origen_referencia,0.008801128902083738
110,pct_uso_pabellon,0.005711935397580478
110,pabellones_promedio,0.008278322582947176
110,tasa_partos,1.79301273866147e-05
110,tasa_prematurez,0.020570104075084392
110,cv_estancia,0.04389987701286054
110,pct_estancia_larga,0.02464874443142105
111,egresos_por_anio,0.001479234575403058
111,estancia_media,0.26544579743743146
111,estancia_mediana,0.3310734632172098
111,peso_medio_grd,4.222537648611135e-07
111,severidad_media,0.0008330121670212451
111,mortalidad_media,0.00246575701845101
111,entropia_grd,0.3327066466447926
111,comorbilidades_promedio,0.04783730660623379
111,tasa_cma,0.22230363811924328
111,peso_medio_cma,0.07699868691475652
111,pct_pediatrico,2.75026601001776e-08
111,pct_geriatrico,2.7038321662854092e-05
111,pct_femenino_fertil,7.29782230106244e-08
111,edad_mediana,4.6412332421341735e-07
111,pct_urgencia,0.06130462462958807
111,pct_programada,4.6412332421341735e-07
111,pct_obstetrica_ingreso,7.29782230106244e-08
111,pct_alta_domicilio,0.04780465140114622
111,pct_alta_fallecido,2.475123327353075e-05
111,pct_alta_traslado,0.2429166546846273
111,pct_origen_emergencia,4.7197779119251634e-05
111,pct_origen_referencia,0.005192994634521707
111,pct_uso_pabellon,0.006010695661061052
111,pabellones_promedio,0.0034935383810489992
111,tasa_partos,7.075232391798988e-08
111,tasa_prematurez,0.015453924282970216
111,cv_estancia,0.06130462462958807
111,pct_estancia_larga,0.3037526181413641
112,egresos_por_anio,0.3412694836826624
112,estancia_media,0.01885293894491791
112,estancia_mediana,0.003577230297359206
112,peso_medio_grd,0.0004525561641429735
112,severidad_media,0.08386521511738018
112,mortalidad_media,0.374633647867448
112,entropia_grd,0.501761406357315
112,comorbilidades_promedio,0.0012892303100370966
112,tasa_cma,0.08386521511738018
112,peso_medio_cma,0.0002409520509214664
112,pct_pediatrico,1.4530648480513246e-09
112,pct_geriatrico,4.297837622187073e-09
112,pct_femenino_fertil,0.0019332157413349553
112,edad_mediana,1.4530648480513246e-09
112,pct_urgencia,0.0004923578415288265
112,pct_programada,0.0001417507946664902
112,pct_obstetrica_ingreso,0.06089721089408403
112,pct_alta_domicilio,0.0002324330606638502
112,pct_alta_fallecido,1.549003924711901e-05
112,pct_alta_traslado,0.0005682377139330617
112,pct_origen_emergencia,0.00010294392659905465
112,pct_origen_referencia,0.004504453265892589
112,pct_uso_pabellon,0.0002548459975817577
112,pabellones_promedio,0.0007708258841371837
112,tasa_partos,0.5371527944842389
112,tasa_prematurez,0.849043945151662
112,cv_estancia,0.11783828123167846
112,pct_estancia_larga,0.03973574287350243
113,egresos_por_anio,0.08970553966781218
113,estancia_media,6.70048786421088e-05
113,estancia_mediana,0.00024232652580647237
113,peso_medio_grd,0.002409504670304963
113,severidad_media,6.70048786421088e-05
113,mortalidad_media,1.1205366044315815e-05
113,entropia_grd,0.0008186764293022209
113,comorbilidades_promedio,0.002409504670304963
113,tasa_cma,0.01480226134117337
113,peso_medio_cma,6.931774381823865e-05
113,pct_pediatrico,1.7532934801350435e-09
113,pct_geriatrico,2.0465722104149765e-08
113,pct_femenino_fertil,0.0003161764205085017
113,edad_mediana,2.3554915091335035e-09
113,pct_urgencia,9.26055331465278e-05
113,pct_programada,0.003100156584831056
113,pct_obstetrica_ingreso,0.0036006111508240686
113,pct_alta_domicilio,6.70048786421088e-05
113,pct_alta_fallecido,1.5491320404242557e-05
113,pct_alta_traslado,0.034186123076150994
113,pct_origen_emergencia,0.047924680503300024
113,pct_origen_referencia,0.02649928673513799
113,pct_uso_pabellon,6.439775197367129e-05
113,pabellones_promedio,0.02030433234084732
113,tasa_partos,0.005422888947568644
113,tasa_prematurez,0.8010780366583984
113,cv_estancia,0.15087669307163304
113,pct_estancia_larga,0.0003622629257087767
114,egresos_por_anio,0.24230994271004655
114,estancia_media,0.2507124191640053
114,estancia_mediana,0.012318194809098968
114,peso_medio_grd,0.000610048659367613
114,severidad_media,0.09853151798852919
114,mortalidad_media,0.049228443724633086
114,entropia_grd,0.00018947806633493863
114,comorbilidades_promedio,0.012961237814624533
114,tasa_cma,0.00016109984601115701
114,peso_medio_cma,0.007644920298255819
114,pct_pediatrico,2.05452723105255e-06
114,pct_geriatrico,3.03635092947647e-07
114,pct_femenino_fertil,0.13038717134723518
114,edad_mediana,4.344416193534934e-08
114,pct_urgencia,4.697479759495893e-06
114,pct_programada,2.05452723105255e-06
114,pct_obstetrica_ingreso,0.02272686364679179
114,pct_alta_domicilio,0.001386963669336335
114,pct_alta_fallecido,0.032273957888995695
114,pct_alta_traslado,0.0026218300837092374
114,pct_origen_emergencia,8.336225030751143e-05
114,pct_origen_referencia,0.0012489743135860802
114,pct_uso_pabellon,4.697479759495893e-06
114,pabellones_promedio,1.865119822349105e-05
114,tasa_partos,0.004046257746313544
114,tasa_prematurez,0.1488956670721097
114,cv_estancia,0.5443061712701192
114,pct_estancia_larga,0.38535287514431305
115,egresos_por_anio,0.6958699420127435
115,estancia_media,0.0002054004089069106
115,estancia_mediana,2.0901682330880347e-05
115,peso_medio_grd,0.03926938517589524
115,severidad_media,0.00028505159491195935
115,mortalidad_media,0.0002054004089069106
115,entropia_grd,0.025726426011401276
115,comorbilidades_promedio,0.0010508578866947522
115,tasa_cma,0.07062327662632083
115,peso_medio_cma,0.010467943681386179
115,pct_pediatrico,2.054060788415941e-05
115,pct_geriatrico,6.886841210953025e-06
115,pct_femenino_fertil,0.0002079682576695645
115,edad_mediana,2.3552794883287268e-05
115,pct_urgencia,0.0007838536432280635
115,pct_programada,0.15176754289469432
115,pct_obstetrica_ingreso,0.002296327179126561
115,pct_alta_domicilio,2.3552794883287268e-05
115,pct_alta_fallecido,2.3552794883287268e-05
115,pct_alta_traslado,0.0002054004089069106
115,pct_origen_emergencia,0.007272469139562379
115,pct_origen_referencia,0.0007838536432280635
115,pct_uso_pabellon,0.0007838536432280635
115,pabellones_promedio,0.07002460274076251
115,tasa_partos,0.0005573325921499347
115,tasa_prematurez,0.02648405506974645
115,cv_estancia,0.7424047648866405
115,pct_estancia_larga,0.0029688627517708358
116,egresos_por_anio,0.26122086207473594
116,estancia_media,0.04345498276503898
116,estancia_mediana,0.04350675484980975
116,peso_medio_grd,8.352030203912773e-05
116,severidad_media,0.0020989579815993563
116,mortalidad_media,9.796826696109716e-05
116,entropia_grd,0.6259800061056568
116,comorbilidades_promedio,0.0040703231891005935
116,tasa_cma,0.015083482167211133
116,peso_medio_cma,0.007798919886766356
116,pct_pediatrico,4.191669313003907e-09
116,pct_geriatrico,1.6032438598597025e-05
116,pct_femenino_fertil,7.874729277918629e-07
116,edad_mediana,3.728151336012118e-06
116,pct_urgencia,0.0020989579815993563
116,pct_programada,7.569250943741469e-05
116,pct_obstetrica_ingreso,3.728151336012118e-06
116,pct_alta_domicilio,6.053564959952565e-06
116,pct_alta_fallecido,6.053564959952565e-06
116,pct_alta_traslado,0.004117901822264457
116,pct_origen_emergencia,0.016025383383764556
116,pct_origen_referencia,0.1573070880811954
116,pct_uso_pabellon,6.351240426148949e-06
116,pabellones_promedio,0.0005795305475793966
116,tasa_partos,4.6402632684114186e-05
116,tasa_prematurez,0.02026957380553883
116,cv_estancia,0.010141212933157114
116,pct_estancia_larga,0.025910796965592096
117,egresos_por_anio,0.27691721612895576
117,estancia_media,2.7655569279879715e-05
117,estancia_mediana,1.7204480936798489e-07
117,peso_medio_grd,0.00031909579842997603
117,severidad_media,9.567748345041798e-06
117,mortalidad_media,6.179630178278277e-07
117,entropia_grd,0.00841632178243701
117,comorbilidades_promedio,0.0001522699473225951
117,tasa_cma,0.38266310247955654
117,peso_medio_cma,0.00506656742827081
117,pct_pediatrico,3.89730747995258e-09
117,pct_geriatrico,4.005232806460578e-09
117,pct_femenino_fertil,1.1335269914070264e-05
117,edad_mediana,3.1878213243850887e-09
117,pct_urgencia,0.00862957731378884
117,pct_programada,0.006656121528993704
117,pct_obstetrica_ingreso,3.9742706560536295e-05
117,pct_alta_domicilio,0.22243187961127484
117,pct_alta_fallecido,0.002452454703214872
117,pct_alta_traslado,0.6792804932564347
117,pct_origen_emergencia,0.017342155771439324
117,pct_origen_referencia,0.03523802904039217
117,pct_uso_pabellon,0.00015184598453000804
117,pabellones_promedio,0.0030309980676140433
117,tasa_partos,0.0002623117974687267
117,tasa_prematurez,0.14315673370172763
117,cv_estancia,0.4128786733559816
117,pct_estancia_larga,0.000858138977931167
118,egresos_por_anio,0.49522411729902815
118,estancia_media,0.002295668372623242
118,estancia_mediana,0.00043664179909500727
118,peso_medio_grd,0.06360044258094985
118,severidad_media,0.016572135902405576
118,mortalidad_media,0.014880615467018401
118,entropia_grd,0.0005076131321023644
118,comorbilidades_promedio,0.0022711396542842723
118,tasa_cma,0.8515010255918501
118,peso_medio_cma,0.03398981777899096
118,pct_pediatrico,1.4909316793423517e-08
118,pct_geriatrico,5.048559755329821e-08
118,pct_femenino_fertil,9.415270804202497e-05
118,edad_mediana,1.4909316793423517e-08
118,pct_urgencia,0.03699382821355785
118,pct_programada,0.6615558689319506
118,pct_obstetrica_ingreso,0.0008924745625121919
118,pct_alta_domicilio,0.0005076131321023644
118,pct_alta_fallecido,6.9482756079054945e-06
118,pct_alta_traslado,0.10467885187725615
118,pct_origen_emergencia,0.2201818202711521
118,pct_origen_referencia,0.07125224965989647
118,pct_uso_pabellon,0.06980780779740596
118,pabellones_promedio,0.7190065707819787
118,tasa_partos,0.0007038080639901695
118,tasa_prematurez,0.02011219541681327
118,cv_estancia,0.07703473186019838
118,pct_estancia_larga,0.009520839495855533
119,egresos_por_anio,0.00012641944909149442
119,estancia_media,0.11066281732620192
119,estancia_mediana,0.09532799014888137
119,peso_medio_grd,2.3613882646805805e-06
119,severidad_media,0.0025597938926195498
119,mortalidad_media,0.00035966311462011047
119,entropia_grd,0.6168716495453177
119,comorbilidades_promedio,0.0005781110902759456
119,tasa_cma,0.11970397944020077
119,peso_medio_cma,0.1581194540449533
119,pct_pediatrico,4.988710641911108e-07
119,pct_geriatrico,5.365124347294704e-06
119,pct_femenino_fertil,9.184409532485736e-08
119,edad_mediana,1.2338727034749004e-07
119,pct_urgencia,0.3987264775307372
119,pct_programada,1.1771634550899706e-06
119,pct_obstetrica_ingreso,2.1672555683991948e-08
119,pct_alta_domicilio,0.0004921105295265785
119,pct_alta_fallecido,0.0016133950344985745
119,pct_alta_traslado,0.07557011093136225
119,pct_origen_emergencia,5.365124347294704e-06
119,pct_origen_referencia,0.000688372530105539
119,pct_uso_pabellon,0.38578603593975397
119,pabellones_promedio,0.024181932685084447
119,tasa_partos,9.418963358650215e-08
119,tasa_prematurez,3.440183409587485e-05
119,cv_estancia,0.2888415686913393
119,pct_estancia_larga,0.1678722474623306
120,egresos_por_anio,0.8980158183417157
120,estancia_media,0.0015204345149717922
120,estancia_mediana,0.0005361961154982364
120,peso_medio_grd,0.0006137603907299171
120,severidad_media,2.7810270583782085e-06
120,mortalidad_media,3.294950085907531e-05
120,entropia_grd,2.1512983874656632e-05
120,comorbilidades_promedio,0.03517680703847278
120,tasa_cma,0.8306030972912796
120,peso_medio_cma,0.0020581797384731787
120,pct_pediatrico,7.415042643486364e-09
120,pct_geriatrico,2.8270952715546415e-08
120,pct_femenino_fertil,7.415042643486364e-09
120,edad_mediana,1.0478743831899213e-08
120,pct_urgencia,0.6356528203384401
120,pct_programada,0.025484213908919116
120,pct_obstetrica_ingreso,2.8270952715546415e-08
120,pct_alta_domicilio,0.004866797855151918
120,pct_alta_fallecido,4.074629149491743e-05
120,pct_alta_traslado,0.021303666380644088
120,pct_origen_emergencia,0.003689759603737909
120,pct_origen_referencia,0.0002696901992498529
120,pct_uso_pabellon,0.12014048194938057
120,pabellones_promedio,0.4891798700960474
120,tasa_partos,3.485491219147863e-07
120,tasa_prematurez,0.18568520825762355
120,cv_estancia,0.022541938275788473
120,pct_estancia_larga,0.003993082985900817
121,egresos_por_anio,0.00045104453810894727
121,estancia_media,0.00041706085912315973
121,estancia_mediana,0.0023240837950227167
121,peso_medio_grd,5.770729075765472e-06
121,severidad_media,0.0279941534759439
121,mortalidad_media,0.0037606024346375825
121,entropia_grd,0.8792535589303627
121,comorbilidades_promedio,0.4148587089364502
121,tasa_cma,0.29917657379614515
121,peso_medio_cma,0.0013719756569366519
121,pct_pediatrico,1.885990996877251e-07
121,pct_geriatrico,2.7404221566394257e-07
121,pct_femenino_fertil,2.721825140092879e-06
121,edad_mediana,2.7404221566394257e-07
121,pct_urgencia,0.8062205456847233
121,pct_programada,0.0012997878230810518
121,pct_obstetrica_ingreso,2.7404221566394257e-07
121,pct_alta_domicilio,0.025773478288949665
121,pct_alta_fallecido,7.854798790206258e-06
121,pct_alta_traslado,0.0004997584515067056
121,pct_origen_emergencia,0.0003776404610888132
121,pct_origen_referencia,0.00041706085912315973
121,pct_uso_pabellon,0.0003262257121785998
121,pabellones_promedio,0.0017223648223311926
121,tasa_partos,1.068413803374235e-06
121,tasa_prematurez,0.003118018846760523
121,cv_estancia,0.011695838458496392
121,pct_estancia_larga,0.00393877976016093
122,egresos_por_anio,0.05869355003291924
122,estancia_media,0.094285329819303
122,estancia_mediana,0.3254996799738967
122,peso_medio_grd,1.8238822990048091e-06
122,severidad_media,0.5371331111382018
122,mortalidad_media,0.5410880907836879
122,entropia_grd,0.0005542893729245507
122,comorbilidades_promedio,0.05869355003291924
122,tasa_cma,0.5122422087988718
122,peso_medio_cma,0.00033355055662531935
122,pct_pediatrico,3.858065378974644e-08
122,pct_geriatrico,1.2360677330250644e-05
122,pct_femenino_fertil,0.0015052926861162815
122,edad_mediana,4.4996804923144086e-07
122,pct_urgencia,1.23464182998442e-05
122,pct_programada,1.3039986800449163e-07
122,pct_obstetrica_ingreso,0.005052630725493032
122,pct_alta_domicilio,0.00019258490529546312
122,pct_alta_fallecido,9.96760922439778e-06
122,pct_alta_traslado,0.04490245727593695
122,pct_origen_emergencia,1.4945729140410795e-06
122,pct_origen_referencia,1.9821479969227004e-05
122,pct_uso_pabellon,5.114896946896535e-06
122,pabellones_promedio,1.9821479969227004e-05
122,tasa_partos,0.029484287983481922
122,tasa_prematurez,0.007876625366878517
122,cv_estancia,0.011139503025366043
122,pct_estancia_larga,0.09603353508176302
123,egresos_por_anio,0.058407740594910725
123,estancia_media,0.003553017343586989
123,estancia_mediana,0.00019038119626100576
123,peso_medio_grd,0.05428095941988985
123,severidad_media,0.0002119354541686358
123,mortalidad_media,1.2294649223360838e-05
123,entropia_grd,0.002099453419728051
123,comorbilidades_promedio,0.0002458412458930267
123,tasa_cma,0.012066749576036514
123,peso_medio_cma,0.002099453419728051
123,pct_pediatrico,8.350782743216408e-10
123,pct_geriatrico,3.729468939480457e-09
123,pct_femenino_fertil,1.1408032661551928e-05
123,edad_mediana,8.350782743216408e-10
123,pct_urgencia,0.3762371938850289
123,pct_programada,0.18856869229456028
123,pct_obstetrica_ingreso,1.2294649223360838e-05
123,pct_alta_domicilio,0.03283644027594943
123,pct_alta_fallecido,0.00019038119626100576
123,pct_alta_traslado,0.17822730884393434
123,pct_origen_emergencia,0.05428095941988985
123,pct_origen_referencia,0.010725896166615007
123,pct_uso_pabellon,0.006792146852699937
123,pabellones_promedio,0.05025472933676014
123,tasa_partos,3.5410125982792683e-06
123,tasa_prematurez,0.04121908658784242
123,cv_estancia,0.0018597260915144144
123,pct_estancia_larga,0.019225851694358403
124,egresos_por_anio,0.7092774623786025
124,estancia_media,7.572127129889294e-05
124,estancia_mediana,0.0024155510665690547
124,peso_medio_grd,1.6459344131259777e-05
124,severidad_media,0.008611410032896031
124,mortalidad_media,0.0004561184452856244
124,entropia_grd,0.0004598888858835853
124,comorbilidades_promedio,0.10303955586768286
124,tasa_cma,0.15255264705518856
124,peso_medio_cma,0.002929593346205925
124,pct_pediatrico,4.179685901852827e-06
124,pct_geriatrico,3.1001962248429653e-06
124,pct_femenino_fertil,3.1001962248429653e-06
124,edad_mediana,3.1001962248429653e-06
124,pct_urgencia,4.179685901852827e-06
124,pct_programada,0.0001182795847437804
124,pct_obstetrica_ingreso,3.1001962248429653e-06
124,pct_alta_domicilio,0.0001880909767337625
124,pct_alta_fallecido,8.176423504438556e-05
124,pct_alta_traslado,0.008611410032896031
124,pct_origen_emergencia,0.008611410032896031
124,pct_origen_referencia,0.3183559086427623
124,pct_uso_pabellon,1.6459344131259777e-05
124,pabellones_promedio,0.0001101732490108234
124,tasa_partos,4.179685901852827e-06
124,tasa_prematurez,0.21896121195451493
124,cv_estancia,0.06641950293027962
124,pct_estancia_larga,0.0004598888858835853
125,egresos_por_anio,0.7000277830939485
125,estancia_media,7.89473979181905e-05
125,estancia_mediana,0.0001064790608673489
125,peso_medio_grd,1.8068865513528276e-05
125,severidad_media,0.008091970075658024
125,mortalidad_media,0.0019679222354704014
125,entropia_grd,0.025213564355645243
125,comorbilidades_promedio,0.004497249480012319
125,tasa_cma,0.028783338621098085
125,peso_medio_cma,0.0065804785375829095
125,pct_pediatrico,6.101719199004964e-09
125,pct_geriatrico,5.505408871288779e-06
125,pct_femenino_fertil,1.563070372599538e-06
125,edad_mediana,7.139975667843527e-07
125,pct_urgencia,0.0001661028042580314
125,pct_programada,3.752919277628612e-05
125,pct_obstetrica_ingreso,7.947382286246103e-06
125,pct_alta_domicilio,6.785601219646158e-05
125,pct_alta_fallecido,7.464451732770724e-05
125,pct_alta_traslado,0.0357132305129283
125,pct_origen_emergencia,0.002472930678062291
125,pct_origen_referencia,0.18302555643994686
125,pct_uso_pabellon,0.0357132305129283
125,pabellones_promedio,0.03513129364486969
125,tasa_partos,6.785601219646158e-05
125,tasa_prematurez,0.6483836357455635
125,cv_estancia,0.00016951995187330297
125,pct_estancia_larga,9.573124188998957e-05
126,egresos_por_anio,0.033691751683921495
126,estancia_media,0.003582157147316481
126,estancia_mediana,0.01594621771053083
126,peso_medio_grd,0.0003840106421870491
126,severidad_media,0.0008235072264284429
126,mortalidad_media,0.0004524976705838797
126,entropia_grd,0.008854930032674813
126,comorbilidades_promedio,0.0682082980951519
126,tasa_cma,0.2068221073966005
126,peso_medio_cma,0.05825751657004879
126,pct_pediatrico,3.966706691204036e-09
126,pct_geriatrico,8.124056075617762e-08
126,pct_femenino_fertil,2.4113103518553715e-07
126,edad_mediana,7.116901122261065e-09
126,pct_urgencia,0.10289722183113849
126,pct_programada,0.041094205693582526
126,pct_obstetrica_ingreso,6.759227397372827e-07
126,pct_alta_domicilio,0.0037487693412800124
126,pct_alta_fallecido,0.009171841069649965
126,pct_alta_traslado,0.016019676195319778
126,pct_origen_emergencia,0.033691751683921495
126,pct_origen_referencia,0.009171841069649965
126,pct_uso_pabellon,0.025916937541621807
126,pabellones_promedio,0.064804911354202
126,tasa_partos,1.7119672340198943e-06
126,tasa_prematurez,0.009171841069649965
126,cv_estancia,0.03705240579978947
126,pct_estancia_larga,0.007047636736051985
127,egresos_por_anio,0.3990636320543074
127,estancia_media,0.00012821558337267546
127,estancia_mediana,0.00073819733895465
127,peso_medio_grd,7.043934849910001e-07
127,severidad_media,0.0006156659151103676
127,mortalidad_media,0.0028916815598210746
127,entropia_grd,0.25403689529198437
127,comorbilidades_promedio,0.6045694534273358
127,tasa_cma,0.4872545874073416
127,peso_medio_cma,0.10626186238918364
127,pct_pediatrico,3.662327957102894e-08
127,pct_geriatrico,5.174271314121138e-07
127,pct_femenino_fertil,2.7358699628132114e-06
127,edad_mediana,1.7360872230785285e-07
127,pct_urgencia,0.006964058864727728
127,pct_programada,2.7358699628132114e-06
127,pct_obstetrica_ingreso,2.7358699628132114e-06
127,pct_alta_domicilio,0.0004684976133597131
127,pct_alta_fallecido,0.06858190100172921
127,pct_alta_traslado,0.0030493883022948073
127,pct_origen_emergencia,2.7358699628132114e-06
127,pct_origen_referencia,1.8361807609337793e-05
127,pct_uso_pabellon,0.002262289945074333
127,pabellones_promedio,0.026658525619588636
127,tasa_partos,2.8679097585643963e-05
127,tasa_prematurez,0.07917509338705467
127,cv_estancia,0.0001815898215736071
127,pct_estancia_larga,0.0001815898215736071
128,egresos_por_anio,0.010422222913716027
128,estancia_media,8.150870159926495e-05
128,estancia_mediana,1.0030111610240466e-05
128,peso_medio_grd,1.0030111610240466e-05
128,severidad_media,0.0005184322377131777
128,mortalidad_media,7.033334119702714e-06
128,entropia_grd,0.007972267574792765
128,comorbilidades_promedio,0.00021111119022344547
128,tasa_cma,0.007972267574792765
128,peso_medio_cma,0.0007134908215294298
128,pct_pediatrico,4.346538904075118e-05
128,pct_geriatrico,7.950136335199889e-08
128,pct_femenino_fertil,0.0006622031642012639
128,edad_mediana,1.843906539634522e-07
128,pct_urgencia,0.00010514337423686617
128,pct_programada,8.773858874801543e-07
128,pct_obstetrica_ingreso,0.0005768430156142395
128,pct_alta_domicilio,2.0573627349055394e-07
128,pct_alta_fallecido,1.8070095140483645e-05
128,pct_alta_traslado,0.00018483168433203954
128,pct_origen_emergencia,1.068005652361257e-05
128,pct_origen_referencia,3.765677569462797e-05
128,pct_uso_pabellon,3.765677569462797e-05
128,pabellones_promedio,4.2541818411840615e-05
128,tasa_partos,0.0005768430156142395
128,tasa_prematurez,0.003114952747358162
128,cv_estancia,0.000540910965745904
128,pct_estancia_larga,0.0017852746141851237
129,egresos_por_anio,0.050728464238720496
129,estancia_media,0.00288655756724233
129,estancia_mediana,0.0003484061129875868
129,peso_medio_grd,0.05038515190977742
129,severidad_media,0.00024365810656018486
129,mortalidad_media,0.00024145816570332298
129,entropia_grd,0.0005190769703329693
129,comorbilidades_promedio,0.020363063981965492
129,tasa_cma,0.47163681379470346
129,peso_medio_cma,0.020035899251434473
129,pct_pediatrico,1.0332419446720197e-09
129,pct_geriatrico,4.958427544662898e-08
129,pct_femenino_fertil,5.304709483048201e-07
129,edad_mediana,3.9510320482975775e-09
129,pct_urgencia,0.009509106706867833
129,pct_programada,0.1833084897479364
129,pct_obstetrica_ingreso,0.00010651941795805133
129,pct_alta_domicilio,0.00025925119566158546
129,pct_alta_fallecido,0.0005190769703329693
129,pct_alta_traslado,0.00039464406599460457
129,pct_origen_emergencia,0.031233959980009874
129,pct_origen_referencia,0.00288655756724233
129,pct_uso_pabellon,0.005512716507592421
129,pabellones_promedio,0.07178936777737463
129,tasa_partos,0.00012072713887696207
129,tasa_prematurez,0.020363063981965492
129,cv_estancia,0.11334037392721108
129,pct_estancia_larga,0.005396741474415018
130,egresos_por_anio,0.26482705771798426
130,estancia_media,0.004701938722718846
130,estancia_mediana,0.0014193780362958472
130,peso_medio_grd,3.0641014967313824e-06
130,severidad_media,0.0436201070098991
130,mortalidad_media,0.0019717917185434084
130,entropia_grd,0.038538007387044895
130,comorbilidades_promedio,0.001346341507037601
130,tasa_cma,0.05749939881181036
130,peso_medio_cma,0.0016450560352723074
130,pct_pediatrico,3.773070196975831e-07
130,pct_geriatrico,2.5136013464103463e-06
130,pct_femenino_fertil,1.0032282894036658e-05
130,edad_mediana,1.8498502907410826e-06
130,pct_urgencia,0.05749939881181036
130,pct_programada,4.5219376728734664e-06
130,pct_obstetrica_ingreso,2.283001090465638e-05
130,pct_alta_domicilio,0.00013503952756643335
130,pct_alta_fallecido,2.5136013464103463e-06
130,pct_alta_traslado,0.12842967259751628
130,pct_origen_emergencia,4.5219376728734664e-06
130,pct_origen_referencia,7.604630111797217e-05
130,pct_uso_pabellon,0.35321727150803695
130,pabellones_promedio,0.144559388016618
130,tasa_partos,0.0003154736726692288
130,tasa_prematurez,0.05749939881181036
130,cv_estancia,0.07126899717052261
130,pct_estancia_larga,0.01922770348990565
131,egresos_por_anio,0.03597881074483514
131,estancia_media,0.006785897998819026
131,estancia_mediana,0.005102161808112089
131,peso_medio_grd,0.20882225286480943
131,severidad_media,0.1160064038865362
131,mortalidad_media,0.032909202923958276
131,entropia_grd,7.18285964814839e-05
131,comorbilidades_promedio,0.03597881074483514
131,tasa_cma,0.20882225286480943
131,peso_medio_cma,0.1149396523582139
131,pct_pediatrico,5.771849002375864e-08
131,pct_geriatrico,2.8172388376843442e-06
131,pct_femenino_fertil,0.0006054118445984604
131,edad_mediana,5.369984411876609e-07
131,pct_urgencia,8.630657193457263e-07
131,pct_programada,1.5981010431949093e-06
131,pct_obstetrica_ingreso,0.011219129619084537
131,pct_alta_domicilio,2.9399781321322656e-06
131,pct_alta_fallecido,2.8172388376843442e-06
131,pct_alta_traslado,0.04198390949511555
131,pct_origen_emergencia,0.0015269688867073357
131,pct_origen_referencia,0.4108728483785281
131,pct_uso_pabellon,0.006785897998819026
131,pabellones_promedio,0.15990416484359113
131,tasa_partos,0.005236863236841454
131,tasa_prematurez,0.052015800969834165
131,cv_estancia,0.0816812472103782
131,pct_estancia_larga,0.044093595331209386
132,egresos_por_anio,0.6086810653828253
132,estancia_media,0.003970939049634606
132,estancia_mediana,0.0005222308315526636
132,peso_medio_grd,2.8997583153016808e-06
132,severidad_media,0.01669409787556315
132,mortalidad_media,0.08497976300264178
132,entropia_grd,0.08497976300264178
132,comorbilidades_promedio,0.01241943467354442
132,tasa_cma,0.37587672943250305
132,peso_medio_cma,0.0006421131742587827
132,pct_pediatrico,1.412967281398429e-08
132,pct_geriatrico,2.8997583153016808e-06
132,pct_femenino_fertil,0.0005222308315526636
132,edad_mediana,4.6395732847153745e-07
132,pct_urgencia,0.0001433910479591321
132,pct_programada,9.499885895954742e-06
132,pct_obstetrica_ingreso,0.002022608503507865
132,pct_alta_domicilio,0.0055705171183376674
132,pct_alta_fallecido,0.00013068880537104007
132,pct_alta_traslado,0.3191144156536935
132,pct_origen_emergencia,0.0018881646530611383
132,pct_origen_referencia,0.4090136692631335
132,pct_uso_pabellon,4.195261731149554e-06
132,pabellones_promedio,2.7390163213316167e-05
132,tasa_partos,0.011819344256225248
132,tasa_prematurez,0.9389582767695678
132,cv_estancia,0.05782481855274843
132,pct_estancia_larga,0.0008894811639963139
133,egresos_por_anio,0.014641052554147993
133,estancia_media,0.00020361876183262292
133,estancia_mediana,1.8067202803437053e-05
133,peso_medio_grd,0.009766225085996928
133,severidad_media,0.10235482585437865
133,mortalidad_media,0.047892181741988955
133,entropia_grd,0.017388792852748396
133,comorbilidades_promedio,0.004001463455979563
133,tasa_cma,0.3019246915339956
133,peso_medio_cma,0.021694370669983115
133,pct_pediatrico,1.3048716972287648e-09
133,pct_geriatrico,2.770145709873239e-09
133,pct_femenino_fertil,0.0003770328678150231
133,edad_mediana,2.770145709873239e-09
133,pct_urgencia,0.06334442985687765
133,pct_programada,0.0007289346571727559
133,pct_obstetrica_ingreso,0.005869459989594422
133,pct_alta_domicilio,0.004001463455979563
133,pct_alta_fallecido,3.4180337797655066e-07
133,pct_alta_traslado,0.03837754050773068
133,pct_origen_emergencia,0.0019438304336135215
133,pct_origen_referencia,0.0039387555347509175
133,pct_uso_pabellon,0.5357364142776615
133,pabellones_promedio,0.17684761956035286
133,tasa_partos,0.013483547893804902
133,tasa_prematurez,0.002283581470567336
133,cv_estancia,0.001676512533758009
133,pct_estancia_larga,0.004001463455979563
134,egresos_por_anio,0.03678317633814975
134,estancia_media,3.2193770902567773e-06
134,estancia_mediana,0.00011128248194972446
134,peso_medio_grd,2.1414620341285835e-05
134,severidad_media,0.007827338172867519
134,mortalidad_media,0.0016532919292280698
134,entropia_grd,0.07461000059418951
134,comorbilidades_promedio,0.0003165938198283267
134,tasa_cma,0.020214730787820906
134,peso_medio_cma,0.0013306068565057672
134,pct_pediatrico,1.5199639969259717e-08
134,pct_geriatrico,9.152591892808635e-08
134,pct_femenino_fertil,0.05762531725235342
134,edad_mediana,1.5199639969259717e-08
134,pct_urgencia,0.005619004989076923
134,pct_programada,0.0013306068565057672
134,pct_obstetrica_ingreso,0.16850845374015588
134,pct_alta_domicilio,0.002634405100309816
134,pct_alta_fallecido,3.3747122699672264e-07
134,pct_alta_traslado,0.2507072759190994
134,pct_origen_emergencia,0.0007844762940043331
134,pct_origen_referencia,0.031083196483998952
134,pct_uso_pabellon,0.0006575269909615709
134,pabellones_promedio,0.013224067484663909
134,tasa_partos,0.2507072759190994
134,tasa_prematurez,0.08626518723415331
134,cv_estancia,0.19054006403067303
134,pct_estancia_larga,5.809907578798143e-06
135,egresos_por_anio,0.7701426696814396
135,estancia_media,6.955925342943406e-06
135,estancia_mediana,4.326584505309988e-06
135,peso_medio_grd,0.00013293593859024517
135,severidad_media,7.41374200932767e-05
135,mortalidad_media,1.0120483797203638e-05
135,entropia_grd,1.21576362403271e-05
135,comorbilidades_promedio,0.005430990129061398
135,tasa_cma,0.02995791791314395
135,peso_medio_cma,0.006876669834492769
135,pct_pediatrico,1.0498549665257273e-05
135,pct_geriatrico,1.5025167049550028e-06
135,pct_femenino_fertil,9.206826941384715e-06
135,edad_mediana,1.5025167049550028e-06
135,pct_urgencia,2.1641612449657382e-06
135,pct_programada,1.556853987751386e-05
135,pct_obstetrica_ingreso,4.326584505309988e-06
135,pct_alta_domicilio,9.206826941384715e-06
135,pct_alta_fallecido,2.2764333407239125e-05
135,pct_alta_traslado,0.0049929072940184714
135,pct_origen_emergencia,1.0120483797203638e-05
135,pct_origen_referencia,8.149963525913039e-05
135,pct_uso_pabellon,1.0844239289034623e-05
135,pabellones_promedio,0.00047244613301329863
135,tasa_partos,4.326584505309988e-06
135,tasa_prematurez,0.7977247422114204
135,cv_estancia,0.024098487500501833
135,pct_estancia_larga,0.00013293593859024517
136,egresos_por_anio,0.050969819753834224
136,estancia_media,0.0002991394900563397
136,estancia_mediana,0.0024223907988992666
136,peso_medio_grd,0.0002991394900563397
136,severidad_media,0.05071686460731693
136,mortalidad_media,0.050969819753834224
136,entropia_grd,0.001668238788263534
136,comorbilidades_promedio,0.2984809638612237
136,tasa_cma,0.021650943332573103
136,peso_medio_cma,0.014539342044305936
136,pct_pediatrico,3.002231939846138e-08
136,pct_geriatrico,6.984453294564453e-07
136,pct_femenino_fertil,1.4109816567116898e-07
136,edad_mediana,1.14092534503912e-07
136,pct_urgencia,0.2552466325941547
136,pct_programada,7.257335962720971e-05
136,pct_obstetrica_ingreso,6.984453294564453e-07
136,pct_alta_domicilio,0.021650943332573103
136,pct_alta_fallecido,0.0002991394900563397
136,pct_alta_traslado,0.2552466325941547
136,pct_origen_emergencia,0.018674242364331586
136,pct_origen_referencia,0.0006836425102681516
136,pct_uso_pabellon,0.06335641821017891
136,pabellones_promedio,0.341069743511917
136,tasa_partos,1.9597011153281355e-06
136,tasa_prematurez,0.11560866042503881
136,cv_estancia,0.003941579748615839
136,pct_estancia_larga,0.0011454033404523511
137,egresos_por_anio,0.0036769196657178357
137,estancia_media,3.578797735945185e-05
137,estancia_mediana,1.725314592182997e-05
137,peso_medio_grd,0.005300814564308618
137,severidad_media,0.00040458980297019295
137,mortalidad_media,1.2424397692838142e-05
137,entropia_grd,3.578797735945185e-05
137,comorbilidades_promedio,0.0005335644034068688
137,tasa_cma,0.5090090242856515
137,peso_medio_cma,0.00018224726345954936
137,pct_pediatrico,5.912158985835623e-06
137,pct_geriatrico,2.665186470429552e-09
137,pct_femenino_fertil,0.006692406794702599
137,edad_mediana,2.665186470429552e-09
137,pct_urgencia,8.413581301107007e-06
137,pct_programada,7.465860214534359e-06
137,pct_obstetrica_ingreso,0.008539638817083509
137,pct_alta_domicilio,1.2719662895345208e-05
137,pct_alta_fallecido,5.400864433242653e-07
137,pct_alta_traslado,0.03434630457166496
137,pct_origen_emergencia,4.730105895615866e-05
137,pct_origen_referencia,5.746132000762383e-05
137,pct_uso_pabellon,0.0008056566031441184
137,pabellones_promedio,0.002700198621050165
137,tasa_partos,0.005887876211615325
137,tasa_prematurez,0.060231685725022875
137,cv_estancia,0.20598811896540234
137,pct_estancia_larga,0.00018552712204028857
138,egresos_por_anio,0.5556708938284212
138,estancia_media,0.04446471128128312
138,estancia_mediana,0.0023296468205324036
138,peso_medio_grd,0.001642013925586926
138,severidad_media,0.021564546918513467
138,mortalidad_media,0.12113735559176891
138,entropia_grd,0.0267039350413216
138,comorbilidades_promedio,4.080910427825438e-06
138,tasa_cma,0.07047706612898302
138,peso_medio_cma,0.00013482013145014606
138,pct_pediatrico,6.747256504119605e-08
138,pct_geriatrico,9.706675000345505e-08
138,pct_femenino_fertil,3.636709926051566e-05
138,edad_mediana,6.747256504119605e-08
138,pct_urgencia,0.001642013925586926
138,pct_programada,3.054317989914109e-06
138,pct_obstetrica_ingreso,0.00023187166737628935
138,pct_alta_domicilio,2.774317970939521e-07
138,pct_alta_fallecido,6.747256504119605e-08
138,pct_alta_traslado,0.02361882642673764
138,pct_origen_emergencia,5.3779772241650734e-05
138,pct_origen_referencia,0.0008662624935003359
138,pct_uso_pabellon,0.1839438107465468
138,pabellones_promedio,0.020572237198439335
138,tasa_partos,0.004878267102182182
138,tasa_prematurez,0.1736493241570499
138,cv_estancia,0.009614644147399223
138,pct_estancia_larga,0.06396616963043865
139,egresos_por_anio,0.11331437052912473
139,estancia_media,0.0005595410402054046
139,estancia_mediana,0.015080774847796906
139,peso_medio_grd,6.469270403294998e-05
139,severidad_media,0.0008093873764702538
139,mortalidad_media,0.0008093873764702538
139,entropia_grd,0.5782586382770862
139,comorbilidades_promedio,0.1200700522420645
139,tasa_cma,0.05576492119399829
139,peso_medio_cma,0.0001617520024671092
139,pct_pediatrico,1.5923579310320993e-05
139,pct_geriatrico,7.033744445586399e-06
139,pct_femenino_fertil,6.469270403294998e-05
139,edad_mediana,1.136348082143726e-06
139,pct_urgencia,3.828649693398347e-05
139,pct_programada,0.0017835196998062673
139,pct_obstetrica_ingreso,3.138656889800761e-05
139,pct_alta_domicilio,0.0008093873764702538
139,pct_alta_fallecido,0.02713909057240527
139,pct_alta_traslado,0.0006208714858334119
139,pct_origen_emergencia,0.0044718005990558975
139,pct_origen_referencia,0.0005644450375650093
139,pct_uso_pabellon,3.138656889800761e-05
139,pabellones_promedio,0.0002361623991782805
139,tasa_partos,6.469270403294998e-05
139,tasa_prematurez,0.00088902252196657
139,cv_estancia,0.029434197201642212
139,pct_estancia_larga,0.0008093873764702538
140,egresos_por_anio,0.35691192059313903
140,estancia_media,9.800323290437189e-05
140,estancia_mediana,8.043979033936645e-06
140,peso_medio_grd,0.001140336253044975
140,severidad_media,1.7469482250120823e-05
140,mortalidad_media,1.5113124509695468e-06
140,entropia_grd,0.036180808236590964
140,comorbilidades_promedio,0.00014470424062454422
140,tasa_cma,0.031126110821250264
140,peso_medio_cma,9.800323290437189e-05
140,pct_pediatrico,3.6214001554450376e-08
140,pct_geriatrico,3.6214001554450376e-08
140,pct_femenino_fertil,8.043979033936645e-06
140,edad_mediana,2.7829090557042065e-08
140,pct_urgencia,0.000273773934793832
140,pct_programada,0.02587157138114742
140,pct_obstetrica_ingreso,1.1327888294005872e-05
140,pct_alta_domicilio,0.0004285173100805162
140,pct_alta_fallecido,4.874371854477631e-05
140,pct_alta_traslado,0.05326958538232467
140,pct_origen_emergencia,0.005163304718111049
140,pct_origen_referencia,0.000722689427483663
140,pct_uso_pabellon,0.012773038192619343
140,pabellones_promedio,0.909524749799104
140,tasa_partos,4.503498139336575e-05
140,tasa_prematurez,0.013118721858439182
140,cv_estancia,0.6530075832527581
140,pct_estancia_larga,0.0007225345332279818
141,egresos_por_anio,0.15764111185768254
141,estancia_media,3.0324273554624526e-05
141,estancia_mediana,0.00015904935506840214
141,peso_medio_grd,0.00014276452368238012
141,severidad_media,0.00029568039229201375
141,mortalidad_media,7.92412822160876e-05
141,entropia_grd,0.009779786901460284
141,comorbilidades_promedio,0.009779786901460284
141,tasa_cma,0.15764111185768254
141,peso_medio_cma,0.0024486921036876936
141,pct_pediatrico,3.3613571515448706e-09
141,pct_geriatrico,3.3613571515448706e-09
141,pct_femenino_fertil,1.0465164017764518e-05
141,edad_mediana,3.3613571515448706e-09
141,pct_urgencia,0.0010908056440817613
141,pct_programada,0.061692337331573796
141,pct_obstetrica_ingreso,0.00011285079149853473
141,pct_alta_domicilio,0.0003946276110608552
141,pct_alta_fallecido,5.164016131303299e-07
141,pct_alta_traslado,0.1391372372100668
141,pct_origen_emergencia,0.33444456491746344
141,pct_origen_referencia,0.7566437451788075
141,pct_uso_pabellon,0.5874241384618137
141,pabellones_promedio,0.2938244885675854
141,tasa_partos,0.006234671617116511
141,tasa_prematurez,0.7566437451788075
141,cv_estancia,0.0014550922765228015
141,pct_estancia_larga,0.00029568039229201375
142,egresos_por_anio,0.0008787527901600794
142,estancia_media,0.029497847355074883
142,estancia_mediana,0.010676832917293872
142,peso_medio_grd,1.6957798023608055e-06
142,severidad_media,0.0017927898525563154
142,mortalidad_media,0.015810168498006823
142,entropia_grd,0.19213528307892933
142,comorbilidades_promedio,0.029497847355074883
142,tasa_cma,0.10499798393980755
142,peso_medio_cma,0.049265865093140106
142,pct_pediatrico,4.518695985703604e-08
142,pct_geriatrico,2.718454429708575e-07
142,pct_femenino_fertil,1.6957798023608055e-06
142,edad_mediana,1.2523973610164723e-07
142,pct_urgencia,0.00046507895101786863
142,pct_programada,5.396116190264813e-07
142,pct_obstetrica_ingreso,9.907748271973463e-06
142,pct_alta_domicilio,0.002739329775361072
142,pct_alta_fallecido,7.828127344176378e-05
142,pct_alta_traslado,0.0014431714931224776
142,pct_origen_emergencia,3.2144973293865624e-06
142,pct_origen_referencia,0.00016642621516318388
142,pct_uso_pabellon,0.00400565437080289
142,pabellones_promedio,0.015810168498006823
142,tasa_partos,3.2144973293865624e-06
142,tasa_prematurez,0.029537004193850996
142,cv_estancia,7.828127344176378e-05
142,pct_estancia_larga,0.0075848238566536275
143,egresos_por_anio,0.019144500331756964
143,estancia_media,0.00016917555569322863
143,estancia_mediana,0.00016917555569322863
143,peso_medio_grd,0.00019132050319203226
143,severidad_media,0.007338466599686879
143,mortalidad_media,0.052784331527486225
143,entropia_grd,0.001834737662789023
143,comorbilidades_promedio,0.000542589044761814
143,tasa_cma,0.03341902862678957
143,peso_medio_cma,0.003904932146741625
143,pct_pediatrico,1.112698570921633e-07
143,pct_geriatrico,1.112698570921633e-07
143,pct_femenino_fertil,0.0009810794811200623
143,edad_mediana,2.1823545687546613e-07
143,pct_urgencia,0.0005741566031771596
143,pct_programada,6.260581045370397e-06
143,pct_obstetrica_ingreso,0.00025761438289479365
143,pct_alta_domicilio,1.976633535771385e-05
143,pct_alta_fallecido,2.3872522362987512e-05
143,pct_alta_traslado,0.009696262451390741
143,pct_origen_emergencia,1.5481798998665847e-05
143,pct_origen_referencia,1.5481798998665847e-05
143,pct_uso_pabellon,0.014348869101643676
143,pabellones_promedio,0.05761968395689927
143,tasa_partos,0.00016917555569322863
143,tasa_prematurez,0.0022471542387010176
143,cv_estancia,0.008591037336793344
143,pct_estancia_larga,0.0008193477419737738
144,egresos_por_anio,0.34535427573881716
144,estancia_media,3.779261293296844e-05
144,estancia_mediana,1.3114567089791243e-05
144,peso_medio_grd,2.355323398432647e-06
144,severidad_media,0.21671215849195308
144,mortalidad_media,0.06875991098542736
144,entropia_grd,0.03447387162228585
144,comorbilidades_promedio,0.007757324395462858
144,tasa_cma,0.6081824840061054
144,peso_medio_cma,2.0307757394936123e-05
144,pct_pediatrico,3.214617026848469e-08
144,pct_geriatrico,7.2371095936820035e-09
144,pct_femenino_fertil,0.0014856165553565625
144,edad_mediana,6.673847138465313e-09
144,pct_urgencia,0.20834250696370712
144,pct_programada,5.890456478144763e-05
144,pct_obstetrica_ingreso,0.00018712280257780265
144,pct_alta_domicilio,0.0011110419652888778
144,pct_alta_fallecido,2.355323398432647e-06
144,pct_alta_traslado,0.36615457838159954
144,pct_origen_emergencia,0.00020624516259811116
144,pct_origen_referencia,6.762004627700592e-05
144,pct_uso_pabellon,0.06875991098542736
144,pabellones_promedio,0.1519488640994202
144,tasa_partos,9.835398939500723e-05
144,tasa_prematurez,0.06260952951552827
144,cv_estancia,0.00014783047989237296
144,pct_estancia_larga,0.000533223115601983
145,egresos_por_anio,0.045820589007963715
145,estancia_media,0.0002708426004119294
145,estancia_mediana,1.6173528911747409e-06
145,peso_medio_grd,3.0693263342813185e-05
145,severidad_media,1.1356428078271257e-05
145,mortalidad_media,1.1356428078271257e-05
145,entropia_grd,0.08180491468063049
145,comorbilidades_promedio,1.1356428078271257e-05
145,tasa_cma,0.2227284885861318
145,peso_medio_cma,0.011478037794539563
145,pct_pediatrico,1.359105528588648e-07
145,pct_geriatrico,4.603091942569045e-09
145,pct_femenino_fertil,2.939597843334151e-08
145,edad_mediana,9.40557683276159e-09
145,pct_urgencia,0.4408305903653062
145,pct_programada,0.02283847737473255
145,pct_obstetrica_ingreso,8.879593927800995e-09
145,pct_alta_domicilio,0.0005706516826875684
145,pct_alta_fallecido,4.399373386124067e-05
145,pct_alta_traslado,0.0007708737811643546
145,pct_origen_emergencia,0.0019082222699778795
145,pct_origen_referencia,0.0005706516826875684
145,pct_uso_pabellon,0.44388901558670923
145,pabellones_promedio,0.3830812748035093
145,tasa_partos,9.08978658733159e-09
145,tasa_prematurez,0.009659430643726727
145,cv_estancia,0.0007701401928127982
145,pct_estancia_larga,0.0070467650917918866
146,egresos_por_anio,0.21705446945457893
146,estancia_media,0.007810719365812603
146,estancia_mediana,0.0056605704135831185
146,peso_medio_grd,3.113767186492511e-06
146,severidad_media,0.00303045166118111
146,mortalidad_media,0.0011226951564894739
146,entropia_grd,0.0790664779500644
146,comorbilidades_promedio,0.007758391551279798
146,tasa_cma,0.5690509787616849
146,peso_medio_cma,0.009660125727554843
146,pct_pediatrico,7.410037001613693e-09
146,pct_geriatrico,4.589528798299268e-08
146,pct_femenino_fertil,1.3404362517484764e-06
146,edad_mediana,7.410037001613693e-09
146,pct_urgencia,0.009660125727554843
146,pct_programada,2.678623581675987e-05
146,pct_obstetrica_ingreso,7.756340303544035e-06
146,pct_alta_domicilio,0.00044957607714812505
146,pct_alta_fallecido,5.567159185324071e-06
146,pct_alta_traslado,0.00414360728827333
146,pct_origen_emergencia,0.2908722096125887
146,pct_origen_referencia,0.24267356701393367
146,pct_uso_pabellon,0.24267356701393367
146,pabellones_promedio,0.007459042717536247
146,tasa_partos,0.0006772934854338251
146,tasa_prematurez,0.3158343739913837
146,cv_estancia,0.08063066573457414
146,pct_estancia_larga,0.024616552526613537
147,egresos_por_anio,0.04794814516800691
147,estancia_media,0.0004139647686988938
147,estancia_mediana,0.001962612627559334
147,peso_medio_grd,0.00012573311639862468
147,severidad_media,0.007992689250795831
147,mortalidad_media,0.009281945985572611
147,entropia_grd,0.023942368145816698
147,comorbilidades_promedio,0.007906920362074098
147,tasa_cma,0.10945436830734527
147,peso_medio_cma,0.06172121709336572
147,pct_pediatrico,2.647249038467408e-09
147,pct_geriatrico,2.647249038467408e-09
147,pct_femenino_fertil,1.1815875887835707e-05
147,edad_mediana,2.647249038467408e-09
147,pct_urgencia,0.00014889401933863313
147,pct_programada,0.0005896329830922661
147,pct_obstetrica_ingreso,6.063227047476561e-06
147,pct_alta_domicilio,0.0016367453941535852
147,pct_alta_fallecido,1.009402195652292e-06
147,pct_alta_traslado,0.06172121709336572
147,pct_origen_emergencia,0.021192342494536935
147,pct_origen_referencia,0.06703768490600197
147,pct_uso_pabellon,0.01070780271904109
147,pabellones_promedio,0.0010577819900282168
147,tasa_partos,0.00028273265365510287
147,tasa_prematurez,0.18138563383291376
147,cv_estancia,0.10945436830734527
147,pct_estancia_larga,0.0016391242853272296
148,egresos_por_anio,0.01802583990711664
148,estancia_media,0.0009485395419543758
148,estancia_mediana,0.00131367896525814
148,peso_medio_grd,2.1769872987762982e-05
148,severidad_media,0.0008540482906925032
148,mortalidad_media,0.0005339521847397284
148,entropia_grd,0.6726897571807364
148,comorbilidades_promedio,0.00131367896525814
148,tasa_cma,0.5624105297788708
148,peso_medio_cma,0.0020576551089550965
148,pct_pediatrico,1.7807953238004197e-07
148,pct_geriatrico,3.520647532408958e-07
148,pct_femenino_fertil,4.886251070958455e-06
148,edad_mediana,1.7807953238004197e-07
148,pct_urgencia,0.6918439785994093
148,pct_programada,0.0008540482906925032
148,pct_obstetrica_ingreso,4.6485344884161534e-06
148,pct_alta_domicilio,0.0018353696734264245
148,pct_alta_fallecido,0.0021787592867663643
148,pct_alta_traslado,0.010315624268103205
148,pct_origen_emergencia,0.02761980783154779
148,pct_origen_referencia,0.05351934331107166
148,pct_uso_pabellon,0.35744936791079535
148,pabellones_promedio,0.07753977513367391
148,tasa_partos,2.1769872987762982e-05
148,tasa_prematurez,0.0011025170096002144
148,cv_estancia,0.49694413381155256
148,pct_estancia_larga,0.0024086973710176185
149,egresos_por_anio,0.17156421672500163
149,estancia_media,3.0158097032539913e-05
149,estancia_mediana,0.00112563453693097
149,peso_medio_grd,1.6467315887643703e-05
149,severidad_media,0.008889961260812493
149,mortalidad_media,0.00022376252095915696
149,entropia_grd,0.11248467849916809
149,comorbilidades_promedio,0.004803743025887471
149,tasa_cma,0.3786955058563639
149,peso_medio_cma,4.397256487144618e-06
149,pct_pediatrico,1.5287689879420722e-09
149,pct_geriatrico,9.617570537773457e-08
149,pct_femenino_fertil,9.642823488083008e-06
149,edad_mediana,9.02206546039001e-09
149,pct_urgencia,0.45106964645472214
149,pct_programada,4.6506107242019476e-05
149,pct_obstetrica_ingreso,4.610195945436436e-05
149,pct_alta_domicilio,0.00025525284162494717
149,pct_alta_fallecido,2.8151341810431364e-07
149,pct_alta_traslado,0.009167042829165698
149,pct_origen_emergencia,0.002057647755773374
149,pct_origen_referencia,0.007284168335397482
149,pct_uso_pabellon,0.025961873473408715
149,pabellones_promedio,0.08404072486324092
149,tasa_partos,0.00010163719470541092
149,tasa_prematurez,0.6385079828848206
149,cv_estancia,0.32117191821273794
149,pct_estancia_larga,7.27443313502672e-05
150,egresos_por_anio,0.008951532063993826
150,estancia_media,0.024044747058808255
150,estancia_mediana,1.2737771150667326e-05
150,peso_medio_grd,0.22209308151353416
150,severidad_media,0.005831297820318439
150,mortalidad_media,0.007474842204203782
150,entropia_grd,0.06268077531166043
150,comorbilidades_promedio,0.0007754981789799704
150,tasa_cma,0.33917679643713466
150,peso_medio_cma,0.002729052827168863
150,pct_pediatrico,4.034545608185613e-09
150,pct_geriatrico,6.419565669208718e-10
150,pct_femenino_fertil,4.7086302667053796e-05
150,edad_mediana,6.419565669208718e-10
150,pct_urgencia,0.10404580565641706
150,pct_programada,0.1319915694158413
150,pct_obstetrica_ingreso,7.141664217449324e-05
150,pct_alta_domicilio,4.7086302667053796e-05
150,pct_alta_fallecido,4.49103399804887e-06
150,pct_alta_traslado,0.018312939870703027
150,pct_origen_emergencia,0.2402659467142694
150,pct_origen_referencia,0.1547119505840184
150,pct_uso_pabellon,0.06268077531166043
150,pabellones_promedio,0.1319915694158413
150,tasa_partos,3.942373549933557e-05
150,tasa_prematurez,0.0045651094381921045
150,cv_estancia,0.06601229105848455
150,pct_estancia_larga,0.17632060165410837
151,egresos_por_anio,0.18975281737730454
151,estancia_media,0.2356975992130992
151,estancia_mediana,0.18975281737730454
151,peso_medio_grd,1.8908654657379253e-05
151,severidad_media,0.026384965435335923
151,mortalidad_media,0.051412835937797434
151,entropia_grd,0.07888526535068097
151,comorbilidades_promedio,0.031778721160527074
151,tasa_cma,0.044073331810060346
151,peso_medio_cma,0.0007963195331280729
151,pct_pediatrico,2.125344257532386e-06
151,pct_geriatrico,2.125344257532386e-06
151,pct_femenino_fertil,0.001165823096174905
151,edad_mediana,3.563261874340263e-07
151,pct_urgencia,8.211820542185971e-07
151,pct_programada,1.4357487227127707e-07
151,pct_obstetrica_ingreso,0.0004702103504414683
151,pct_alta_domicilio,5.81831805976915e-05
151,pct_alta_fallecido,1.7072091177209609e-06
151,pct_alta_traslado,0.046033988354721715
151,pct_origen_emergencia,9.647966887746276e-07
151,pct_origen_referencia,0.031778721160527074
151,pct_uso_pabellon,0.00030769740728532125
151,pabellones_promedio,0.00297603199113725
151,tasa_partos,0.0011387885066682344
151,tasa_prematurez,0.061537456249947435
151,cv_estancia,0.01870503740880372
151,pct_estancia_larga,0.13444757289587025
152,egresos_por_anio,0.04885747973913663
152,estancia_media,0.006612936245280978
152,estancia_mediana,0.0006870992264882558
152,peso_medio_grd,2.969304677096955e-05
152,severidad_media,1.609647131038484e-05
152,mortalidad_media,0.00037966516806416865
152,entropia_grd,0.1843176620737422
152,comorbilidades_promedio,0.11298786680488877
152,tasa_cma,0.5665404096707085
152,peso_medio_cma,0.00015986430517877107
152,pct_pediatrico,4.4559936924210296e-09
152,pct_geriatrico,7.375516792181221e-07
152,pct_femenino_fertil,1.2827285996171259e-06
152,edad_mediana,1.9335753237767524e-07
152,pct_urgencia,0.0007378654732189774
152,pct_programada,0.00015817071316388581
152,pct_obstetrica_ingreso,1.2827285996171259e-06
152,pct_alta_domicilio,0.0056684166545293456
152,pct_alta_fallecido,9.01221462756785e-05
152,pct_alta_traslado,0.4542689502320875
152,pct_origen_emergencia,0.00019126916930669335
152,pct_origen_referencia,0.0034052826397925964
152,pct_uso_pabellon,0.0003317709345743824
152,pabellones_promedio,0.002044900171994024
152,tasa_partos,2.5120377667505197e-06
152,tasa_prematurez,0.09164121211207796
152,cv_estancia,0.07512256026504538
152,pct_estancia_larga,0.07512256026504538
153,egresos_por_anio,0.11953887719470692
153,estancia_media,0.0023383073099968966
153,estancia_mediana,0.006732505695444206
153,peso_medio_grd,5.892941739118591e-05
153,severidad_media,0.22375827288410774
153,mortalidad_media,0.15127528194562428
153,entropia_grd,0.051043372597798946
153,comorbilidades_promedio,0.12846574256995882
153,tasa_cma,0.00022879429202789044
153,peso_medio_cma,0.003061131768545894
153,pct_pediatrico,1.8520513992074413e-08
153,pct_geriatrico,1.8520513992074413e-08
153,pct_femenino_fertil,0.005665180094880658
153,edad_mediana,1.8520513992074413e-08
153,pct_urgencia,0.0011799397309300661
153,pct_programada,6.110786457709619e-07
153,pct_obstetrica_ingreso,0.0023693049157771998
153,pct_alta_domicilio,0.00010059258198510854
153,pct_alta_fallecido,5.435181600137205e-07
153,pct_alta_traslado,0.022275473913028525
153,pct_origen_emergencia,0.00010059258198510854
153,pct_origen_referencia,0.00017753227230156058
153,pct_uso_pabellon,0.003061131768545894
153,pabellones_promedio,0.00017753227230156058
153,tasa_partos,0.005665180094880658
153,tasa_prematurez,0.010498769367876743
153,cv_estancia,0.00017753227230156058
153,pct_estancia_larga,0.01864487775435606
154,egresos_por_anio,0.00605475352896892
154,estancia_media,0.03773545587657973
154,estancia_mediana,0.007032170326178763
154,peso_medio_grd,0.02616745347947231
154,severidad_media,6.288451231900561e-05
154,mortalidad_media,3.7915893642381647e-06
154,entropia_grd,0.29739811645757697
154,comorbilidades_promedio,0.00023129379882043396
154,tasa_cma,0.0029074401689087276
154,peso_medio_cma,0.0898256871287733
154,pct_pediatrico,1.517216553077497e-08
154,pct_geriatrico,6.466860508941668e-07
154,pct_femenino_fertil,6.466860508941668e-07
154,edad_mediana,2.554417742444617e-07
154,pct_urgencia,0.004934701422797173
154,pct_programada,0.21548609607450483
154,pct_obstetrica_ingreso,1.1531023436623607e-05
154,pct_alta_domicilio,2.243440319425734e-06
154,pct_alta_fallecido,2.5010628486374465e-06
154,pct_alta_traslado,0.0002579765289334712
154,pct_origen_emergencia,0.1821280270430331
154,pct_origen_referencia,0.012639501203348294
154,pct_uso_pabellon,0.004934701422797173
154,pabellones_promedio,0.05091925845412765
154,tasa_partos,7.437480177519562e-06
154,tasa_prematurez,0.0029074401689087276
154,cv_estancia,0.10949868334497811
154,pct_estancia_larga,0.09055225544311891
155,egresos_por_anio,0.24341007932574346
155,estancia_media,0.030452081556625373
155,estancia_mediana,0.0005205576956220362
155,peso_medio_grd,0.0005205576956220362
155,severidad_media,0.007701406344902703
155,mortalidad_media,0.00835246789413379
155,entropia_grd,0.015637140596279974
155,comorbilidades_promedio,0.01052142679410513
155,tasa_cma,0.0008558441460184196
155,peso_medio_cma,0.007701406344902703
155,pct_pediatrico,2.5961621324739322e-08
155,pct_geriatrico,7.0528333031329e-07
155,pct_femenino_fertil,1.1541216337831474e-05
155,edad_mediana,8.046546204491592e-07
155,pct_urgencia,0.01052142679410513
155,pct_programada,2.4702068891481192e-05
155,pct_obstetrica_ingreso,3.677308417234399e-05
155,pct_alta_domicilio,9.539922132974326e-07
155,pct_alta_fallecido,7.0528333031329e-07
155,pct_alta_traslado,0.0005205576956220362
155,pct_origen_emergencia,0.07073780261022657
155,pct_origen_referencia,0.00835246789413379
155,pct_uso_pabellon,0.04046086515232993
155,pabellones_promedio,0.3306688113671528
155,tasa_partos,0.0005205576956220362
155,tasa_prematurez,0.05135859606501757
155,cv_estancia,0.0008558441460184196
155,pct_estancia_larga,0.11251299127731605
156,egresos_por_anio,0.03866096358790264
156,estancia_media,0.0027182543884204584
156,estancia_mediana,0.0031492857615262743
156,peso_medio_grd,0.00041258432025677
156,severidad_media,0.07566157163130662
156,mortalidad_media,0.005243477252836483
156,entropia_grd,0.008660233848289803
156,comorbilidades_promedio,0.13628221761639955
156,tasa_cma,0.6922394139268472
156,peso_medio_cma,0.0008582655462239942
156,pct_pediatrico,4.928328696762342e-09
156,pct_geriatrico,2.656402651662562e-08
156,pct_femenino_fertil,1.784316641907272e-07
156,edad_mediana,6.878874558508293e-09
156,pct_urgencia,0.01350683871927883
156,pct_programada,0.00021621071776028338
156,pct_obstetrica_ingreso,1.5571798335120962e-05
156,pct_alta_domicilio,0.000995664374066651
156,pct_alta_fallecido,0.01350683871927883
156,pct_alta_traslado,0.026422431171294444
156,pct_origen_emergencia,0.0016174188131828418
156,pct_origen_referencia,0.006636729203719309
156,pct_uso_pabellon,0.03622458597246773
156,pabellones_promedio,0.05747751374878962
156,tasa_partos,0.0001571138320868081
156,tasa_prematurez,0.008544136927005319
156,cv_estancia,0.026569590452299636
156,pct_estancia_larga,0.0037429988803896427
157,egresos_por_anio,0.18471081231303682
157,estancia_media,0.00039990205309782973
157,estancia_mediana,5.025880110656804e-05
157,peso_medio_grd,0.0009563861098971448
157,severidad_media,0.0014979085200863007
157,mortalidad_media,0.0007092753265253734
157,entropia_grd,0.1703659065495518
157,comorbilidades_promedio,0.02732958399339957
157,tasa_cma,0.1902597527622789
157,peso_medio_cma,0.3114766346025465
157,pct_pediatrico,2.070588555032319e-09
157,pct_geriatrico,3.771046721594716e-06
157,pct_femenino_fertil,3.771046721594716e-06
157,edad_mediana,3.771046721594716e-06
157,pct_urgencia,7.570809712191178e-05
157,pct_programada,5.614684746634712e-06
157,pct_obstetrica_ingreso,0.00024857818264740914
157,pct_alta_domicilio,0.0001068705512961341
157,pct_alta_fallecido,3.771046721594716e-06
157,pct_alta_traslado,0.06774116722184835
157,pct_origen_emergencia,0.000647296574065866
157,pct_origen_referencia,0.30449430727513405
157,pct_uso_pabellon,2.8255671068258884e-05
157,pabellones_promedio,0.0001447506602197629
157,tasa_partos,0.00988368741481069
157,tasa_prematurez,0.3107726068377229
157,cv_estancia,0.18471081231303682
157,pct_estancia_larga,0.0014777910849999938
158,egresos_por_anio,0.050654197814598366
158,estancia_media,0.0007673767789325828
158,estancia_mediana,1.0301759503612934e-05
158,peso_medio_grd,0.00010572959884047646
158,severidad_media,2.1748133777852656e-05
158,mortalidad_media,2.2918141793690584e-07
158,entropia_grd,0.6949764887580271
158,comorbilidades_promedio,0.00499411652679833
158,tasa_cma,0.005769183199828143
158,peso_medio_cma,0.00012184898229065462
158,pct_pediatrico,2.3578309287791225e-07
158,pct_geriatrico,1.5283046375792333e-06
158,pct_femenino_fertil,4.245874830075776e-05
158,edad_mediana,2.2918141793690584e-07
158,pct_urgencia,1.8730805417533928e-05
158,pct_programada,2.9812568112456118e-05
158,pct_obstetrica_ingreso,0.0003136477838384278
158,pct_alta_domicilio,0.00019522395994338263
158,pct_alta_fallecido,0.0020910895359077734
158,pct_alta_traslado,9.082385136981191e-05
158,pct_origen_emergencia,0.0015145742189348987
158,pct_origen_referencia,0.0004547494658462389
158,pct_uso_pabellon,5.759866498334977e-06
158,pabellones_promedio,0.0008358829547992768
158,tasa_partos,9.082385136981191e-05
158,tasa_prematurez,0.007149376098732489
158,cv_estancia,0.3151461489638949
158,pct_estancia_larga,0.0040630423385555415
159,egresos_por_anio,0.8098649629254226
159,estancia_media,0.005987656796205194
159,estancia_mediana,0.021135812201375642
159,peso_medio_grd,0.0002755032610415825
159,severidad_media,0.015429234097429662
159,mortalidad_media,0.021135812201375642
159,entropia_grd,0.642755876895018
159,comorbilidades_promedio,0.013961644125175837
159,tasa_cma,0.3555251712152407
159,peso_medio_cma,0.002328303442637031
159,pct_pediatrico,2.935720069209972e-09
159,pct_geriatrico,1.5052152765086424e-06
159,pct_femenino_fertil,2.3177179328024095e-05
159,edad_mediana,4.921113582344507e-07
159,pct_urgencia,0.00010090293685332113
159,pct_programada,0.004747115373036975
159,pct_obstetrica_ingreso,0.0011446987346966516
159,pct_alta_domicilio,0.005868760034422344
159,pct_alta_fallecido,3.055939200714747e-05
159,pct_alta_traslado,0.11772609293914846
159,pct_origen_emergencia,0.006898911135364213
159,pct_origen_referencia,0.2270977394530673
159,pct_uso_pabellon,0.0048875190799226795
159,pabellones_promedio,0.005987656796205194
159,tasa_partos,0.013144902596062151
159,tasa_prematurez,0.5548116403236852
159,cv_estancia,0.009195760889486334
159,pct_estancia_larga,0.005868760034422344
160,egresos_por_anio,0.0012954099638221805
160,estancia_media,0.006328588848556227
160,estancia_mediana,0.002281909822032168
160,peso_medio_grd,2.81269953569297e-05
160,severidad_media,0.0006685376637372822
160,mortalidad_media,2.81269953569297e-05
160,entropia_grd,0.03920063000374026
160,comorbilidades_promedio,2.307262392464341e-06
160,tasa_cma,0.6609686249048419
160,peso_medio_cma,0.0003194224119817113
160,pct_pediatrico,5.18427140389763e-08
160,pct_geriatrico,1.354541841161579e-08
160,pct_femenino_fertil,2.900885385204335e-06
160,edad_mediana,1.354541841161579e-08
160,pct_urgencia,0.34055711611379424
160,pct_programada,0.006328588848556227
160,pct_obstetrica_ingreso,2.3438749163700086e-07
160,pct_alta_domicilio,0.001637012368957438
160,pct_alta_fallecido,9.584648416293348e-05
160,pct_alta_traslado,0.18328609624743847
160,pct_origen_emergencia,0.012746190284481757
160,pct_origen_referencia,0.0013682746109284006
160,pct_uso_pabellon,0.8104878724373826
160,pabellones_promedio,0.06347457667033689
160,tasa_partos,1.4132424867271365e-07
160,tasa_prematurez,2.81269953569297e-05
160,cv_estancia,0.014547628819877707
160,pct_estancia_larga,0.008185420456283048
161,egresos_por_anio,0.030331773253943897
161,estancia_media,0.000700218949112606
161,estancia_mediana,3.960533188810148e-05
161,peso_medio_grd,0.058210495939528865
161,severidad_media,0.000700218949112606
161,mortalidad_media,8.694174897248297e-05
161,entropia_grd,0.027899498714163678
161,comorbilidades_promedio,0.0026137927253471346
161,tasa_cma,0.2046546696503222
161,peso_medio_cma,0.002837383173763244
161,pct_pediatrico,3.033574084550979e-08
161,pct_geriatrico,5.282829354859684e-08
161,pct_femenino_fertil,7.704394018361853e-07
161,edad_mediana,5.282829354859684e-08
161,pct_urgencia,0.0836306701958992
161,pct_programada,0.04022555696606804
161,pct_obstetrica_ingreso,2.032292921334507e-05
161,pct_alta_domicilio,0.000700218949112606
161,pct_alta_fallecido,1.6870518701380556e-05
161,pct_alta_traslado,0.018598241638668477
161,pct_origen_emergencia,0.058210495939528865
161,pct_origen_referencia,0.004166665669105974
161,pct_uso_pabellon,0.1584445257714058
161,pabellones_promedio,0.6869049369720917
161,tasa_partos,2.980500141521947e-05
161,tasa_prematurez,0.008734007112285131
161,cv_estancia,0.027899498714163678
161,pct_estancia_larga,0.032724219830701035
162,egresos_por_anio,0.24420625513590535
162,estancia_media,0.003022473600284399
162,estancia_mediana,0.0005713825820961767
162,peso_medio_grd,0.005077784326412103
162,severidad_media,0.000584663357492426
162,mortalidad_media,0.00011321495736958514
162,entropia_grd,0.061755613276368325
162,comorbilidades_promedio,0.0029798088711741853
162,tasa_cma,0.2999283734953015
162,peso_medio_cma,0.008723582447993374
162,pct_pediatrico,4.5448812683269243e-08
162,pct_geriatrico,6.533460229804114e-08
162,pct_femenino_fertil,4.5448812683269243e-08
162,edad_mediana,4.5448812683269243e-08
162,pct_urgencia,0.0029798088711741853
162,pct_programada,0.005077784326412103
162,pct_obstetrica_ingreso,4.5448812683269243e-08
162,pct_alta_domicilio,0.005077784326412103
162,pct_alta_fallecido,8.437536114469046e-06
162,pct_alta_traslado,0.35595956356516256
162,pct_origen_emergencia,0.1621185619872408
162,pct_origen_referencia,0.332815387894743
162,pct_uso_pabellon,0.22670722070315147
162,pabellones_promedio,0.22066363236047834
162,tasa_partos,1.0889877666730933e-07
162,tasa_prematurez,0.17489535639968137
162,cv_estancia,0.3078255460087805
162,pct_estancia_larga,0.03275084121290301
163,egresos_por_anio,0.8043128084602307
163,estancia_media,0.005233644889525294
163,estancia_mediana,0.0006991589201099075
163,peso_medio_grd,4.81052275431449e-05
163,severidad_media,0.00801550828107247
163,mortalidad_media,0.003640666966785911
163,entropia_grd,0.17419610648562547
163,comorbilidades_promedio,7.96139746040699e-05
163,tasa_cma,0.0012561428269253607
163,peso_medio_cma,0.00801550828107247
163,pct_pediatrico,1.0644297044639524e-08
163,pct_geriatrico,1.244744571889541e-07
163,pct_femenino_fertil,0.00031148707634168335
163,edad_mediana,2.60464934155259e-08
163,pct_urgencia,0.001323395216457743
163,pct_programada,4.81052275431449e-05
163,pct_obstetrica_ingreso,0.01944409971659604
163,pct_alta_domicilio,0.0006991589201099075
163,pct_alta_fallecido,4.81052275431449e-05
163,pct_alta_traslado,0.02211247991058414
163,pct_origen_emergencia,0.02376430468920634
163,pct_origen_referencia,0.2914593784374159
163,pct_uso_pabellon,6.256657865214657e-06
163,pabellones_promedio,6.273859910160136e-06
163,tasa_partos,0.382817337815251
163,tasa_prematurez,0.896636978238389
163,cv_estancia,0.03084571099096326
163,pct_estancia_larga,0.021887582536347473
164,egresos_por_anio,0.201803773870515
164,estancia_media,0.003907011746484447
164,estancia_mediana,0.0012943019260139212
164,peso_medio_grd,2.290358360908979e-06
164,severidad_media,0.15493818006097435
164,mortalidad_media,0.05245682813169865
164,entropia_grd,0.09008252507349852
164,comorbilidades_promedio,0.003926202642643745
164,tasa_cma,0.001180539015718386
164,peso_medio_cma,0.05903508119312266
164,pct_pediatrico,6.055009012595482e-07
164,pct_geriatrico,2.420667266408961e-05
164,pct_femenino_fertil,0.0004447215140527146
164,edad_mediana,5.548151692112853e-06
164,pct_urgencia,0.0019369778943769277
164,pct_programada,3.1222167808584337e-07
164,pct_obstetrica_ingreso,0.0004447215140527146
164,pct_alta_domicilio,0.0034327787097671167
164,pct_alta_fallecido,3.0586153251123544e-05
164,pct_alta_traslado,0.3604997526300175
164,pct_origen_emergencia,2.420667266408961e-05
164,pct_origen_referencia,0.0029792789041098553
164,pct_uso_pabellon,0.001092469744781027
164,pabellones_promedio,2.8144887352172222e-06
164,tasa_partos,0.001015569805556658
164,tasa_prematurez,0.010912626037365198
164,cv_estancia,0.006010350212836799
164,pct_estancia_larga,0.014371473385133534
165,egresos_por_anio,0.39714006408345226
165,estancia_media,1.2146479860197837e-05
165,estancia_mediana,9.82995824644004e-07
165,peso_medio_grd,0.0011482069300665274
165,severidad_media,0.00010752658182851412
165,mortalidad_media,4.9935810312213184e-05
165,entropia_grd,0.0002659260261019183
165,comorbilidades_promedio,0.06232000237534995
165,tasa_cma,0.01348161171772829
165,peso_medio_cma,0.008973325584946625
165,pct_pediatrico,8.007746194456387e-08
165,pct_geriatrico,1.3642313188879555e-06
165,pct_femenino_fertil,1.3642313188879555e-06
165,edad_mediana,1.4406748231404225e-06
165,pct_urgencia,0.0038899024341035107
165,pct_programada,0.00399976812683598
165,pct_obstetrica_ingreso,8.029136405471996e-06
165,pct_alta_domicilio,0.0160385081584608
165,pct_alta_fallecido,1.4406748231404225e-06
165,pct_alta_traslado,0.19143249940498752
165,pct_origen_emergencia,0.0160385081584608
165,pct_origen_referencia,0.005854116084578557
165,pct_uso_pabellon,0.00012056602815352909
165,pabellones_promedio,0.001364227913875395
165,tasa_partos,2.7409254654141396e-06
165,tasa_prematurez,0.24551736431618384
165,cv_estancia,0.028974610626173604
165,pct_estancia_larga,0.00017841817499253233
166,egresos_por_anio,0.10325314851296039
166,estancia_media,0.062376678051005024
166,estancia_mediana,0.0228305236022533
166,peso_medio_grd,6.526530069244174e-05
166,severidad_media,0.0003865687427074124
166,mortalidad_media,0.0013673233877652545
166,entropia_grd,0.01801985472283033
166,comorbilidades_promedio,0.00010505724492618865
166,tasa_cma,0.2897407755016066
166,peso_medio_cma,0.0003118978213555922
166,pct_pediatrico,4.001441650728336e-08
166,pct_geriatrico,5.543678796627189e-07
166,pct_femenino_fertil,0.0003709599500192006
166,edad_mediana,2.3143857104794266e-07
166,pct_urgencia,7.254864830866742e-05
166,pct_programada,1.6358277861918346e-06
166,pct_obstetrica_ingreso,0.0007518019700410947
166,pct_alta_domicilio,0.06643402249425033
166,pct_alta_fallecido,5.507870629095658e-06
166,pct_alta_traslado,0.08349217438760223
166,pct_origen_emergencia,2.455107435259931e-06
166,pct_origen_referencia,9.38990126891826e-06
166,pct_uso_pabellon,0.04185733281852055
166,pabellones_promedio,0.19755377454018652
166,tasa_partos,0.0004610697605067914
166,tasa_prematurez,0.0019700812550017275
166,cv_estancia,0.3487168458951423
166,pct_estancia_larga,0.04185733281852055
167,egresos_por_anio,0.4757961639944691
167,estancia_media,0.004097821101889732
167,estancia_mediana,0.00046674925389799846
167,peso_medio_grd,0.00018020912391987005
167,severidad_media,0.031995119368750304
167,mortalidad_media,0.0015256139011585468
167,entropia_grd,0.08491641836573982
167,comorbilidades_promedio,0.006458273432975227
167,tasa_cma,0.12062204806943433
167,peso_medio_cma,0.04299355655313495
167,pct_pediatrico,1.0497275347060272e-07
167,pct_geriatrico,9.178071790223942e-07
167,pct_femenino_fertil,2.9801321908785825e-06
167,edad_mediana,9.393497448364493e-08
167,pct_urgencia,0.15503146818026203
167,pct_programada,0.0007960657663711764
167,pct_obstetrica_ingreso,2.9801321908785825e-06
167,pct_alta_domicilio,0.006115659282536807
167,pct_alta_fallecido,0.0025759692824295264
167,pct_alta_traslado,0.23536760358842151
167,pct_origen_emergencia,1.039237949779631e-05
167,pct_origen_referencia,3.994809035279035e-05
167,pct_uso_pabellon,0.0021206588839461655
167,pabellones_promedio,0.01932026126084587
167,tasa_partos,3.3441794938812066e-06
167,tasa_prematurez,0.12062204806943433
167,cv_estancia,0.08151542913678633
167,pct_estancia_larga,0.006033682119285785
168,egresos_por_anio,0.4251576854916804
168,estancia_media,0.03193773248381984
168,estancia_mediana,0.04890255625281529
168,peso_medio_grd,0.012147586816675805
168,severidad_media,0.4510300730582379
168,mortalidad_media,0.07128001403727162
168,entropia_grd,0.1922840218509654
168,comorbilidades_promedio,0.059790960942740536
168,tasa_cma,0.01021754008895046
168,peso_medio_cma,0.012773179212815363
168,pct_pediatrico,2.355607683109547e-09
168,pct_geriatrico,4.8252602982667546e-08
168,pct_femenino_fertil,0.012147586816675805
168,edad_mediana,2.987483106381239e-09
168,pct_urgencia,9.74226190250126e-05
168,pct_programada,3.411884292633698e-06
168,pct_obstetrica_ingreso,0.1922840218509654
168,pct_alta_domicilio,1.1732647520079135e-05
168,pct_alta_fallecido,1.9527544705218663e-06
168,pct_alta_traslado,0.04890255625281529
168,pct_origen_emergencia,9.74226190250126e-05
168,pct_origen_referencia,0.0015215205997333215
168,pct_uso_pabellon,0.012147586816675805
168,pabellones_promedio,0.42678781544359745
168,tasa_partos,0.3545836182095428
168,tasa_prematurez,0.8969891143566227
168,cv_estancia,0.2606019103531446
168,pct_estancia_larga,0.016452350464927545
169,egresos_por_anio,0.009433160901055912
169,estancia_media,0.0009381491926969637
169,estancia_mediana,7.309552625140303e-05
169,peso_medio_grd,0.0034643771664425653
169,severidad_media,6.545435266081654e-05
169,mortalidad_media,4.54760711531619e-05
169,entropia_grd,0.023582441062441534
169,comorbilidades_promedio,0.003683123668074739
169,tasa_cma,0.11498818265107241
169,peso_medio_cma,0.06521820501725632
169,pct_pediatrico,5.751097712433927e-09
169,pct_geriatrico,3.856273383221002e-07
169,pct_femenino_fertil,6.545435266081654e-05
169,edad_mediana,9.531396868295848e-08
169,pct_urgencia,0.0005109303390240475
169,pct_programada,0.0006605965604866397
169,pct_obstetrica_ingreso,0.0006736902350460601
169,pct_alta_domicilio,0.00010980602895630797
169,pct_alta_fallecido,0.000712001712999963
169,pct_alta_traslado,0.04132523753803751
169,pct_origen_emergencia,0.0006736902350460601
169,pct_origen_referencia,0.00015688225114271964
169,pct_uso_pabellon,0.0025191503690485794
169,pabellones_promedio,0.05999022777119476
169,tasa_partos,0.0005840873306628296
169,tasa_prematurez,0.007436411208073289
169,cv_estancia,0.23931330151342478
169,pct_estancia_larga,0.007127181410199784
170,egresos_por_anio,0.2586244270267043
170,estancia_media,0.1257481658915863
170,estancia_mediana,0.010721130281758542
170,peso_medio_grd,0.005838861736293071
170,severidad_media,0.004894395948938969
170,mortalidad_media,0.0028124768648876853
170,entropia_grd,0.03376575231640065
170,comorbilidades_promedio,0.0062839551047302695
170,tasa_cma,0.08547157750350146
170,peso_medio_cma,0.005838861736293071
170,pct_pediatrico,3.559574183082844e-10
170,pct_geriatrico,8.478869870634035e-09
170,pct_femenino_fertil,1.8058437759906581e-07
170,edad_mediana,6.874975390336954e-09
170,pct_urgencia,0.018253329751088197
170,pct_programada,0.005838861736293071
170,pct_obstetrica_ingreso,7.066516361098261e-06
170,pct_alta_domicilio,0.002799787777773592
170,pct_alta_fallecido,1.1647460655611694e-05
170,pct_alta_traslado,0.03376575231640065
170,pct_origen_emergencia,0.0256959726475779
170,pct_origen_referencia,0.15992967318882687
170,pct_uso_pabellon,0.03376575231640065
170,pabellones_promedio,0.2512496628493152
170,tasa_partos,4.005107415511151e-05
170,tasa_prematurez,0.02852874084990509
170,cv_estancia,0.14352102131513056
170,pct_estancia_larga,0.0661603620385917
171,egresos_por_anio,0.0003658947865574885
171,estancia_media,0.0006879551254302389
171,estancia_mediana,0.000369892926521886
171,peso_medio_grd,0.000369892926521886
171,severidad_media,0.0008122802824803573
171,mortalidad_media,5.0048181366137135e-05
171,entropia_grd,0.987101282333277
171,comorbilidades_promedio,0.005489146789936526
171,tasa_cma,0.1368008243716545
171,peso_medio_cma,0.0004900092704846938
171,pct_pediatrico,1.0989344410276962e-08
171,pct_geriatrico,1.0989344410276962e-08
171,pct_femenino_fertil,2.1346179966654447e-06
171,edad_mediana,1.0989344410276962e-08
171,pct_urgencia,0.23672216619530295
171,pct_programada,0.06129735661662092
171,pct_obstetrica_ingreso,3.8361062460184395e-06
171,pct_alta_domicilio,9.041338535541848e-05
171,pct_alta_fallecido,3.826427426886418e-07
171,pct_alta_traslado,0.0024582237887107276
171,pct_origen_emergencia,0.14937235678114946
171,pct_origen_referencia,0.0020977483752572406
171,pct_uso_pabellon,0.1336124687865809
171,pabellones_promedio,0.17734740159222176
171,tasa_partos,7.758559834201415e-06
171,tasa_prematurez,1.3215698570684693e-05
171,cv_estancia,0.0004900092704846938
171,pct_estancia_larga,0.002180330083194358
172,egresos_por_anio,0.7783027837023833
172,estancia_media,0.5466363292729349
172,estancia_mediana,0.4088465087181553
172,peso_medio_grd,0.00010750216209380102
172,severidad_media,0.0009410877174359113
172,mortalidad_media,0.00022711814789544063
172,entropia_grd,0.00032353598579257866
172,comorbilidades_promedio,0.07433201394133755
172,tasa_cma,0.0021663897821486344
172,peso_medio_cma,0.011083168757866897
172,pct_pediatrico,7.605127979175521e-08
172,pct_geriatrico,1.3770967395351713e-06
172,pct_femenino_fertil,8.932438490770892e-05
172,edad_mediana,2.9993195710969015e-07
172,pct_urgencia,7.605127979175521e-08
172,pct_programada,4.424061640181571e-06
172,pct_obstetrica_ingreso,0.00015006378215350074
172,pct_alta_domicilio,0.005891839608600463
172,pct_alta_fallecido,8.932438490770892e-05
172,pct_alta_traslado,0.3606784487082737
172,pct_origen_emergencia,3.6780884168952493e-05
172,pct_origen_referencia,0.0836570061805171
172,pct_uso_pabellon,0.00016753152444584028
172,pabellones_promedio,0.0021857415440932437
172,tasa_partos,0.00017735877561293962
172,tasa_prematurez,0.229176260757783
172,cv_estancia,0.012436173241578415
172,pct_estancia_larga,0.5960715360407324
173,egresos_por_anio,0.010701913613936093
173,estancia_media,0.004819030138003087
173,estancia_mediana,0.0018938365610150529
173,peso_medio_grd,0.3087461689998331
173,severidad_media,0.0012465360735550003
173,mortalidad_media,0.0008256318546687862
173,entropia_grd,0.04150085209629206
173,comorbilidades_promedio,0.03921298723963609
173,tasa_cma,0.010460320955619076
173,peso_medio_cma,0.0028660883374178807
173,pct_pediatrico,3.9653228526051985e-09
173,pct_geriatrico,2.9876620112897635e-08
173,pct_femenino_fertil,0.0018938365610150529
173,edad_mediana,1.94814030286015e-08
173,pct_urgencia,0.060982695316733435
173,pct_programada,0.2817778665184336
173,pct_obstetrica_ingreso,0.061490718983609804
173,pct_alta_domicilio,0.0012465360735550003
173,pct_alta_fallecido,0.0008256318546687862
173,pct_alta_traslado,0.0013253396398038076
173,pct_origen_emergencia,0.31798936338602063
173,pct_origen_referencia,0.0008575790053169787
173,pct_uso_pabellon,0.00019569044588897013
173,pabellones_promedio,0.003191806581445442
173,tasa_partos,0.2577286288856822
173,tasa_prematurez,0.029373108917318674
173,cv_estancia,0.016239933804370096
173,pct_estancia_larga,0.009427568271729267
174,egresos_por_anio,0.4995024396663659
174,estancia_media,0.036450698166180205
174,estancia_mediana,0.10052437236047519
174,peso_medio_grd,3.572539677764218e-06
174,severidad_media,0.0004646829940550164
174,mortalidad_media,0.04198096436666678
174,entropia_grd,0.09147143279256101
174,comorbilidades_promedio,0.0021904724433861517
174,tasa_cma,0.010670943801968095
174,peso_medio_cma,0.0012582728508242747
174,pct_pediatrico,1.2648890909230099e-06
174,pct_geriatrico,2.5099092000648376e-05
174,pct_femenino_fertil,2.7400418459112995e-05
174,edad_mediana,2.567928020350619e-06
174,pct_urgencia,0.0012679506089815437
174,pct_programada,3.572539677764218e-06
174,pct_obstetrica_ingreso,2.7400418459112995e-05
174,pct_alta_domicilio,0.1312699579198132
174,pct_alta_fallecido,0.0007550497670676614
174,pct_alta_traslado,0.1312699579198132
174,pct_origen_emergencia,3.572539677764218e-06
174,pct_origen_referencia,0.0006613632529615288
174,pct_uso_pabellon,0.07844659485741766
174,pabellones_promedio,0.04198096436666678
174,tasa_partos,0.00011109636119886239
174,tasa_prematurez,0.504868931908542
174,cv_estancia,0.13786344389655816
174,pct_estancia_larga,0.04198096436666678
175,egresos_por_anio,0.05583107512549519
175,estancia_media,0.5165414371549751
175,estancia_mediana,0.009316081436823501
175,peso_medio_grd,1.4032663106410146e-05
175,severidad_media,0.008441274635011884
175,mortalidad_media,0.02687274632378206
175,entropia_grd,0.0017269534976470037
175,comorbilidades_promedio,0.2377236325652376
175,tasa_cma,0.0004879207877215545
175,peso_medio_cma,0.024693437185735922
175,pct_pediatrico,2.057925844331974e-07
175,pct_geriatrico,2.057925844331974e-07
175,pct_femenino_fertil,6.687965266314666e-06
175,edad_mediana,2.057925844331974e-07
175,pct_urgencia,2.353815792516357e-05
175,pct_programada,3.008613255240208e-06
175,pct_obstetrica_ingreso,7.595456348247336e-07
175,pct_alta_domicilio,0.0017269534976470037
175,pct_alta_fallecido,0.0001247941398930512
175,pct_alta_traslado,0.024693437185735922
175,pct_origen_emergencia,0.00015639687467418594
175,pct_origen_referencia,0.0017269534976470037
175,pct_uso_pabellon,0.011554326699663256
175,pabellones_promedio,0.12835077082056304
175,tasa_partos,6.993219306383937e-06
175,tasa_prematurez,0.022721967776760693
175,cv_estancia,0.00012297060659459088
175,pct_estancia_larga,0.5369294724241978
176,egresos_por_anio,0.3488314392058538
176,estancia_media,0.0005119166525381721
176,estancia_mediana,0.0013136200488441329
176,peso_medio_grd,0.0008569670270260766
176,severidad_media,0.17711862491677843
176,mortalidad_media,0.08397966561937674
176,entropia_grd,0.003957572944117434
176,comorbilidades_promedio,0.0003607448058626328
176,tasa_cma,0.0218274575514337
176,peso_medio_cma,4.8182277892623355e-05
176,pct_pediatrico,6.7181870317914455e-09
176,pct_geriatrico,5.490418711622004e-09
176,pct_femenino_fertil,0.02333959928634609
176,edad_mediana,4.6235761391230624e-09
176,pct_urgencia,0.0218274575514337
176,pct_programada,4.8182277892623355e-05
176,pct_obstetrica_ingreso,0.0218274575514337
176,pct_alta_domicilio,4.0327674350971706e-05
176,pct_alta_fallecido,2.123161688205622e-06
176,pct_alta_traslado,0.2979582611841673
176,pct_origen_emergencia,0.001426768077607175
176,pct_origen_referencia,0.03854954539339066
176,pct_uso_pabellon,0.00987058104357982
176,pabellones_promedio,0.009474135244968209
176,tasa_partos,0.02316099664693449
176,tasa_prematurez,0.0218274575514337
176,cv_estancia,0.003957572944117434
176,pct_estancia_larga,0.0013136200488441329
177,egresos_por_anio,0.626030371192176
177,estancia_media,0.00019973784381732397
177,estancia_mediana,0.0020932525031014918
177,peso_medio_grd,1.5660721155449504e-06
177,severidad_media,0.0007138188524500914
177,mortalidad_media,3.986707796187779e-05
177,entropia_grd,0.043108141016044745
177,comorbilidades_promedio,0.0002007218598686737
177,tasa_cma,0.00904187037838859
177,peso_medio_cma,0.015593271620449729
177,pct_pediatrico,4.176188850636967e-07
177,pct_geriatrico,4.176188850636967e-07
177,pct_femenino_fertil,4.535564918732956e-06
177,edad_mediana,4.176188850636967e-07
177,pct_urgencia,0.0001221479134639779
177,pct_programada,1.8330991906813114e-05
177,pct_obstetrica_ingreso,5.370466622370265e-05
177,pct_alta_domicilio,0.00167042543516423
177,pct_alta_fallecido,0.00012997013099349635
177,pct_alta_traslado,0.006752989378010548
177,pct_origen_emergencia,0.016011277283473468
177,pct_origen_referencia,0.20383807751372643
177,pct_uso_pabellon,4.535564918732956e-06
177,pabellones_promedio,0.00012997013099349635
177,tasa_partos,0.0005552664438084671
177,tasa_prematurez,0.4272695389873246
177,cv_estancia,0.009624565982611865
177,pct_estancia_larga,0.00037585965074147837
178,egresos_por_anio,0.07464044164387575
178,estancia_media,5.851753744657201e-06
178,estancia_mediana,1.807519773486292e-06
178,peso_medio_grd,1.807519773486292e-06
178,severidad_media,0.0011196950493798832
178,mortalidad_media,8.134302271010282e-05
178,entropia_grd,0.2459109980732138
178,comorbilidades_promedio,0.05148423084263295
178,tasa_cma,0.05668025363533804
178,peso_medio_cma,0.006121362660086029
178,pct_pediatrico,3.779994415203617e-08
178,pct_geriatrico,5.518279114405449e-09
178,pct_femenino_fertil,1.0905305160800793e-06
178,edad_mediana,5.518279114405449e-09
178,pct_urgencia,0.21299910053139773
178,pct_programada,0.003005589778294934
178,pct_obstetrica_ingreso,1.2205600071696923e-06
178,pct_alta_domicilio,0.00250750361588712
178,pct_alta_fallecido,1.6901717378370947e-06
178,pct_alta_traslado,0.1281796453470884
178,pct_origen_emergencia,0.0004771947557046903
178,pct_origen_referencia,6.972113302075324e-05
178,pct_uso_pabellon,0.6076928073127215
178,pabellones_promedio,0.09935713356083398
178,tasa_partos,2.6983658478516873e-05
178,tasa_prematurez,0.0057057530900397925
178,cv_estancia,0.12618720831275262
178,pct_estancia_larga,5.617485826853322e-05
179,egresos_por_anio,0.017812628419791865
179,estancia_media,0.0029799363892247057
179,estancia_mediana,0.002452188705085499
179,peso_medio_grd,0.00018996291769245182
179,severidad_media,0.001749576981715019
179,mortalidad_media,0.00023479355044186815
179,entropia_grd,0.0935316348231384
179,comorbilidades_promedio,0.03931800289659857
179,tasa_cma,0.004548589227147055
179,peso_medio_cma,0.06625225322197328
179,pct_pediatrico,2.4891964358725432e-05
179,pct_geriatrico,7.341094892434561e-07
179,pct_femenino_fertil,0.0005813548435544965
179,edad_mediana,7.341094892434561e-07
179,pct_urgencia,0.4963930561761227
179,pct_programada,0.005854523104580369
179,pct_obstetrica_ingreso,0.0004114134282643316
179,pct_alta_domicilio,0.00018996291769245182
179,pct_alta_fallecido,0.001749576981715019
179,pct_alta_traslado,6.953814786903658e-05
179,pct_origen_emergencia,0.00490817860720432
179,pct_origen_referencia,0.00019676588971566985
179,pct_uso_pabellon,0.006415046046312354
179,pabellones_promedio,0.0016172962942671923
179,tasa_partos,0.0003818340606122405
179,tasa_prematurez,0.002452188705085499
179,cv_estancia,0.0008012127959378557
179,pct_estancia_larga,0.002596674981965369
180,egresos_por_anio,0.029666552707416274
180,estancia_media,0.002435413976748117
180,estancia_mediana,2.3880724990611587e-05
180,peso_medio_grd,0.147332709091839
180,severidad_media,0.007940929807930817
180,mortalidad_media,0.0005747612522516732
180,entropia_grd,0.0006854358230495151
180,comorbilidades_promedio,0.00011872901128255157
180,tasa_cma,0.018543251237712673
180,peso_medio_cma,2.3880724990611587e-05
180,pct_pediatrico,6.38544283120132e-10
180,pct_geriatrico,2.138534851116552e-09
180,pct_femenino_fertil,0.0005330995370255412
180,edad_mediana,7.37487796178321e-10
180,pct_urgencia,0.06575128661554999
180,pct_programada,0.1865010977775664
180,pct_obstetrica_ingreso,0.007159720022471409
180,pct_alta_domicilio,5.673172467663741e-05
180,pct_alta_fallecido,8.099257602010728e-06
180,pct_alta_traslado,0.00872232897460813
180,pct_origen_emergencia,0.08762008357119508
180,pct_origen_referencia,0.0044118085258289955
180,pct_uso_pabellon,0.004838771521421287
180,pabellones_promedio,0.060368904953684806
180,tasa_partos,0.001934994596296794
180,tasa_prematurez,0.08040602835534663
180,cv_estancia,0.001917413284089954
180,pct_estancia_larga,0.08422355793159662
181,egresos_por_anio,0.2624836220708203
181,estancia_media,0.003456313194456505
181,estancia_mediana,0.12133171394454743
181,peso_medio_grd,3.3738207312406367e-06
181,severidad_media,0.003359512421912408
181,mortalidad_media,0.012286682307891608
181,entropia_grd,0.4483867866115482
181,comorbilidades_promedio,0.0546798407897929
181,tasa_cma,0.12937916731001534
181,peso_medio_cma,0.00734041832275841
181,pct_pediatrico,4.777219134869561e-09
181,pct_geriatrico,3.65912660018774e-07
181,pct_femenino_fertil,7.780451439039523e-07
181,edad_mediana,4.382142640476809e-08
181,pct_urgencia,0.008645938307539486
181,pct_programada,5.845085706277917e-07
181,pct_obstetrica_ingreso,4.3030713196721947e-07
181,pct_alta_domicilio,0.00998856513329575
181,pct_alta_fallecido,1.35969735072238e-05
181,pct_alta_traslado,0.256401880110428
181,pct_origen_emergencia,8.541695531879389e-05
181,pct_origen_referencia,0.0070968758421476276
181,pct_uso_pabellon,0.002271667545671699
181,pabellones_promedio,4.631216031495249e-05
181,tasa_partos,4.8196396524642476e-06
181,tasa_prematurez,0.02438596009512788
181,cv_estancia,0.003359512421912408
181,pct_estancia_larga,0.0024093774323243255
182,egresos_por_anio,0.5942000575001203
182,estancia_media,0.0030370283429574183
182,estancia_mediana,0.0016264977705215578
182,peso_medio_grd,5.222155080347016e-08
182,severidad_media,2.799681248715627e-05
182,mortalidad_media,0.00018607719018776388
182,entropia_grd,0.01187317527044726
182,comorbilidades_promedio,0.0030370283429574183
182,tasa_cma,0.05085182134782479
182,peso_medio_cma,0.001974835298793659
182,pct_pediatrico,5.222155080347016e-08
182,pct_geriatrico,7.133099170723276e-07
182,pct_femenino_fertil,5.678675999929139e-07
182,edad_mediana,7.133099170723276e-07
182,pct_urgencia,0.01609319548737497
182,pct_programada,1.1390669144064908e-07
182,pct_obstetrica_ingreso,1.1390669144064908e-07
182,pct_alta_domicilio,0.0023302921972440304
182,pct_alta_fallecido,6.984930272237243e-07
182,pct_alta_traslado,0.2070525486967187
182,pct_origen_emergencia,0.00010166837640496708
182,pct_origen_referencia,0.020802705278032525
182,pct_uso_pabellon,0.04421604078668182
182,pabellones_promedio,0.009308438557840372
182,tasa_partos,1.3143531017497138e-06
182,tasa_prematurez,0.07085522012752664
182,cv_estancia,0.00032579270739684
182,pct_estancia_larga,0.004328832336998572
183,egresos_por_anio,0.15479584849645794
183,estancia_media,0.0008060509558253079
183,estancia_mediana,1.2102902073561758e-05
183,peso_medio_grd,0.11165992490136444
183,severidad_media,0.0008057175810695308
183,mortalidad_media,7.204922294559752e-05
183,entropia_grd,0.08504122798519129
183,comorbilidades_promedio,0.030461600964652523
183,tasa_cma,0.004888628085270394
183,peso_medio_cma,0.043118363466341576
183,pct_pediatrico,9.61264096814323e-07
183,pct_geriatrico,2.120037814167236e-06
183,pct_femenino_fertil,0.0038402857339105037
183,edad_mediana,2.120037814167236e-06
183,pct_urgencia,0.014947600325844471
183,pct_programada,0.010618652782126283
183,pct_obstetrica_ingreso,0.039154761636902596
183,pct_alta_domicilio,0.07161127603136082
183,pct_alta_fallecido,0.0001142326289779155
183,pct_alta_traslado,0.15479584849645794
183,pct_origen_emergencia,0.005228759773208314
183,pct_origen_referencia,0.0007935912529220432
183,pct_uso_pabellon,0.03503000259193855
183,pabellones_promedio,0.15479584849645794
183,tasa_partos,0.2549039112740108
183,tasa_prematurez,0.16088142748809098
183,cv_estancia,0.014947600325844471
183,pct_estancia_larga,0.012209561170650233
184,egresos_por_anio,0.27434358199563424
184,estancia_media,0.015085306810933442
184,estancia_mediana,2.738428618483458e-06
184,peso_medio_grd,0.053560647364033966
184,severidad_media,0.2574162500932026
184,mortalidad_media,0.2974937367101964
184,entropia_grd,0.04866655054943513
184,comorbilidades_promedio,0.0036545612839682944
184,tasa_cma,0.02996491369447135
184,peso_medio_cma,0.0037503131609936
184,pct_pediatrico,5.716480031257707e-10
184,pct_geriatrico,5.716480031257707e-10
184,pct_femenino_fertil,0.015760903845786666
184,edad_mediana,2.714504030216995e-10
184,pct_urgencia,0.0002915539680188666
184,pct_programada,0.001094142250258557
184,pct_obstetrica_ingreso,0.39822813422287145
184,pct_alta_domicilio,0.0037503131609936
184,pct_alta_fallecido,2.738428618483458e-06
184,pct_alta_traslado,0.4682300395731007
184,pct_origen_emergencia,0.17852999269706032
184,pct_origen_referencia,0.6316690883479081
184,pct_uso_pabellon,4.91040574157114e-05
184,pabellones_promedio,0.009925131759369463
184,tasa_partos,0.5043393719897332
184,tasa_prematurez,0.792006347555688
184,cv_estancia,0.00013724108804162227
184,pct_estancia_larga,0.061477818383535304
185,egresos_por_anio,0.0408760684730598
185,estancia_media,0.0005704924488121114
185,estancia_mediana,0.0008103597430604348
185,peso_medio_grd,0.00010868809172184331
185,severidad_media,0.09303437043364274
185,mortalidad_media,0.008455021314179368
185,entropia_grd,0.0164118505787264
185,comorbilidades_promedio,0.018247268683658766
185,tasa_cma,0.10200333790030071
185,peso_medio_cma,0.06226368657101021
185,pct_pediatrico,2.6296430151418386e-09
185,pct_geriatrico,5.57163205573542e-09
185,pct_femenino_fertil,4.5314437426483753e-07
185,edad_mediana,2.6296430151418386e-09
185,pct_urgencia,0.06776364933185063
185,pct_programada,0.012481385415410958
185,pct_obstetrica_ingreso,3.434042005113076e-07
185,pct_alta_domicilio,0.00010868809172184331
185,pct_alta_fallecido,1.4292364106751949e-05
185,pct_alta_traslado,0.0009675756821290761
185,pct_origen_emergencia,0.021082825576595732
185,pct_origen_referencia,0.007428092836125237
185,pct_uso_pabellon,0.8948171315121493
185,pabellones_promedio,0.16527327636661984
185,tasa_partos,3.1126411738395242e-06
185,tasa_prematurez,0.0005481026784447447
185,cv_estancia,0.00010868809172184331
185,pct_estancia_larga,0.008455021314179368
186,egresos_por_anio,0.1219331224728925
186,estancia_media,0.3790088703419233
186,estancia_mediana,0.0015086636215507665
186,peso_medio_grd,0.024164542580472775
186,severidad_media,0.11685254070162165
186,mortalidad_media,0.01589242454966566
186,entropia_grd,0.03902099022183797
186,comorbilidades_promedio,0.009810191480193168
186,tasa_cma,0.004107351793395984
186,peso_medio_cma,0.04065723806726246
186,pct_pediatrico,2.3491836856800843e-07
186,pct_geriatrico,5.892907569731224e-08
186,pct_femenino_fertil,0.22234760719464752
186,edad_mediana,1.330720841303499e-07
186,pct_urgencia,1.330720841303499e-07
186,pct_programada,5.227339450196841e-05
186,pct_obstetrica_ingreso,0.401879360530792
186,pct_alta_domicilio,1.330720841303499e-07
186,pct_alta_fallecido,1.4482035821877699e-06
186,pct_alta_traslado,0.024164542580472775
186,pct_origen_emergencia,0.04216784831967427
186,pct_origen_referencia,0.8137037909032467
186,pct_uso_pabellon,7.478017027296488e-05
186,pabellones_promedio,0.0015086636215507665
186,tasa_partos,0.320339356753059
186,tasa_prematurez,0.406453578802489
186,cv_estancia,0.0008688369161683878
186,pct_estancia_larga,0.401879360530792
187,egresos_por_anio,0.07761335114837113
187,estancia_media,0.0016165654584407382
187,estancia_mediana,0.0028220236450308012
187,peso_medio_grd,0.006839531809428889
187,severidad_media,0.000608505846163984
187,mortalidad_media,0.002299055727684959
187,entropia_grd,0.006839531809428889
187,comorbilidades_promedio,0.004138695495200929
187,tasa_cma,0.07258739755476984
187,peso_medio_cma,0.07342237662699713
187,pct_pediatrico,6.330739009044569e-08
187,pct_geriatrico,1.4685113727134344e-06
187,pct_femenino_fertil,0.00043310478790934196
187,edad_mediana,1.308792407253052e-06
187,pct_urgencia,0.0007820510093631957
187,pct_programada,0.0028220236450308012
187,pct_obstetrica_ingreso,0.004138695495200929
187,pct_alta_domicilio,5.594846574322479e-05
187,pct_alta_fallecido,0.0024822743235230387
187,pct_alta_traslado,0.002299055727684959
187,pct_origen_emergencia,0.4702223635444095
187,pct_origen_referencia,0.07258739755476984
187,pct_uso_pabellon,0.0001589970028936288
187,pabellones_promedio,0.002299055727684959
187,tasa_partos,0.016164636333330276
187,tasa_prematurez,0.2587928224178502
187,cv_estancia,0.018523436784290054
187,pct_estancia_larga,0.001418069594394955
188,egresos_por_anio,0.1049926013721549
188,estancia_media,0.014610890976785936
188,estancia_mediana,0.020635170629165263
188,peso_medio_grd,4.2062587630075396e-05
188,severidad_media,0.004218287156163597
188,mortalidad_media,0.0002082483150507626
188,entropia_grd,0.568680556442378
188,comorbilidades_promedio,0.20203410582584871
188,tasa_cma,0.4415504712492521
188,peso_medio_cma,0.020287496884726464
188,pct_pediatrico,4.760970560477149e-07
188,pct_geriatrico,9.324253977962321e-07
188,pct_femenino_fertil,4.2062587630075396e-05
188,edad_mediana,4.760970560477149e-07
188,pct_urgencia,4.2062587630075396e-05
188,pct_programada,1.9692906024360622e-06
188,pct_obstetrica_ingreso,4.2062587630075396e-05
188,pct_alta_domicilio,0.004050185169937799
188,pct_alta_fallecido,4.6506607319211785e-05
188,pct_alta_traslado,0.4415504712492521
188,pct_origen_emergencia,3.834827707089475e-05
188,pct_origen_referencia,0.014610890976785936
188,pct_uso_pabellon,0.13088410925074181
188,pabellones_promedio,0.4415504712492521
188,tasa_partos,4.5892053874789985e-05
188,tasa_prematurez,0.004142509088514755
188,cv_estancia,0.4415504712492521
188,pct_estancia_larga,0.023998997008381352
189,egresos_por_anio,0.0024280482376551286
189,estancia_media,0.23504421333779538
189,estancia_mediana,0.0003677080826964282
189,peso_medio_grd,0.000158977871463052
189,severidad_media,1.412344515456511e-05
189,mortalidad_media,5.685147090895702e-05
189,entropia_grd,3.319796368198158e-05
189,comorbilidades_promedio,1.4215693256368344e-05
189,tasa_cma,0.0010667055175628188
189,peso_medio_cma,0.09272631614235277
189,pct_pediatrico,6.854573168732633e-06
189,pct_geriatrico,4.394057857496371e-06
189,pct_femenino_fertil,8.610018908412307e-06
189,edad_mediana,9.62729487156198e-06
189,pct_urgencia,4.772469782423534e-05
189,pct_programada,1.1850550058595667e-05
189,pct_obstetrica_ingreso,9.365113138270678e-06
189,pct_alta_domicilio,2.5619298317934333e-07
189,pct_alta_fallecido,0.0011581285569357144
189,pct_alta_traslado,6.0762262268057124e-05
189,pct_origen_emergencia,0.006039280128792447
189,pct_origen_referencia,0.06849988304655177
189,pct_uso_pabellon,4.394057857496371e-06
189,pabellones_promedio,7.026612043146166e-05
189,tasa_partos,9.62729487156198e-06
189,tasa_prematurez,0.00015158339538632435
189,cv_estancia,0.14011676191602063
189,pct_estancia_larga,0.41586494783852
190,egresos_por_anio,0.06761881958701176
190,estancia_media,0.07257585650611503
190,estancia_mediana,0.008484804710749836
190,peso_medio_grd,0.0007562960142179064
190,severidad_media,0.04121962231114037
190,mortalidad_media,0.021497306945051156
190,entropia_grd,0.004639131711552314
190,comorbilidades_promedio,0.004639131711552314
190,tasa_cma,0.4702842680806242
190,peso_medio_cma,0.0011201378237040735
190,pct_pediatrico,4.537879156150578e-09
190,pct_geriatrico,2.143916507246854e-09
190,pct_femenino_fertil,0.004098890550301708
190,edad_mediana,1.4783263286822971e-09
190,pct_urgencia,0.019574114150658864
190,pct_programada,0.00011157275590363212
190,pct_obstetrica_ingreso,0.0021189758090356
190,pct_alta_domicilio,0.0022092467150486603
190,pct_alta_fallecido,0.00011157275590363212
190,pct_alta_traslado,0.08087784274316559
190,pct_origen_emergencia,0.0021728998581762474
190,pct_origen_referencia,0.0968416002939325
190,pct_uso_pabellon,0.008484804710749836
190,pabellones_promedio,0.002363399229640203
190,tasa_partos,0.0022092467150486603
190,tasa_prematurez,0.006179562911134303
190,cv_estancia,0.025345124064199465
190,pct_estancia_larga,0.04113040359294306
191,egresos_por_anio,0.8756955573588732
191,estancia_media,0.00011535296314800585
191,estancia_mediana,0.00011535296314800585
191,peso_medio_grd,2.9743308875590655e-05
191,severidad_media,0.0011415012030941477
191,mortalidad_media,0.00033710442438191103
191,entropia_grd,0.7400582052409416
191,comorbilidades_promedio,0.233884329714818
191,tasa_cma,0.8756955573588732
191,peso_medio_cma,0.01420135192989709
191,pct_pediatrico,5.251589815515972e-10
191,pct_geriatrico,4.542100576629413e-09
191,pct_femenino_fertil,4.117570479991654e-05
191,edad_mediana,4.542100576629413e-09
191,pct_urgencia,0.233884329714818
191,pct_programada,0.00011905196909125278
191,pct_obstetrica_ingreso,6.429892810223912e-05
191,pct_alta_domicilio,0.22429040593133423
191,pct_alta_fallecido,4.117570479991654e-05
191,pct_alta_traslado,0.927615712992356
191,pct_origen_emergencia,7.087701687902034e-05
191,pct_origen_referencia,0.0004641086333499971
191,pct_uso_pabellon,0.233884329714818
191,pabellones_promedio,0.01420135192989709
191,tasa_partos,6.429892810223912e-05
191,tasa_prematurez,0.2804235283633471
191,cv_estancia,0.002633722982442643
191,pct_estancia_larga,0.0007278034715811805
192,egresos_por_anio,0.003674922902467522
192,estancia_media,0.00020804645792706625
192,estancia_mediana,8.471360442652253e-06
192,peso_medio_grd,1.6252794878863546e-05
192,severidad_media,8.172857099928216e-05
192,mortalidad_media,8.157369582336098e-05
192,entropia_grd,0.0023125379731991583
192,comorbilidades_promedio,0.0019404268054947868
192,tasa_cma,0.002620757950734707
192,peso_medio_cma,0.005702343679771744
192,pct_pediatrico,5.4660932635856503e-08
192,pct_geriatrico,9.163400301350544e-09
192,pct_femenino_fertil,0.00018443765687938308
192,edad_mediana,7.135038487693817e-09
192,pct_urgencia,8.157369582336098e-05
192,pct_programada,2.5185070815801113e-05
192,pct_obstetrica_ingreso,0.00010939965131478977
192,pct_alta_domicilio,1.6252794878863546e-05
192,pct_alta_fallecido,8.471360442652253e-06
192,pct_alta_traslado,0.001245173660136192
192,pct_origen_emergencia,0.0008823819647968521
192,pct_origen_referencia,0.005702352865772218
192,pct_uso_pabellon,2.8487040099639738e-05
192,pabellones_promedio,0.00018443765687938308
192,tasa_partos,2.6579927103538668e-05
192,tasa_prematurez,0.008056649738999163
192,cv_estancia,8.471360442652253e-06
192,pct_estancia_larga,0.001245173660136192
193,egresos_por_anio,0.07640256664155852
193,estancia_media,0.0002935023390602615
193,estancia_mediana,0.0011879974919569074
193,peso_medio_grd,0.00020777034982933162
193,severidad_media,0.0006413973179127949
193,mortalidad_media,0.00026839749491002293
193,entropia_grd,0.05455778312630253
193,comorbilidades_promedio,0.0004989315640692318
193,tasa_cma,0.04745512270171515
193,peso_medio_cma,2.142284994883338e-05
193,pct_pediatrico,9.721399882744971e-09
193,pct_geriatrico,1.8781811463179908e-07
193,pct_femenino_fertil,0.0004989315640692318
193,edad_mediana,1.686513281134947e-08
193,pct_urgencia,0.028199404323853924
193,pct_programada,0.0011879974919569074
193,pct_obstetrica_ingreso,0.00026839749491002293
193,pct_alta_domicilio,0.008158072693999723
193,pct_alta_fallecido,0.0004029076439962619
193,pct_alta_traslado,0.045268429823797
193,pct_origen_emergencia,0.02984629411300861
193,pct_origen_referencia,0.02471140196490855
193,pct_uso_pabellon,0.0040940110597645326
193,pabellones_promedio,0.015827608408919096
193,tasa_partos,0.0004989315640692318
193,tasa_prematurez,0.21743670293424155
193,cv_estancia,0.03612139599431144
193,pct_estancia_larga,0.00034104149980677614
194,egresos_por_anio,0.0347077743924476
194,estancia_media,0.00020742442189631188
194,estancia_mediana,7.935743032186858e-06
194,peso_medio_grd,0.0347077743924476
194,severidad_media,0.010439216335408426
194,mortalidad_media,0.0014851451801578062
194,entropia_grd,0.00046568511814173644
194,comorbilidades_promedio,0.00015375334295909368
194,tasa_cma,0.0009179372966603572
194,peso_medio_cma,0.0007510887666948326
194,pct_pediatrico,1.0078447037941262e-08
194,pct_geriatrico,7.424019575721524e-09
194,pct_femenino_fertil,0.0001831862839206043
194,edad_mediana,1.9131678928003426e-08
194,pct_urgencia,2.8917760143692175e-07
194,pct_programada,0.008057035162353936
194,pct_obstetrica_ingreso,0.00045167728508722124
194,pct_alta_domicilio,0.00015375334295909368
194,pct_alta_fallecido,7.733320140739871e-07
194,pct_alta_traslado,0.10766878138665142
194,pct_origen_emergencia,0.06941372934260974
194,pct_origen_referencia,0.02610907376229198
194,pct_uso_pabellon,0.0013934508550370941
194,pabellones_promedio,0.005484876446721379
194,tasa_partos,0.0001267114140776479
194,tasa_prematurez,0.04230193428233054
194,cv_estancia,0.0001831862839206043
194,pct_estancia_larga,0.02273830087411427
195,egresos_por_anio,0.023129691237931932
195,estancia_media,0.001611680679521002
195,estancia_mediana,4.2792839955528586e-05
195,peso_medio_grd,0.0001716913051501931
195,severidad_media,0.0015125354377140648
195,mortalidad_media,0.001484483664541079
195,entropia_grd,0.0007618153669702507
195,comorbilidades_promedio,0.0015368773240099591
195,tasa_cma,0.023129691237931932
195,peso_medio_cma,0.00011458410570578177
195,pct_pediatrico,1.0294506138256322e-09
195,pct_geriatrico,1.0294506138256322e-09
195,pct_femenino_fertil,0.0001656113924824865
195,edad_mediana,1.3566634383302135e-09
195,pct_urgencia,0.2888432706779825
195,pct_programada,0.005402025421403537
195,pct_obstetrica_ingreso,0.0003024310160824617
195,pct_alta_domicilio,4.2792839955528586e-05
195,pct_alta_fallecido,4.389413325130432e-08
195,pct_alta_traslado,0.005972627276261116
195,pct_origen_emergencia,0.28678740826221266
195,pct_origen_referencia,0.2169198844012713
195,pct_uso_pabellon,0.049688429665382935
195,pabellones_promedio,0.023129691237931932
195,tasa_partos,0.0012197729610432925
195,tasa_prematurez,0.005402025421403537
195,cv_estancia,0.005402025421403537
195,pct_estancia_larga,0.023129691237931932
196,egresos_por_anio,0.4915233113229961
196,estancia_media,0.09240123057794712
196,estancia_mediana,0.0012829908340972614
196,peso_medio_grd,0.04167378106283601
196,severidad_media,0.07612486294591628
196,mortalidad_media,0.013746863713912243
196,entropia_grd,0.08358778025901943
196,comorbilidades_promedio,0.0008091660898650892
196,tasa_cma,0.09240123057794712
196,peso_medio_cma,0.2116788838133686
196,pct_pediatrico,3.320347001484393e-08
196,pct_geriatrico,4.4221100867497514e-07
196,pct_femenino_fertil,1.0051383379979384e-05
196,edad_mediana,1.1573151754372378e-07
196,pct_urgencia,0.0012829908340972614
196,pct_programada,0.00013737729222608932
196,pct_obstetrica_ingreso,0.0001534546992774664
196,pct_alta_domicilio,2.8164688275135478e-06
196,pct_alta_fallecido,6.342941760494237e-06
196,pct_alta_traslado,0.00012932964953913282
196,pct_origen_emergencia,0.00332229513331781
196,pct_origen_referencia,0.002350381512701773
196,pct_uso_pabellon,0.007686630623441803
196,pabellones_promedio,0.020795149478710445
196,tasa_partos,0.00020867998993162455
196,tasa_prematurez,0.022731306349512967
196,cv_estancia,0.03798125607481675
196,pct_estancia_larga,0.28675452624109515
197,egresos_por_anio,0.11039331673454965
197,estancia_media,0.06697215676171868
197,estancia_mediana,0.0001984360972650867
197,peso_medio_grd,0.7101635639596487
197,severidad_media,0.02102098451714218
197,mortalidad_media,0.001660829239784016
197,entropia_grd,0.0016886375398432935
197,comorbilidades_promedio,0.28611393597155155
197,tasa_cma,0.8115080475880865
197,peso_medio_cma,0.0008877532518531729
197,pct_pediatrico,1.6773491805559047e-09
197,pct_geriatrico,2.9579630209230726e-08
197,pct_femenino_fertil,0.0001444227671456885
197,edad_mediana,1.3701389643167092e-08
197,pct_urgencia,3.3323076560145985e-05
197,pct_programada,0.014888872690980482
197,pct_obstetrica_ingreso,0.00220162552759866
197,pct_alta_domicilio,0.006157176704859514
197,pct_alta_fallecido,1.2648818560029092e-05
197,pct_alta_traslado,0.6541235657459318
197,pct_origen_emergencia,0.11039331673454965
197,pct_origen_referencia,0.7807338881806558
197,pct_uso_pabellon,0.0029782064670327004
197,pabellones_promedio,0.06697215676171868
197,tasa_partos,0.002699900159002027
197,tasa_prematurez,0.3998072415729343
197,cv_estancia,0.13068044105013785
197,pct_estancia_larga,0.527979368565684
198,egresos_por_anio,0.033624589478453086
198,estancia_media,0.005000699001932409
198,estancia_mediana,1.9564306604005488e-05
198,peso_medio_grd,0.21196445893407387
198,severidad_media,0.00181516702243767
198,mortalidad_media,0.0005255662152997727
198,entropia_grd,0.4217760666006546
198,comorbilidades_promedio,0.0009286445315832935
198,tasa_cma,0.05967713193347878
198,peso_medio_cma,0.04877041696608605
198,pct_pediatrico,1.9494041901216542e-08
198,pct_geriatrico,1.9494041901216542e-08
198,pct_femenino_fertil,9.390200932692603e-06
198,edad_mediana,1.9494041901216542e-08
198,pct_urgencia,0.0002032459078409248
198,pct_programada,0.0513217646226055
198,pct_obstetrica_ingreso,2.2331879975386965e-05
198,pct_alta_domicilio,0.0002587490747726019
198,pct_alta_fallecido,0.007631962447471584
198,pct_alta_traslado,0.009586153899358553
198,pct_origen_emergencia,0.005000699001932409
198,pct_origen_referencia,0.0005255662152997727
198,pct_uso_pabellon,0.00041147836380727224
198,pabellones_promedio,0.00688888239197515
198,tasa_partos,9.390200932692603e-06
198,tasa_prematurez,0.015805578976404076
198,cv_estancia,0.005889424977615051
198,pct_estancia_larga,0.12068992212215654
199,egresos_por_anio,0.22923393597274233
199,estancia_media,4.508197773825595e-05
199,estancia_mediana,0.0012690290743262393
199,peso_medio_grd,3.3072342156597244e-07
199,severidad_media,0.0009855258063494862
199,mortalidad_media,0.0008388407526834404
199,entropia_grd,0.7869039332796538
199,comorbilidades_promedio,0.009515670286295536
199,tasa_cma,0.046472210666581984
199,peso_medio_cma,1.0239112968431642e-05
199,pct_pediatrico,4.464177651815604e-07
199,pct_geriatrico,1.242643682534945e-06
199,pct_femenino_fertil,1.1555412984272878e-06
199,edad_mediana,8.37257758222229e-07
199,pct_urgencia,0.037320766164697095
199,pct_programada,8.37257758222229e-07
199,pct_obstetrica_ingreso,1.1555412984272878e-06
199,pct_alta_domicilio,0.00021088047704457261
199,pct_alta_fallecido,8.250438743357957e-05
199,pct_alta_traslado,0.03357333335595265
199,pct_origen_emergencia,7.583164507743011e-06
199,pct_origen_referencia,0.013356134246730945
199,pct_uso_pabellon,0.006937397859417409
199,pabellones_promedio,0.02141266538892996
199,tasa_partos,2.5353518750417277e-06
199,tasa_prematurez,0.07751169904345286
199,cv_estancia,0.03556432631198439
199,pct_estancia_larga,2.557706338995912e-05
200,egresos_por_anio,0.08894310259484367
200,estancia_media,0.031768848788577796
200,estancia_mediana,0.018912905931986468
200,peso_medio_grd,0.0001753433323490383
200,severidad_media,0.0014911595756868035
200,mortalidad_media,0.004899124638539478
200,entropia_grd,0.014883920459937498
200,comorbilidades_promedio,0.0010292969130473138
200,tasa_cma,0.005198113587500434
200,peso_medio_cma,0.01675207985521935
200,pct_pediatrico,3.510555616015801e-07
200,pct_geriatrico,4.695769979465985e-06
200,pct_femenino_fertil,5.642756495004326e-07
200,edad_mediana,2.332850514109034e-06
200,pct_urgencia,0.031768848788577796
200,pct_programada,6.330462751193472e-05
200,pct_obstetrica_ingreso,5.223838359367419e-07
200,pct_alta_domicilio,0.00020762757665313716
200,pct_alta_fallecido,2.332850514109034e-06
200,pct_alta_traslado,0.25443116262548493
200,pct_origen_emergencia,0.007060311900110488
200,pct_origen_referencia,0.3770915690397557
200,pct_uso_pabellon,4.3511172945513674e-05
200,pabellones_promedio,0.0005843148722811441
200,tasa_partos,2.233803798507451e-06
200,tasa_prematurez,0.0032654838651077125
200,cv_estancia,0.025564358899379774
200,pct_estancia_larga,0.06997110488897205
201,egresos_por_anio,2.1851724295585785e-06
201,estancia_media,0.14364479335768945
201,estancia_mediana,0.004265698289071508
201,peso_medio_grd,0.012452413672472363
201,severidad_media,0.029803332388030544
201,mortalidad_media,0.00339992478352291
201,entropia_grd,0.11414889642084343
201,comorbilidades_promedio,0.0005059841125311743
201,tasa_cma,0.007569957780352184
201,peso_medio_cma,0.001473203365091553
201,pct_pediatrico,9.526790777531514e-08
201,pct_geriatrico,9.526790777531514e-08
201,pct_femenino_fertil,1.739478101023529e-06
201,edad_mediana,2.1174352127186538e-08
201,pct_urgencia,0.0009443071980410328
201,pct_programada,0.0012256640085227465
201,pct_obstetrica_ingreso,6.256419249659831e-07
201,pct_alta_domicilio,0.006781896592445857
201,pct_alta_fallecido,0.013457182883824897
201,pct_alta_traslado,0.010567825599163702
201,pct_origen_emergencia,0.0006924342225754313
201,pct_origen_referencia,0.0004404994942045711
201,pct_uso_pabellon,0.0004898852158840547
201,pabellones_promedio,0.06254907640467196
201,tasa_partos,1.739478101023529e-06
201,tasa_prematurez,4.290626169711735e-07
201,cv_estancia,0.07574748087177652
201,pct_estancia_larga,0.2239100431326004
202,egresos_por_anio,0.004184480337721632
202,estancia_media,0.05643566128025899
202,estancia_mediana,0.04447542051173679
202,peso_medio_grd,0.09143485109428233
202,severidad_media,0.1837572715739014
202,mortalidad_media,0.1117034608239811
202,entropia_grd,0.08711005899743927
202,comorbilidades_promedio,0.10935610843172314
202,tasa_cma,0.0009274731351265217
202,peso_medio_cma,0.10410436073281125
202,pct_pediatrico,1.0499879334235817e-09
202,pct_geriatrico,1.7209753628229904e-05
202,pct_femenino_fertil,1.6106672166033517e-05
202,edad_mediana,7.598662457480296e-06
202,pct_urgencia,0.2532898856221227
202,pct_programada,0.004184480337721632
202,pct_obstetrica_ingreso,0.0005429683962718415
202,pct_alta_domicilio,0.00023760735385359335
202,pct_alta_fallecido,1.607677275665828e-05
202,pct_alta_traslado,0.029364747248566914
202,pct_origen_emergencia,0.004184480337721632
202,pct_origen_referencia,0.003384152577198039
202,pct_uso_pabellon,0.01423580308891406
202,pabellones_promedio,0.04447542051173679
202,tasa_partos,0.002186896551477309
202,tasa_prematurez,0.09143485109428233
202,cv_estancia,0.0032035854606983494
202,pct_estancia_larga,0.030143837600970932
203,egresos_por_anio,0.22431988864563224
203,estancia_media,3.27833395820036e-05
203,estancia_mediana,3.2603222988444325e-05
203,peso_medio_grd,0.0016608551388762043
203,severidad_media,0.09556120938690173
203,mortalidad_media,0.025935506689446653
203,entropia_grd,0.7860053633362679
203,comorbilidades_promedio,0.0008133279490846732
203,tasa_cma,0.6520383300397753
203,peso_medio_cma,0.0001443186777636023
203,pct_pediatrico,3.334012791487862e-09
203,pct_geriatrico,3.334012791487862e-09
203,pct_femenino_fertil,0.0008133279490846732
203,edad_mediana,3.334012791487862e-09
203,pct_urgencia,0.0008344572058997814
203,pct_programada,3.27833395820036e-05
203,pct_obstetrica_ingreso,0.0016608551388762043
203,pct_alta_domicilio,0.00030725587155841353
203,pct_alta_fallecido,9.592319224224835e-07
203,pct_alta_traslado,0.1325323271097844
203,pct_origen_emergencia,0.00016582093094469108
203,pct_origen_referencia,0.0013477901749247652
203,pct_uso_pabellon,0.002316942099937458
203,pabellones_promedio,0.03516658282431965
203,tasa_partos,0.0006375308647659735
203,tasa_prematurez,0.09829316282711566
203,cv_estancia,0.22431988864563224
203,pct_estancia_larga,0.00010568001857903698
204,egresos_por_anio,0.02345942369026136
204,estancia_media,0.0005815852435196066
204,estancia_mediana,0.02345942369026136
204,peso_medio_grd,1.1306815635187788e-07
204,severidad_media,1.2858994601702016e-05
204,mortalidad_media,1.2858994601702016e-05
204,entropia_grd,0.07548761888649318
204,comorbilidades_promedio,0.013266345021439281
204,tasa_cma,0.09713034676052783
204,peso_medio_cma,0.007553613876283259
204,pct_pediatrico,2.2750499351959556e-08
204,pct_geriatrico,3.3002426343998596e-07
204,pct_femenino_fertil,1.1306815635187788e-07
204,edad_mediana,5.220643363662515e-08
204,pct_urgencia,0.3202662178439362
204,pct_programada,0.0004356981225177218
204,pct_obstetrica_ingreso,5.227155886205465e-07
204,pct_alta_domicilio,0.09713034676052783
204,pct_alta_fallecido,0.0023573919661187687
204,pct_alta_traslado,0.09713034676052783
204,pct_origen_emergencia,0.0010997755504663373
204,pct_origen_referencia,0.0012567355511592226
204,pct_uso_pabellon,0.032919110608450555
204,pabellones_promedio,0.026559282131191277
204,tasa_partos,1.7429870858338403e-06
204,tasa_prematurez,0.09713034676052783
204,cv_estancia,0.1657181005248532
204,pct_estancia_larga,6.353952894665518e-05
205,egresos_por_anio,0.4886682273315658
205,estancia_media,0.0010294242938286863
205,estancia_mediana,0.0020832305103755415
205,peso_medio_grd,1.4054479167538212e-07
205,severidad_media,0.002533630595298067
205,mortalidad_media,0.0076597705426735075
205,entropia_grd,0.10348849408953324
205,comorbilidades_promedio,0.00022521684985924288
205,tasa_cma,0.06111329813582816
205,peso_medio_cma,0.0750029437212489
205,pct_pediatrico,3.741528199599697e-08
205,pct_geriatrico,6.768032269028848e-09
205,pct_femenino_fertil,2.791354842010004e-06
205,edad_mediana,6.768032269028848e-09
205,pct_urgencia,0.012820503408059248
205,pct_programada,2.3486097868076578e-07
205,pct_obstetrica_ingreso,4.846007932298496e-05
205,pct_alta_domicilio,8.557816499903727e-05
205,pct_alta_fallecido,0.00023777709670262293
205,pct_alta_traslado,0.030202335955422013
205,pct_origen_emergencia,1.9237103851158188e-05
205,pct_origen_referencia,0.0035746003094136295
205,pct_uso_pabellon,0.0076597705426735075
205,pabellones_promedio,4.939217952390688e-05
205,tasa_partos,5.891420692873794e-05
205,tasa_prematurez,0.7449703265675782
205,cv_estancia,0.000988742087268466
205,pct_estancia_larga,0.0010563567887377705
206,egresos_por_anio,0.5196322812553882
206,estancia_media,0.00036542704232921954
206,estancia_mediana,0.005015599515036884
206,peso_medio_grd,9.348192182028323e-06
206,severidad_media,0.0029009997641910265
206,mortalidad_media,0.0002686582003922718
206,entropia_grd,0.00048196106428730816
206,comorbilidades_promedio,0.0001308665534112983
206,tasa_cma,0.09664985471652031
206,peso_medio_cma,0.0008319347875714781
206,pct_pediatrico,3.597445529919936e-07
206,pct_geriatrico,7.523535850605146e-08
206,pct_femenino_fertil,0.0013438272702728457
206,edad_mediana,9.186671777802808e-08
206,pct_urgencia,0.004053201472110385
206,pct_programada,2.1491943986159607e-05
206,pct_obstetrica_ingreso,0.001271534394972514
206,pct_alta_domicilio,9.131141782116775e-05
206,pct_alta_fallecido,0.00010583576910183446
206,pct_alta_traslado,0.006192329671621429
206,pct_origen_emergencia,9.131141782116775e-05
206,pct_origen_referencia,0.0009989387141009273
206,pct_uso_pabellon,0.0005334092549141375
206,pabellones_promedio,0.0009989387141009273
206,tasa_partos,0.0002548508553396356
206,tasa_prematurez,0.20254508302081314
206,cv_estancia,0.00016889712854593553
206,pct_estancia_larga,0.00040803878737072884
207,egresos_por_anio,0.9436635055363887
207,estancia_media,0.0005263312474104332
207,estancia_mediana,6.767822292668011e-06
207,peso_medio_grd,0.02672267717375994
207,severidad_media,1.638570489619568e-05
207,mortalidad_media,1.3276611948935979e-05
207,entropia_grd,0.00025972561692865815
207,comorbilidades_promedio,3.2476225711600306e-06
207,tasa_cma,0.017764233153545785
207,peso_medio_cma,0.00017486216405410084
207,pct_pediatrico,6.4537219097992325e-09
207,pct_geriatrico,2.880147789590975e-10
207,pct_femenino_fertil,6.445854383928937e-05
207,edad_mediana,2.880147789590975e-10
207,pct_urgencia,0.15125841361691825
207,pct_programada,0.056476257462964696
207,pct_obstetrica_ingreso,6.445854383928937e-05
207,pct_alta_domicilio,0.0005582732833645967
207,pct_alta_fallecido,1.1501072905210754e-06
207,pct_alta_traslado,0.5079335707127236
207,pct_origen_emergencia,0.017764233153545785
207,pct_origen_referencia,0.005177406611885845
207,pct_uso_pabellon,0.31389903487050347
207,pabellones_promedio,0.39235659976785897
207,tasa_partos,2.1519182760208018e-05
207,tasa_prematurez,0.49210103502301367
207,cv_estancia,0.00039050790895291083
207,pct_estancia_larga,0.019090275197725128
208,egresos_por_anio,0.4251841592428346
208,estancia_media,0.00019500103708512418
208,estancia_mediana,0.0001465672646013918
208,peso_medio_grd,9.209215574087016e-06
208,severidad_media,0.006176107830026864
208,mortalidad_media,0.0009081015958656563
208,entropia_grd,0.4251841592428346
208,comorbilidades_promedio,0.026579008555373887
208,tasa_cma,0.0032249604969089313
208,peso_medio_cma,0.00776493854326128
208,pct_pediatrico,5.647618349772951e-08
208,pct_geriatrico,1.651859468173645e-05
208,pct_femenino_fertil,5.798208468668811e-06
208,edad_mediana,3.429420301437469e-05
208,pct_urgencia,0.00035042648234162767
208,pct_programada,5.798208468668811e-06
208,pct_obstetrica_ingreso,9.807517681517595e-06
208,pct_alta_domicilio,0.00035042648234162767
208,pct_alta_fallecido,7.782304358253952e-07
208,pct_alta_traslado,0.04833887704363842
208,pct_origen_emergencia,0.0015858315257720277
208,pct_origen_referencia,0.041214439584093376
208,pct_uso_pabellon,2.9682939209758438e-06
208,pabellones_promedio,3.8836222311619673e-05
208,tasa_partos,9.807517681517595e-06
208,tasa_prematurez,0.003301396739655698
208,cv_estancia,0.030844911592665853
208,pct_estancia_larga,0.00035042648234162767
209,egresos_por_anio,0.0015549199298293163
209,estancia_media,0.0035953131339513775
209,estancia_mediana,0.0018389726091424497
209,peso_medio_grd,0.05537237694173804
209,severidad_media,0.09935816800477527
209,mortalidad_media,0.014988665971541372
209,entropia_grd,0.0006254708451292199
209,comorbilidades_promedio,0.0024756046195852735
209,tasa_cma,0.15109752454534456
209,peso_medio_cma,0.00028709383756335714
209,pct_pediatrico,4.101359262942157e-09
209,pct_geriatrico,1.7883131925237052e-09
209,pct_femenino_fertil,0.0006707920118087378
209,edad_mediana,1.7883131925237052e-09
209,pct_urgencia,0.008720797917030582
209,pct_programada,0.3198027685308453
209,pct_obstetrica_ingreso,0.014173192691652467
209,pct_alta_domicilio,9.664015000288146e-05
209,pct_alta_fallecido,3.924265130857016e-06
209,pct_alta_traslado,0.0009093720461319301
209,pct_origen_emergencia,0.22947875203792475
209,pct_origen_referencia,0.002554560605250459
209,pct_uso_pabellon,0.45533588508378386
209,pabellones_promedio,0.19093122752301334
209,tasa_partos,0.24212664492083727
209,tasa_prematurez,0.15109752454534456
209,cv_estancia,0.07103843268670353
209,pct_estancia_larga,0.008720797917030582
210,egresos_por_anio,0.3149365900578493
210,estancia_media,0.000790502591380642
210,estancia_mediana,0.00047743522074951975
210,peso_medio_grd,8.403701146269574e-05
210,severidad_media,0.0070920515315670155
210,mortalidad_media,0.023792836416067074
210,entropia_grd,0.0351554343998098
210,comorbilidades_promedio,0.008021216640879557
210,tasa_cma,0.04325492815490975
210,peso_medio_cma,0.014090816339620787
210,pct_pediatrico,2.6130119877481216e-07
210,pct_geriatrico,2.7628157329180053e-08
210,pct_femenino_fertil,0.0008602069697064887
210,edad_mediana,9.681876764644467e-09
210,pct_urgencia,0.0070920515315670155
210,pct_programada,0.00032854622215224444
210,pct_obstetrica_ingreso,0.0025486366903914857
210,pct_alta_domicilio,4.552534150474952e-05
210,pct_alta_fallecido,1.7514175061737132e-05
210,pct_alta_traslado,0.014090816339620787
210,pct_origen_emergencia,0.008403694043658682
210,pct_origen_referencia,0.05667862052386856
210,pct_uso_pabellon,0.005078503296326181
210,pabellones_promedio,0.04392615367317284
210,tasa_partos,0.004092916151823974
210,tasa_prematurez,0.1846656984807224
210,cv_estancia,0.020695900944338295
210,pct_estancia_larga,0.0011597512314706004
211,egresos_por_anio,0.5632830448548898
211,estancia_media,1.5776146189867296e-05
211,estancia_mediana,3.420429102656181e-05
211,peso_medio_grd,0.0003620306592959036
211,severidad_media,4.0414787268537094e-05
211,mortalidad_media,1.5776146189867296e-05
211,entropia_grd,0.0524704127043281
211,comorbilidades_promedio,1.5776146189867296e-05
211,tasa_cma,0.19742567492678995
211,peso_medio_cma,0.0022605370685657854
211,pct_pediatrico,1.93671042374051e-08
211,pct_geriatrico,5.842831362355035e-08
211,pct_femenino_fertil,1.5662210612171474e-07
211,edad_mediana,2.220052469117029e-08
211,pct_urgencia,0.17920475561851137
211,pct_programada,0.2944105328546021
211,pct_obstetrica_ingreso,1.5662210612171474e-07
211,pct_alta_domicilio,0.04709650164312527
211,pct_alta_fallecido,0.0003528734648781306
211,pct_alta_traslado,0.4995891618383765
211,pct_origen_emergencia,0.5068820588867152
211,pct_origen_referencia,0.17920475561851137
211,pct_uso_pabellon,0.3994590397976911
211,pabellones_promedio,0.48853482799947
211,tasa_partos,3.5231086162627256e-08
211,tasa_prematurez,0.10294913457191132
211,cv_estancia,0.08941587591215187
211,pct_estancia_larga,0.00010879237752241978
212,egresos_por_anio,0.427380066904273
212,estancia_media,0.0012736787234556807
212,estancia_mediana,7.985085623046995e-05
212,peso_medio_grd,7.985085623046995e-05
212,severidad_media,0.013126782703134663
212,mortalidad_media,0.008583446215618046
212,entropia_grd,0.017689480345388295
212,comorbilidades_promedio,0.16912110007723163
212,tasa_cma,0.00433880163719305
212,peso_medio_cma,0.004612940966659734
212,pct_pediatrico,4.13427355297293e-08
212,pct_geriatrico,8.596839788767697e-08
212,pct_femenino_fertil,0.0006932783569545909
212,edad_mediana,4.13427355297293e-08
212,pct_urgencia,0.00031251395399851256
212,pct_programada,8.94494068220765e-07
212,pct_obstetrica_ingreso,0.0005622105853953072
212,pct_alta_domicilio,0.0012736787234556807
212,pct_alta_fallecido,4.1654293818696605e-05
212,pct_alta_traslado,0.04327811919986505
212,pct_origen_emergencia,0.0022946496472978787
212,pct_origen_referencia,0.01975203624108372
212,pct_uso_pabellon,0.00029991252128268374
212,pabellones_promedio,4.1654293818696605e-05
212,tasa_partos,0.0022946496472978787
212,tasa_prematurez,0.13416271351663683
212,cv_estancia,0.0022946496472978787
212,pct_estancia_larga,0.03966957630151373
213,egresos_por_anio,0.36457515297847304
213,estancia_media,0.0007142133061874643
213,estancia_mediana,0.002130905799739926
213,peso_medio_grd,0.002130905799739926
213,severidad_media,0.05669820411459711
213,mortalidad_media,0.0037143517806532086
213,entropia_grd,0.07772988302533645
213,comorbilidades_promedio,0.0011443832986693856
213,tasa_cma,0.022831635083671715
213,peso_medio_cma,2.90186865147979e-05
213,pct_pediatrico,4.73461404982925e-09
213,pct_geriatrico,1.3914946225497927e-09
213,pct_femenino_fertil,0.2496441001988331
213,edad_mediana,1.2073407445238945e-09
213,pct_urgencia,1.6806710153554867e-06
213,pct_programada,0.00020528404939500287
213,pct_obstetrica_ingreso,0.1343376076636401
213,pct_alta_domicilio,0.0010351677188206846
213,pct_alta_fallecido,7.940004297103955e-06
213,pct_alta_traslado,0.054867227439597446
213,pct_origen_emergencia,0.0037143517806532086
213,pct_origen_referencia,0.1524600505273491
213,pct_uso_pabellon,0.0015957671901936274
213,pabellones_promedio,0.012829418150513246
213,tasa_partos,0.08072832260425504
213,tasa_prematurez,0.13334716300197086
213,cv_estancia,0.1524600505273491
213,pct_estancia_larga,0.0037143517806532086
214,egresos_por_anio,0.60548127682477
214,estancia_media,0.005289547387698272
214,estancia_mediana,0.0005344117537996333
214,peso_medio_grd,0.0018136204537295571
214,severidad_media,0.04412674326370505
214,mortalidad_media,0.016116807637807377
214,entropia_grd,0.4089895140792145
214,comorbilidades_promedio,0.005289547387698272
214,tasa_cma,0.19730732658908987
214,peso_medio_cma,0.0009378033700710495
214,pct_pediatrico,9.81986971783131e-09
214,pct_geriatrico,1.797230081767672e-08
214,pct_femenino_fertil,0.00010578515418387494
214,edad_mediana,4.916986002037017e-08
214,pct_urgencia,0.0012378370857634487
214,pct_programada,0.0001630589721016512
214,pct_obstetrica_ingreso,0.000476867297135545
214,pct_alta_domicilio,0.005289547387698272
214,pct_alta_fallecido,1.9113604946982757e-07
214,pct_alta_traslado,0.7446991579144062
214,pct_origen_emergencia,0.00048821323925011455
214,pct_origen_referencia,0.0013895890022260127
214,pct_uso_pabellon,0.04412674326370505
214,pabellones_promedio,0.60548127682477
214,tasa_partos,0.000269071030609862
214,tasa_prematurez,0.2087344670506504
214,cv_estancia,0.0007137398476629862
214,pct_estancia_larga,0.02385496722139823
215,egresos_por_anio,0.04256446047137927
215,estancia_media,6.793653606328399e-06
215,estancia_mediana,0.00017806777737495544
215,peso_medio_grd,2.0673255151569808e-05
215,severidad_media,3.1739520990970975e-05
215,mortalidad_media,4.411268450754451e-06
215,entropia_grd,0.10428722757254096
215,comorbilidades_promedio,0.001999226972353002
215,tasa_cma,0.7431474099931208
215,peso_medio_cma,0.006388084933505585
215,pct_pediatrico,4.5684477290474025e-08
215,pct_geriatrico,1.1627486123319849e-05
215,pct_femenino_fertil,5.7067047351375805e-08
215,edad_mediana,4.411268450754451e-06
215,pct_urgencia,0.03570987466030271
215,pct_programada,0.0025340008354035426
215,pct_obstetrica_ingreso,1.1898332159978992e-06
215,pct_alta_domicilio,0.018142694445169735
215,pct_alta_fallecido,1.4240429208939295e-05
215,pct_alta_traslado,0.6232778102942853
215,pct_origen_emergencia,0.018142694445169735
215,pct_origen_referencia,0.009366197475309332
215,pct_uso_pabellon,0.1526366965507018
215,pabellones_promedio,0.391149972365309
215,tasa_partos,4.411268450754451e-06
215,tasa_prematurez,0.007637994868381601
215,cv_estancia,0.03469156962319688
215,pct_estancia_larga,1.1627486123319849e-05
216,egresos_por_anio,0.9394581917986459
216,estancia_media,0.0020198083327066683
216,estancia_mediana,0.002501561667267304
216,peso_medio_grd,1.2156154902975209e-06
216,severidad_media,0.008235331194044746
216,mortalidad_media,0.0025033438068710247
216,entropia_grd,0.00864624803383627
216,comorbilidades_promedio,0.03276723186313774
216,tasa_cma,0.9394581917986459
216,peso_medio_cma,3.736845414023853e-05
216,pct_pediatrico,9.751790230344758e-07
216,pct_geriatrico,2.1767026210265646e-07
216,pct_femenino_fertil,1.603810631002259e-05
216,edad_mediana,9.348512173507987e-08
216,pct_urgencia,0.1046530815763784
216,pct_programada,0.0005036437589668953
216,pct_obstetrica_ingreso,5.773728083269313e-07
216,pct_alta_domicilio,0.04311198249201962
216,pct_alta_fallecido,2.0825000548985948e-05
216,pct_alta_traslado,0.9628703074958758
216,pct_origen_emergencia,0.0005212803272469195
216,pct_origen_referencia,0.03912859835742469
216,pct_uso_pabellon,0.19498054040442933
216,pabellones_promedio,0.008460317911049502
216,tasa_partos,6.823320790785663e-06
216,tasa_prematurez,0.9283248318247149
216,cv_estancia,0.0075329863721372995
216,pct_estancia_larga,0.005693663069415294
217,egresos_por_anio,0.03274353546460143
217,estancia_media,0.04908598302095618
217,estancia_mediana,0.04908598302095618
217,peso_medio_grd,1.069266826554151e-05
217,severidad_media,0.011094785165801225
217,mortalidad_media,0.39813020254419473
217,entropia_grd,0.2460256986349253
217,comorbilidades_promedio,0.0023825083155607422
217,tasa_cma,0.03328303319105232
217,peso_medio_cma,0.0003977788783086945
217,pct_pediatrico,5.649722998306081e-07
217,pct_geriatrico,1.4655979616816564e-06
217,pct_femenino_fertil,0.00047973194385689667
217,edad_mediana,9.191661504091788e-07
217,pct_urgencia,0.007854009361926118
217,pct_programada,9.433924015927338e-06
217,pct_obstetrica_ingreso,0.0006626779134079828
217,pct_alta_domicilio,0.004478461892044851
217,pct_alta_fallecido,0.0002820814710291762
217,pct_alta_traslado,0.15634319430833435
217,pct_origen_emergencia,0.0002686383683803384
217,pct_origen_referencia,0.0023825083155607422
217,pct_uso_pabellon,0.0009178943773296581
217,pabellones_promedio,0.0003549844845567501
217,tasa_partos,0.0012184205369033326
217,tasa_prematurez,0.1787645987495975
217,cv_estancia,0.03574546259650105
217,pct_estancia_larga,0.04327714076840406
218,egresos_por_anio,0.3931588294539878
218,estancia_media,0.0013932749744837028
218,estancia_mediana,8.751483809061343e-05
218,peso_medio_grd,1.9784902877531927e-05
218,severidad_media,0.00017530561866826658
218,mortalidad_media,0.0006571525376929347
218,entropia_grd,0.3577385669112539
218,comorbilidades_promedio,0.000698375754410996
218,tasa_cma,0.5716232448881466
218,peso_medio_cma,0.030516394252167064
218,pct_pediatrico,1.6336003590465395e-09
218,pct_geriatrico,2.8679060993842776e-08
218,pct_femenino_fertil,1.5954696523860465e-06
218,edad_mediana,1.292590891873191e-08
218,pct_urgencia,0.7090030643550841
218,pct_programada,0.00034494558461340926
218,pct_obstetrica_ingreso,1.9784902877531927e-05
218,pct_alta_domicilio,0.001589207810538837
218,pct_alta_fallecido,0.00017185264915629616
218,pct_alta_traslado,0.1541761029132857
218,pct_origen_emergencia,0.0008176299726897893
218,pct_origen_referencia,0.001589207810538837
218,pct_uso_pabellon,0.43988640647677585
218,pabellones_promedio,0.024119258906864675
218,tasa_partos,0.00015109121747240449
218,tasa_prematurez,0.7505373752712791
218,cv_estancia,0.0035068315674772156
218,pct_estancia_larga,0.005344630690673013
219,egresos_por_anio,0.00010344926850637179
219,estancia_media,3.6185477186346054e-06
219,estancia_mediana,0.00018425646039596527
219,peso_medio_grd,6.274204194362773e-06
219,severidad_media,0.002366697854935763
219,mortalidad_media,0.0012762378984803536
219,entropia_grd,0.0008503209462147305
219,comorbilidades_promedio,0.0033304213811883063
219,tasa_cma,0.06265177380368749
219,peso_medio_cma,0.030075264105208374
219,pct_pediatrico,1.1966300434070108e-07
219,pct_geriatrico,1.1341961608574297e-08
219,pct_femenino_fertil,6.0079350783934145e-05
219,edad_mediana,8.821202032966583e-09
219,pct_urgencia,0.7151290533391454
219,pct_programada,0.009654553077138202
219,pct_obstetrica_ingreso,5.340671575941234e-05
219,pct_alta_domicilio,0.025675184252615283
219,pct_alta_fallecido,1.5165646651449953e-05
219,pct_alta_traslado,0.002366697854935763
219,pct_origen_emergencia,0.0021011936683285066
219,pct_origen_referencia,0.0012762378984803536
219,pct_uso_pabellon,0.004278112827944904
219,pabellones_promedio,0.1057086925454156
219,tasa_partos,0.00010912982471765957
219,tasa_prematurez,0.000593391686394052
219,cv_estancia,0.0015928454741425738
219,pct_estancia_larga,3.5311939116453614e-06
220,egresos_por_anio,0.4158476909673082
220,estancia_media,0.06607060132405583
220,estancia_mediana,0.014434074202000026
220,peso_medio_grd,0.0001034543101984853
220,severidad_media,0.00034075451246026294
220,mortalidad_media,0.0009507487115601042
220,entropia_grd,0.06607060132405583
220,comorbilidades_promedio,0.05002981761176353
220,tasa_cma,0.2100280896800928
220,peso_medio_cma,0.0008956286913411897
220,pct_pediatrico,1.4545643308624454e-08
220,pct_geriatrico,3.652911647673032e-07
220,pct_femenino_fertil,7.760860433626833e-08
220,edad_mediana,7.760860433626833e-08
220,pct_urgencia,9.739913898603456e-05
220,pct_programada,7.858546240816188e-05
220,pct_obstetrica_ingreso,4.6122841903512295e-07
220,pct_alta_domicilio,0.00722138465672633
220,pct_alta_fallecido,0.00016019945701437548
220,pct_alta_traslado,0.2100280896800928
220,pct_origen_emergencia,0.0001979377690201444
220,pct_origen_referencia,0.015490748435302534
220,pct_uso_pabellon,0.00463081414574847
220,pabellones_promedio,0.010799815039918031
220,tasa_partos,3.0611007252548034e-06
220,tasa_prematurez,0.00722138465672633
220,cv_estancia,0.3977485928803456
220,pct_estancia_larga,0.09866397878450064
221,egresos_por_anio,0.850959518255117
221,estancia_media,0.017090175084240256
221,estancia_mediana,0.03398165499411031
221,peso_medio_grd,9.658167192108126e-05
221,severidad_media,0.005549120241992589
221,mortalidad_media,0.00894915576754987
221,entropia_grd,0.06333136814681745
221,comorbilidades_promedio,0.309035254726372
221,tasa_cma,0.850959518255117
221,peso_medio_cma,0.0006520396288992882
221,pct_pediatrico,6.474648539169228e-10
221,pct_geriatrico,1.3493681303149246e-08
221,pct_femenino_fertil,4.80476924298983e-06
221,edad_mediana,6.0645455966976575e-09
221,pct_urgencia,0.17086910730164473
221,pct_programada,1.7001079241273213e-05
221,pct_obstetrica_ingreso,9.658167192108126e-05
221,pct_alta_domicilio,0.028143074592706672
221,pct_alta_fallecido,1.4767611661044287e-06
221,pct_alta_traslado,0.5353594566207357
221,pct_origen_emergencia,9.658167192108126e-05
221,pct_origen_referencia,0.1240045474517099
221,pct_uso_pabellon,0.09403315779131025
221,pabellones_promedio,0.6174133561580237
221,tasa_partos,4.453138639486836e-05
221,tasa_prematurez,0.7012299889617968
221,cv_estancia,0.005549120241992589
221,pct_estancia_larga,0.00635152618943979
222,egresos_por_anio,0.22196584743523137
222,estancia_media,1.2238498207247367e-05
222,estancia_mediana,3.8386658086992845e-07
222,peso_medio_grd,5.558715723278141e-06
222,severidad_media,2.6144078436553953e-05
222,mortalidad_media,1.9703840211322105e-05
222,entropia_grd,0.2974715583951834
222,comorbilidades_promedio,0.00040432407548234673
222,tasa_cma,0.0035603486739030766
222,peso_medio_cma,0.000143745219662102
222,pct_pediatrico,0.00017270904552595196
222,pct_geriatrico,7.312468502939363e-08
222,pct_femenino_fertil,7.3285752778461855e-06
222,edad_mediana,1.0372696197729866e-06
222,pct_urgencia,0.0035603486739030766
222,pct_programada,2.563211731536998e-06
222,pct_obstetrica_ingreso,1.1378066024347907e-05
222,pct_alta_domicilio,1.8603804555927914e-05
222,pct_alta_fallecido,7.3285752778461855e-06
222,pct_alta_traslado,0.0006184941570528808
222,pct_origen_emergencia,0.0004260322508166103
222,pct_origen_referencia,0.00010234274397359069
222,pct_uso_pabellon,1.1378066024347907e-05
222,pabellones_promedio,2.6144078436553953e-05
222,tasa_partos,2.1938100573438608e-05
222,tasa_prematurez,0.00638575951421577
222,cv_estancia,4.251247285564221e-05
222,pct_estancia_larga,0.0001435452965946531
223,egresos_por_anio,0.26239891191061054
223,estancia_media,0.00048543873172929866
223,estancia_mediana,5.3061768795426435e-05
223,peso_medio_grd,9.120126457605968e-07
223,severidad_media,7.339568260628263e-05
223,mortalidad_media,5.9622567413209035e-05
223,entropia_grd,0.02630238071745373
223,comorbilidades_promedio,0.1018840127698891
223,tasa_cma,0.685686739544675
223,peso_medio_cma,8.172800320898092e-05
223,pct_pediatrico,1.8368839119293998e-07
223,pct_geriatrico,1.1245942283485698e-07
223,pct_femenino_fertil,4.306428033745013e-06
223,edad_mediana,1.8368839119293998e-07
223,pct_urgencia,7.339568260628263e-05
223,pct_programada,4.929799455803538e-05
223,pct_obstetrica_ingreso,6.793617123275095e-06
223,pct_alta_domicilio,0.058708810167479024
223,pct_alta_fallecido,0.0009498745627774201
223,pct_alta_traslado,0.6981394439258906
223,pct_origen_emergencia,0.0009498745627774201
223,pct_origen_referencia,0.0009213193668839786
223,pct_uso_pabellon,0.003086981662148318
223,pabellones_promedio,0.0010360760932629767
223,tasa_partos,5.3061768795426435e-05
223,tasa_prematurez,0.2181212655827125
223,cv_estancia,0.002978695692076111
223,pct_estancia_larga,0.0009213193668839786
224,egresos_por_anio,0.058218102447309454
224,estancia_media,0.00011827335387989991
224,estancia_mediana,0.0005786984833155167
224,peso_medio_grd,1.7317802915604553e-06
224,severidad_media,0.09388725086836873
224,mortalidad_media,0.0064602529277672975
224,entropia_grd,0.14358662736975047
224,comorbilidades_promedio,0.007694696878200339
224,tasa_cma,0.09388725086836873
224,peso_medio_cma,0.00036032530769593556
224,pct_pediatrico,4.0329006624290816e-08
224,pct_geriatrico,2.473291436012132e-06
224,pct_femenino_fertil,6.589299012409466e-05
224,edad_mediana,4.478883077299335e-07
224,pct_urgencia,0.0001640447011350257
224,pct_programada,3.8298497851923305e-06
224,pct_obstetrica_ingreso,0.00023378153543947001
224,pct_alta_domicilio,0.00011827335387989991
224,pct_alta_fallecido,4.478883077299335e-07
224,pct_alta_traslado,0.0015414642319559024
224,pct_origen_emergencia,4.100993250603295e-05
224,pct_origen_referencia,0.008397363416883099
224,pct_uso_pabellon,4.100993250603295e-05
224,pabellones_promedio,4.339944492411433e-05
224,tasa_partos,0.004088432619409411
224,tasa_prematurez,0.3444007906639604
224,cv_estancia,0.22015370185191802
224,pct_estancia_larga,0.00014935059290292277
225,egresos_por_anio,0.36215084616026305
225,estancia_media,0.0024735763736651022
225,estancia_mediana,0.0023918345747020496
225,peso_medio_grd,4.755640389102938e-06
225,severidad_media,0.10742145967406157
225,mortalidad_media,0.015552061204568979
225,entropia_grd,0.02106521792836076
225,comorbilidades_promedio,0.0002636653873009703
225,tasa_cma,0.04991907714028113
225,peso_medio_cma,0.00015476144984108556
225,pct_pediatrico,5.2372868387506906e-08
225,pct_geriatrico,5.2372868387506906e-08
225,pct_femenino_fertil,0.00504566704514565
225,edad_mediana,5.2372868387506906e-08
225,pct_urgencia,8.668407442783556e-05
225,pct_programada,5.613324187420226e-07
225,pct_obstetrica_ingreso,0.013496597598172616
225,pct_alta_domicilio,1.223036715253706e-05
225,pct_alta_fallecido,2.2249652838736663e-07
225,pct_alta_traslado,0.035274451736164954
225,pct_origen_emergencia,9.612858053166883e-06
225,pct_origen_referencia,0.005125772010248115
225,pct_uso_pabellon,0.0002942287685389498
225,pabellones_promedio,0.0002489642777154533
225,tasa_partos,0.0708932190525692
225,tasa_prematurez,0.15212188321296807
225,cv_estancia,0.01792492056032675
225,pct_estancia_larga,0.0011619802314610066
226,egresos_por_anio,0.23429367598815037
226,estancia_media,0.0032679051423400965
226,estancia_mediana,0.00014001838642849505
226,peso_medio_grd,4.0898131234853754e-05
226,severidad_media,0.0064633056518781425
226,mortalidad_media,0.0008398694718470308
226,entropia_grd,0.10144542672298718
226,comorbilidades_promedio,0.002428575292355042
226,tasa_cma,0.0007645404547414343
226,peso_medio_cma,0.00795879097613123
226,pct_pediatrico,2.0186555038702505e-08
226,pct_geriatrico,1.0344024701183968e-07
226,pct_femenino_fertil,3.677209013040403e-05
226,edad_mediana,2.1794856291845988e-08
226,pct_urgencia,0.0008398694718470308
226,pct_programada,1.3850328699409282e-05
226,pct_obstetrica_ingreso,0.00010890006841827164
226,pct_alta_domicilio,0.0001791696604595062
226,pct_alta_fallecido,0.000682971133384678
226,pct_alta_traslado,0.00041253171590635823
226,pct_origen_emergencia,0.00013193833648124438
226,pct_origen_referencia,0.00210692886048383
226,pct_uso_pabellon,0.003494201567023297
226,pabellones_promedio,0.003494201567023297
226,tasa_partos,0.00024231031203053463
226,tasa_prematurez,0.0483578032289583
226,cv_estancia,0.006019083999723449
226,pct_estancia_larga,0.034487801570984654
227,egresos_por_anio,0.0023213070435413783
227,estancia_media,0.11300306975987746
227,estancia_mediana,0.01807579145145521
227,peso_medio_grd,0.02097149934469841
227,severidad_media,0.13313044813789504
227,mortalidad_media,0.13427361972958615
227,entropia_grd,0.5475801206569209
227,comorbilidades_promedio,0.0033256570010933286
227,tasa_cma,0.002111492860950074
227,peso_medio_cma,0.0003636675897116548
227,pct_pediatrico,1.4344433350543138e-09
227,pct_geriatrico,1.5766889396356173e-08
227,pct_femenino_fertil,1.1710013352574688e-05
227,edad_mediana,3.841518997231477e-09
227,pct_urgencia,0.01813050055195302
227,pct_programada,0.13313044813789504
227,pct_obstetrica_ingreso,0.0031096950825193963
227,pct_alta_domicilio,3.420456502139606e-05
227,pct_alta_fallecido,2.8820942903950836e-05
227,pct_alta_traslado,0.0011091952099676898
227,pct_origen_emergencia,0.11364879367151491
227,pct_origen_referencia,0.011294330822352825
227,pct_uso_pabellon,0.0001572676874663628
227,pabellones_promedio,0.01800370434278296
227,tasa_partos,0.0015478805115263126
227,tasa_prematurez,0.011294330822352825
227,cv_estancia,0.006030937862201469
227,pct_estancia_larga,0.15567787733349017
228,egresos_por_anio,0.017273485665423503
228,estancia_media,0.01820480524329082
228,estancia_mediana,6.599173843363221e-06
228,peso_medio_grd,0.017273485665423503
228,severidad_media,4.854807642853981e-05
228,mortalidad_media,1.7076650580632067e-06
228,entropia_grd,0.13635234715183522
228,comorbilidades_promedio,0.004369704124321486
228,tasa_cma,0.3279191705360253
228,peso_medio_cma,0.007018035840158302
228,pct_pediatrico,2.2765425516017067e-09
228,pct_geriatrico,1.097953915304081e-09
228,pct_femenino_fertil,1.1902649279514488e-07
228,edad_mediana,1.097953915304081e-09
228,pct_urgencia,0.038488629104656065
228,pct_programada,0.038857015300668006
228,pct_obstetrica_ingreso,4.133269382556089e-06
228,pct_alta_domicilio,0.018494181852357534
228,pct_alta_fallecido,0.0016531272875891507
228,pct_alta_traslado,0.11242448854797059
228,pct_origen_emergencia,0.005334328943937652
228,pct_origen_referencia,0.0006923194391085783
228,pct_uso_pabellon,0.0430948678281349
228,pabellones_promedio,0.28955732652213845
228,tasa_partos,4.133269382556089e-06
228,tasa_prematurez,0.0015814593585647334
228,cv_estancia,0.13116094919885746
228,pct_estancia_larga,0.12378329642953277
229,egresos_por_anio,0.009330463269811138
229,estancia_media,0.0037270965887221414
229,estancia_mediana,0.0022668383053238935
229,peso_medio_grd,0.00021903017833935267
229,severidad_media,0.002271955986054285
229,mortalidad_media,0.0022668383053238935
229,entropia_grd,0.0034637816806500524
229,comorbilidades_promedio,0.004494760877473434
229,tasa_cma,0.5401475618521447
229,peso_medio_cma,0.005531144520075477
229,pct_pediatrico,4.375506692934782e-09
229,pct_geriatrico,1.1354775502427042e-08
229,pct_femenino_fertil,3.603834559459727e-07
229,edad_mediana,4.375506692934782e-09
229,pct_urgencia,0.8370561956392197
229,pct_programada,0.005531144520075477
229,pct_obstetrica_ingreso,1.5375590233913828e-06
229,pct_alta_domicilio,0.0002918851241631536
229,pct_alta_fallecido,1.6797584850204977e-05
229,pct_alta_traslado,0.17445525819611551
229,pct_origen_emergencia,0.07953443916347562
229,pct_origen_referencia,0.034112849445654306
229,pct_uso_pabellon,0.011103829168809623
229,pabellones_promedio,0.005802626018661394
229,tasa_partos,1.7109292614712583e-05
229,tasa_prematurez,0.06636048615281591
229,cv_estancia,0.021363051086612826
229,pct_estancia_larga,0.0037270965887221414
230,egresos_por_anio,0.119329948295234
230,estancia_media,0.004394914817264508
230,estancia_mediana,0.005297363723537009
230,peso_medio_grd,6.128477983459517e-07
230,severidad_media,0.0006966689130214075
230,mortalidad_media,1.9113295765445424e-05
230,entropia_grd,0.1990364867363641
230,comorbilidades_promedio,0.05533319168093504
230,tasa_cma,0.16861052668602308
230,peso_medio_cma,0.00028804255575517123
230,pct_pediatrico,1.6164870318623726e-08
230,pct_geriatrico,3.294028995555457e-06
230,pct_femenino_fertil,1.3475601769848693e-06
230,edad_mediana,5.405183925972117e-07
230,pct_urgencia,0.08513839851971579
230,pct_programada,4.514311380590906e-06
230,pct_obstetrica_ingreso,3.441460601447467e-06
230,pct_alta_domicilio,0.0005244533398600993
230,pct_alta_fallecido,8.666102451530452e-05
230,pct_alta_traslado,0.012056702180595185
230,pct_origen_emergencia,1.962323995356963e-05
230,pct_origen_referencia,0.0006966689130214075
230,pct_uso_pabellon,0.3734353707694209
230,pabellones_promedio,0.3006724149296991
230,tasa_partos,1.6824749957483857e-05
230,tasa_prematurez,0.05663723438393365
230,cv_estancia,0.024719166863960147
230,pct_estancia_larga,0.004099033777757071
231,egresos_por_anio,0.9807366077875658
231,estancia_media,3.408310950253908e-05
231,estancia_mediana,1.8851168018318452e-07
231,peso_medio_grd,0.07660690349460503
231,severidad_media,0.0001941892279554815
231,mortalidad_media,2.535128605429653e-06
231,entropia_grd,0.00811496078224312
231,comorbilidades_promedio,8.225566283326491e-05
231,tasa_cma,0.03630926859283442
231,peso_medio_cma,2.332731846768905e-05
231,pct_pediatrico,1.1017789842242632e-08
231,pct_geriatrico,1.1017789842242632e-08
231,pct_femenino_fertil,3.408310950253908e-05
231,edad_mediana,7.49252591287501e-09
231,pct_urgencia,0.182545305624576
231,pct_programada,0.5361148141909178
231,pct_obstetrica_ingreso,0.0005620102143034891
231,pct_alta_domicilio,0.0034131874629812335
231,pct_alta_fallecido,4.3609246563706537e-07
231,pct_alta_traslado,0.6040818160100838
231,pct_origen_emergencia,0.19217910817543365
231,pct_origen_referencia,0.00949585250120424
231,pct_uso_pabellon,0.030237397767867824
231,pabellones_promedio,0.025101577249519808
231,tasa_partos,0.00037471421962827954
231,tasa_prematurez,0.44517989715172696
231,cv_estancia,0.006827133874074181
231,pct_estancia_larga,0.0013249299802277207
232,egresos_por_anio,0.1880467920693627
232,estancia_media,0.0014134884559393209
232,estancia_mediana,0.0004543124697079237
232,peso_medio_grd,0.003522403844195968
232,severidad_media,0.00012907880612976984
232,mortalidad_media,6.31670845699565e-06
232,entropia_grd,0.013570719025470045
232,comorbilidades_promedio,0.00024262943954669647
232,tasa_cma,0.561420266935041
232,peso_medio_cma,0.05653155762696931
232,pct_pediatrico,8.370430770842184e-08
232,pct_geriatrico,3.5957595313177983e-07
232,pct_femenino_fertil,8.370430770842184e-08
232,edad_mediana,3.5957595313177983e-07
232,pct_urgencia,0.00012907880612976984
232,pct_programada,0.0023450265077962907
232,pct_obstetrica_ingreso,8.962655148175751e-07
232,pct_alta_domicilio,0.0009422970434377854
232,pct_alta_fallecido,4.83733854328953e-05
232,pct_alta_traslado,0.04236760101609899
232,pct_origen_emergencia,0.0023450265077962907
232,pct_origen_referencia,0.0024033772038060427
232,pct_uso_pabellon,0.1943316215052119
232,pabellones_promedio,0.4866286172276509
232,tasa_partos,4.162004153762916e-05
232,tasa_prematurez,0.02975013274501283
232,cv_estancia,0.550073283320861
232,pct_estancia_larga,0.003522403844195968
233,egresos_por_anio,0.3583298569279178
233,estancia_media,0.0018880953131359594
233,estancia_mediana,6.126584326313433e-05
233,peso_medio_grd,1.63151680188956e-05
233,severidad_media,0.0016738665948056286
233,mortalidad_media,0.002456214718889067
233,entropia_grd,0.024676255878418374
233,comorbilidades_promedio,0.09109166897456779
233,tasa_cma,0.009979880789575225
233,peso_medio_cma,0.0003700907691988116
233,pct_pediatrico,6.442104786845694e-08
233,pct_geriatrico,7.678519082281737e-08
233,pct_femenino_fertil,4.660961934841574e-06
233,edad_mediana,6.442104786845694e-08
233,pct_urgencia,0.0013459503851875729
233,pct_programada,1.5956334196329933e-05
233,pct_obstetrica_ingreso,4.660961934841574e-06
233,pct_alta_domicilio,0.006861579647874989
233,pct_alta_fallecido,7.461851657163022e-05
233,pct_alta_traslado,0.004758101313584361
233,pct_origen_emergencia,0.002456214718889067
233,pct_origen_referencia,0.002456214718889067
233,pct_uso_pabellon,0.024676255878418374
233,pabellones_promedio,0.006169210045717538
233,tasa_partos,1.315968626250762e-05
233,tasa_prematurez,0.0765618260123938
233,cv_estancia,0.07748483519039326
233,pct_estancia_larga,0.004758101313584361
234,egresos_por_anio,0.03235261479061991
234,estancia_media,0.0018114171961872668
234,estancia_mediana,0.0005395712226990308
234,peso_medio_grd,3.2072412464309385e-06
234,severidad_media,0.0009997924426900758
234,mortalidad_media,3.699354708539336e-05
234,entropia_grd,0.24664729912718478
234,comorbilidades_promedio,0.0003295445928111433
234,tasa_cma,0.0005395712226990308
234,peso_medio_cma,8.061264546056791e-05
234,pct_pediatrico,2.0992984270711296e-07
234,pct_geriatrico,2.0992984270711296e-07
234,pct_femenino_fertil,1.358198119571644e-06
234,edad_mediana,9.199994450702912e-08
234,pct_urgencia,0.0036116021538474255
234,pct_programada,2.9624554415533607e-05
234,pct_obstetrica_ingreso,3.966341979603936e-06
234,pct_alta_domicilio,0.0017557473619830425
234,pct_alta_fallecido,0.0008343770524488733
234,pct_alta_traslado,0.0006329515578240552
234,pct_origen_emergencia,1.4365736865258764e-05
234,pct_origen_referencia,0.0004683732213452753
234,pct_uso_pabellon,0.000312595176135219
234,pabellones_promedio,0.000312595176135219
234,tasa_partos,1.730793802049922e-06
234,tasa_prematurez,0.024230720224521055
234,cv_estancia,0.5712796082074814
234,pct_estancia_larga,0.0036116021538474255
235,egresos_por_anio,0.020708358860727825
235,estancia_media,0.00013591045743246123
235,estancia_mediana,0.0030517583678485215
235,peso_medio_grd,9.017800629379712e-05
235,severidad_media,8.83624891330935e-06
235,mortalidad_media,1.3056261663463104e-06
235,entropia_grd,0.19377480288633897
235,comorbilidades_promedio,0.004330591185133027
235,tasa_cma,0.020537796361750203
235,peso_medio_cma,0.043527411092719105
235,pct_pediatrico,2.6565480417583364e-09
235,pct_geriatrico,3.0188001752208205e-07
235,pct_femenino_fertil,9.728668407636508e-08
235,edad_mediana,1.288959062404696e-07
235,pct_urgencia,0.17887301473512088
235,pct_programada,0.038431618068218154
235,pct_obstetrica_ingreso,7.680040305957078e-07
235,pct_alta_domicilio,0.0009718930857507323
235,pct_alta_fallecido,9.017800629379712e-05
235,pct_alta_traslado,0.04774684252099102
235,pct_origen_emergencia,0.5103956556630496
235,pct_origen_referencia,0.11260572967110076
235,pct_uso_pabellon,0.05748258647852313
235,pabellones_promedio,0.3231057025726572
235,tasa_partos,8.83624891330935e-06
235,tasa_prematurez,0.0034315101311342246
235,cv_estancia,0.007169689635117861
235,pct_estancia_larga,0.00025493818600070254
236,egresos_por_anio,0.45327701169079904
236,estancia_media,0.0001251899786504759
236,estancia_mediana,0.0002702572612887795
236,peso_medio_grd,0.00025000119712634234
236,severidad_media,5.199835199480433e-06
236,mortalidad_media,5.60610574286241e-06
236,entropia_grd,0.005283789731599134
236,comorbilidades_promedio,0.002040629610594606
236,tasa_cma,0.19389128869560426
236,peso_medio_cma,0.00017942215340009874
236,pct_pediatrico,2.5980591140084436e-09
236,pct_geriatrico,9.499858248490379e-08
236,pct_femenino_fertil,2.233435596375559e-06
236,edad_mediana,7.815835734345394e-09
236,pct_urgencia,0.03737723632032788
236,pct_programada,0.002040629610594606
236,pct_obstetrica_ingreso,5.373015777275053e-06
236,pct_alta_domicilio,9.405073171094962e-06
236,pct_alta_fallecido,6.923536365886922e-05
236,pct_alta_traslado,0.00033329598043821645
236,pct_origen_emergencia,0.0029880350107402112
236,pct_origen_referencia,0.00021214327980171037
236,pct_uso_pabellon,0.07952313254803978
236,pabellones_promedio,0.1198589940070522
236,tasa_partos,3.2082740830195165e-05
236,tasa_prematurez,0.09525013059063564
236,cv_estancia,0.005283789731599134
236,pct_estancia_larga,0.00012556791366627332
237,egresos_por_anio,0.37111542816633836
237,estancia_media,0.03751998328909385
237,estancia_mediana,0.022261837291840832
237,peso_medio_grd,0.0075855978410069224
237,severidad_media,0.003640327220589365
237,mortalidad_media,0.0007434859373727768
237,entropia_grd,0.4069438523548259
237,comorbilidades_promedio,0.004263227396541661
237,tasa_cma,0.00022516704722644465
237,peso_medio_cma,0.0004653603429491453
237,pct_pediatrico,9.502491209598506e-10
237,pct_geriatrico,3.93629312547318e-05
237,pct_femenino_fertil,4.797438890614435e-06
237,edad_mediana,2.28347468243617e-06
237,pct_urgencia,4.359089477569398e-05
237,pct_programada,0.0020631180020256666
237,pct_obstetrica_ingreso,0.0004653603429491453
237,pct_alta_domicilio,0.014018206483230525
237,pct_alta_fallecido,0.026239805769295185
237,pct_alta_traslado,0.032411456030926086
237,pct_origen_emergencia,0.002395543819245133
237,pct_origen_referencia,0.0005225717810001324
237,pct_uso_pabellon,0.0005291156904574572
237,pabellones_promedio,0.014018206483230525
237,tasa_partos,0.00038279461410165104
237,tasa_prematurez,0.01873552460013388
237,cv_estancia,0.8503194081249292
237,pct_estancia_larga,0.029153326870190226
238,egresos_por_anio,0.12068645144575084
238,estancia_media,0.0008159792396156706
238,estancia_mediana,0.001955541676312676
238,peso_medio_grd,3.6862022433224584e-06
238,severidad_media,0.04584074535527808
238,mortalidad_media,0.04051687704026764
238,entropia_grd,0.01136973735156371
238,comorbilidades_promedio,0.02651461818902441
238,tasa_cma,0.0004362041226185726
238,peso_medio_cma,0.0024219643482699046
238,pct_pediatrico,7.687272714801524e-09
238,pct_geriatrico,5.416688076027972e-07
238,pct_femenino_fertil,0.011149117420511202
238,edad_mediana,1.72661720953272e-08
238,pct_urgencia,0.042641808126937346
238,pct_programada,0.0005408769177302156
238,pct_obstetrica_ingreso,0.03514314035979451
238,pct_alta_domicilio,0.0001513900494937178
238,pct_alta_fallecido,3.6862022433224584e-06
238,pct_alta_traslado,0.0052827624217397845
238,pct_origen_emergencia,0.05668875779227046
238,pct_origen_referencia,0.011149117420511202
238,pct_uso_pabellon,0.0006560573268764362
238,pabellones_promedio,0.014032816742755427
238,tasa_partos,0.21242755567466992
238,tasa_prematurez,0.03514314035979451
238,cv_estancia,0.0004362041226185726
238,pct_estancia_larga,0.005310604916411669
239,egresos_por_anio,0.053027205692831425
239,estancia_media,0.001956980780206605
239,estancia_mediana,0.0004523552491922519
239,peso_medio_grd,0.0004523552491922519
239,severidad_media,0.000280831806972022
239,mortalidad_media,0.0004523552491922519
239,entropia_grd,0.02918757696702796
239,comorbilidades_promedio,0.004471235519840264
239,tasa_cma,0.005062330454711363
239,peso_medio_cma,0.0198861584101264
239,pct_pediatrico,6.755982994457184e-08
239,pct_geriatrico,7.315127878755881e-07
239,pct_femenino_fertil,1.7282638554977656e-07
239,edad_mediana,1.1402875559758264e-07
239,pct_urgencia,0.10471635317960444
239,pct_programada,0.0034992032543100294
239,pct_obstetrica_ingreso,1.3226762010914996e-07
239,pct_alta_domicilio,0.0011493639634473363
239,pct_alta_fallecido,0.0004523552491922519
239,pct_alta_traslado,0.053027205692831425
239,pct_origen_emergencia,0.0004523552491922519
239,pct_origen_referencia,0.000280831806972022
239,pct_uso_pabellon,0.025082513099333948
239,pabellones_promedio,0.05829806621596911
239,tasa_partos,1.7282638554977656e-07
239,tasa_prematurez,0.000561376801162868
239,cv_estancia,0.001956980780206605
239,pct_estancia_larga,0.004471235519840264
240,egresos_por_anio,0.6712078667707362
240,estancia_media,9.150036764996626e-06
240,estancia_mediana,0.0001620118041316213
240,peso_medio_grd,4.252694726762258e-06
240,severidad_media,0.0012280387486896718
240,mortalidad_media,0.0012280387486896718
240,entropia_grd,0.06188417052200638
240,comorbilidades_promedio,0.0033167448998053396
240,tasa_cma,0.008496174294311343
240,peso_medio_cma,0.0001620118041316213
240,pct_pediatrico,1.024888566093328e-08
240,pct_geriatrico,3.309227547169014e-08
240,pct_femenino_fertil,0.0002333577253542134
240,edad_mediana,1.024888566093328e-08
240,pct_urgencia,0.025863873162489316
240,pct_programada,0.0004224599760181364
240,pct_obstetrica_ingreso,0.00040077110819607007
240,pct_alta_domicilio,0.012384211314303662
240,pct_alta_fallecido,2.665527933900199e-05
240,pct_alta_traslado,0.9322289878004919
240,pct_origen_emergencia,0.002755342123295241
240,pct_origen_referencia,0.008914104409210671
240,pct_uso_pabellon,0.06489426036454352
240,pabellones_promedio,0.022295512938028166
240,tasa_partos,0.005013349062490175
240,tasa_prematurez,0.18254382394397137
240,cv_estancia,0.01649578925094271
240,pct_estancia_larga,1.6376417787983327e-05
241,egresos_por_anio,0.5152268822610623
241,estancia_media,0.000944424311460288
241,estancia_mediana,0.0017482887559055072
241,peso_medio_grd,2.1514127594562277e-06
241,severidad_media,0.00317411624688674
241,mortalidad_media,0.02786281865081465
241,entropia_grd,0.08332657795232329
241,comorbilidades_promedio,0.046508633843366634
241,tasa_cma,0.5970793506672432
241,peso_medio_cma,0.058211315049927305
241,pct_pediatrico,1.620528249957557e-08
241,pct_geriatrico,3.9559979844986426e-07
241,pct_femenino_fertil,3.01794441919317e-07
241,edad_mediana,2.105399982482513e-07
241,pct_urgencia,0.011615510898366483
241,pct_programada,1.4584061796855906e-05
241,pct_obstetrica_ingreso,2.1514127594562277e-06
241,pct_alta_domicilio,0.0017052386260567548
241,pct_alta_fallecido,5.532253141342288e-05
241,pct_alta_traslado,0.085706925955034
241,pct_origen_emergencia,0.00038859597937813923
241,pct_origen_referencia,0.020322426984097513
241,pct_uso_pabellon,0.003417730320275179
241,pabellones_promedio,0.003417730320275179
241,tasa_partos,1.658417708297354e-05
241,tasa_prematurez,0.046508633843366634
241,cv_estancia,0.02378748748130552
241,pct_estancia_larga,0.000944424311460288
242,egresos_por_anio,0.18225677222850883
242,estancia_media,0.18225677222850883
242,estancia_mediana,0.0039757362725534985
242,peso_medio_grd,1.309050838089689e-05
242,severidad_media,0.10990495378868687
242,mortalidad_media,0.18225677222850883
242,entropia_grd,0.004328431232234049
242,comorbilidades_promedio,0.003123124835556244
242,tasa_cma,0.0001848548381969875
242,peso_medio_cma,0.003123124835556244
242,pct_pediatrico,4.2850929469137455e-07
242,pct_geriatrico,1.309050838089689e-05
242,pct_femenino_fertil,0.0001080237623527066
242,edad_mediana,5.289817176439105e-07
242,pct_urgencia,0.05442629009203187
242,pct_programada,4.2171239707628025e-06
242,pct_obstetrica_ingreso,0.0001848548381969875
242,pct_alta_domicilio,9.335339013371194e-05
242,pct_alta_fallecido,0.005211621891542732
242,pct_alta_traslado,0.23041978800465557
242,pct_origen_emergencia,0.0009148090913947869
242,pct_origen_referencia,0.005679965186829932
242,pct_uso_pabellon,0.006238081671293916
242,pabellones_promedio,0.007863403540363561
242,tasa_partos,0.0006580857928761035
242,tasa_prematurez,0.10420853005660183
242,cv_estancia,0.019036777622685873
242,pct_estancia_larga,0.18225677222850883
243,egresos_por_anio,0.585716869135138
243,estancia_media,5.6202413197733734e-05
243,estancia_mediana,0.00024100544977112055
243,peso_medio_grd,0.005484071589771316
243,severidad_media,0.014149875969292222
243,mortalidad_media,0.00017049069318937694
243,entropia_grd,0.04157325913196256
243,comorbilidades_promedio,0.0005521140340644659
243,tasa_cma,0.0576183578659604
243,peso_medio_cma,0.004181020271584096
243,pct_pediatrico,3.8226757746782304e-08
243,pct_geriatrico,3.8226757746782304e-08
243,pct_femenino_fertil,9.085286889706131e-07
243,edad_mediana,9.159158181230217e-09
243,pct_urgencia,0.0006938889298518388
243,pct_programada,0.42857409686112624
243,pct_obstetrica_ingreso,8.84210858588504e-07
243,pct_alta_domicilio,0.00017049069318937694
243,pct_alta_fallecido,5.6202413197733734e-05
243,pct_alta_traslado,0.015397187174446578
243,pct_origen_emergencia,0.5413661630354704
243,pct_origen_referencia,0.14033852608305583
243,pct_uso_pabellon,0.0013041961759356875
243,pabellones_promedio,0.0017518650200624216
243,tasa_partos,9.169757818674678e-06
243,tasa_prematurez,0.2066497985577662
243,cv_estancia,0.04157325913196256
243,pct_estancia_larga,0.0005221003921677473
244,egresos_por_anio,0.15381593472505622
244,estancia_media,7.066499528761398e-06
244,estancia_mediana,0.00887190603302756
244,peso_medio_grd,5.262241320633167e-07
244,severidad_media,0.013753593778150906
244,mortalidad_media,0.0006555889329572297
244,entropia_grd,0.15381593472505622
244,comorbilidades_promedio,0.13256461486722895
244,tasa_cma,0.05904471633907625
244,peso_medio_cma,0.00031911453115433607
244,pct_pediatrico,3.6505095829597167e-08
244,pct_geriatrico,0.0003930021887050022
244,pct_femenino_fertil,9.669041424924275e-08
244,edad_mediana,3.849550326625001e-06
244,pct_urgencia,0.006842195280394231
244,pct_programada,0.00011420584432386352
244,pct_obstetrica_ingreso,5.125567273385717e-07
244,pct_alta_domicilio,0.1535831865680763
244,pct_alta_fallecido,0.025162539856110274
244,pct_alta_traslado,0.0027228128006374086
244,pct_origen_emergencia,0.0013311652541637886
244,pct_origen_referencia,0.0003444617360474462
244,pct_uso_pabellon,0.006430930667907548
244,pabellones_promedio,0.012612197955125143
244,tasa_partos,5.262241320633167e-07
244,tasa_prematurez,0.004728591518528175
244,cv_estancia,0.11292080265698244
244,pct_estancia_larga,5.827123315919533e-06
245,egresos_por_anio,0.0005368002955059053
245,estancia_media,0.0004889118481037406
245,estancia_mediana,3.192337385298138e-06
245,peso_medio_grd,9.570664545236607e-07
245,severidad_media,0.007050371241152725
245,mortalidad_media,0.00841025969296852
245,entropia_grd,0.0004302586980016729
245,comorbilidades_promedio,0.0004302586980016729
245,tasa_cma,0.03154080661848944
245,peso_medio_cma,0.03582884879088539
245,pct_pediatrico,6.112648463302295e-08
245,pct_geriatrico,6.112648463302295e-08
245,pct_femenino_fertil,0.003925016453874951
245,edad_mediana,6.112648463302295e-08
245,pct_urgencia,0.0025746903901509655
245,pct_programada,3.9936038400016845e-06
245,pct_obstetrica_ingreso,0.00672386100658588
245,pct_alta_domicilio,1.4657281358407286e-06
245,pct_alta_fallecido,2.82059899331285e-06
245,pct_alta_traslado,0.00015805562126315736
245,pct_origen_emergencia,0.0026503179666666743
245,pct_origen_referencia,0.00128012585320399
245,pct_uso_pabellon,1.4015680133605772e-05
245,pabellones_promedio,1.3287019103537826e-06
245,tasa_partos,0.021419789415969642
245,tasa_prematurez,0.004657043901218436
245,cv_estancia,0.0005017853596502579
245,pct_estancia_larga,0.0012180419898916628
246,egresos_por_anio,0.1126150867873548
246,estancia_media,0.03410901386793079
246,estancia_mediana,0.00011426247603118127
246,peso_medio_grd,0.0014367269481061486
246,severidad_media,0.001333216868174236
246,mortalidad_media,0.00026765486126514366
246,entropia_grd,0.20156202827881717
246,comorbilidades_promedio,0.00011426247603118127
246,tasa_cma,2.1208592537647824e-05
246,peso_medio_cma,0.005099303371238105
246,pct_pediatrico,3.838690493860256e-08
246,pct_geriatrico,3.0085420170204282e-06
246,pct_femenino_fertil,0.00010256792941933192
246,edad_mediana,2.70315253093193e-06
246,pct_urgencia,0.004086411278181463
246,pct_programada,0.0002349228176452289
246,pct_obstetrica_ingreso,0.00011426247603118127
246,pct_alta_domicilio,4.811821995359094e-07
246,pct_alta_fallecido,0.00010256792941933192
246,pct_alta_traslado,0.00010256792941933192
246,pct_origen_emergencia,0.07989743892059079
246,pct_origen_referencia,0.03410901386793079
246,pct_uso_pabellon,5.476426328922093e-05
246,pabellones_promedio,0.0006887168664370964
246,tasa_partos,0.00017727677052407746
246,tasa_prematurez,0.03410901386793079
246,cv_estancia,0.0015228983186092746
246,pct_estancia_larga,0.13238364965940735
247,egresos_por_anio,0.3983992916097272
247,estancia_media,0.013003103070711857
247,estancia_mediana,0.00013544845683236616
247,peso_medio_grd,1.7173617673950327e-05
247,severidad_media,0.03814649785668697
247,mortalidad_media,0.00016821889234686047
247,entropia_grd,0.018599185329061487
247,comorbilidades_promedio,0.01252860891971462
247,tasa_cma,0.0003311793804898027
247,peso_medio_cma,0.008975278398946409
247,pct_pediatrico,2.935555756548815e-07
247,pct_geriatrico,4.8720870693462137e-08
247,pct_femenino_fertil,0.00013021649528053872
247,edad_mediana,2.388790989036175e-07
247,pct_urgencia,0.023942488490538042
247,pct_programada,0.00016821889234686047
247,pct_obstetrica_ingreso,0.0010742246690692188
247,pct_alta_domicilio,7.797019643908096e-07
247,pct_alta_fallecido,2.935555756548815e-07
247,pct_alta_traslado,0.01252860891971462
247,pct_origen_emergencia,0.014921122539569317
247,pct_origen_referencia,0.2933951562233368
247,pct_uso_pabellon,0.04483321446436531
247,pabellones_promedio,0.028216162104721963
247,tasa_partos,0.0038592361359031657
247,tasa_prematurez,0.35601146554868174
247,cv_estancia,0.002248973620884832
247,pct_estancia_larga,0.055380308173220635
248,egresos_por_anio,0.04160171126469311
248,estancia_media,0.0013854557082387863
248,estancia_mediana,0.0005191622860448169
248,peso_medio_grd,0.01956303206549151
248,severidad_media,0.00047725782610576423
248,mortalidad_media,0.0007779614853556224
248,entropia_grd,0.14243012473258293
248,comorbilidades_promedio,0.00028104363857040513
248,tasa_cma,0.236277330572018
248,peso_medio_cma,0.0005191622860448169
248,pct_pediatrico,1.764307690443817e-09
248,pct_geriatrico,2.518189095462018e-09
248,pct_femenino_fertil,0.003903658502269174
248,edad_mediana,1.6679017649924329e-09
248,pct_urgencia,0.20546423564610936
248,pct_programada,0.34521004537382044
248,pct_obstetrica_ingreso,0.002429092914776831
248,pct_alta_domicilio,0.00030066425642820074
248,pct_alta_fallecido,3.434178016026366e-05
248,pct_alta_traslado,0.00963588769091032
248,pct_origen_emergencia,0.23466934440347936
248,pct_origen_referencia,0.020010982955870935
248,pct_uso_pabellon,0.19266067540971826
248,pabellones_promedio,0.17395363463225713
248,tasa_partos,0.00046755469129088577
248,tasa_prematurez,0.006217110833671475
248,cv_estancia,0.005902733721697455
248,pct_estancia_larga,0.00963588769091032
249,egresos_por_anio,0.40289436828243014
249,estancia_media,0.00023242592142399472
249,estancia_mediana,7.562572933483868e-06
249,peso_medio_grd,0.04354690572660736
249,severidad_media,0.0008646340470950169
249,mortalidad_media,1.1895798530492225e-05
249,entropia_grd,0.0004285742420267704
249,comorbilidades_promedio,0.01692290319541966
249,tasa_cma,0.04354690572660736
249,peso_medio_cma,0.00945185039296138
249,pct_pediatrico,3.755824547535081e-09
249,pct_geriatrico,3.755824547535081e-09
249,pct_femenino_fertil,1.757033966379184e-05
249,edad_mediana,3.755824547535081e-09
249,pct_urgencia,0.008914545620349542
249,pct_programada,0.28133318153109854
249,pct_obstetrica_ingreso,6.457822146444394e-05
249,pct_alta_domicilio,0.001507334865593716
249,pct_alta_fallecido,9.259012207510745e-05
249,pct_alta_traslado,0.00725810092904898
249,pct_origen_emergencia,0.11961089534091396
249,pct_origen_referencia,0.0006781107363721032
249,pct_uso_pabellon,0.0043093028425624045
249,pabellones_promedio,0.11139063176275794
249,tasa_partos,1.757033966379184e-05
249,tasa_prematurez,0.48891469150200695
249,cv_estancia,0.10571285928524696
249,pct_estancia_larga,0.0038316880649515426
250,egresos_por_anio,0.8145377201832185
250,estancia_media,0.0023961618397750507
250,estancia_mediana,0.000592673993152266
250,peso_medio_grd,0.0001977239972929531
250,severidad_media,0.0016213905107811469
250,mortalidad_media,0.0001977239972929531
250,entropia_grd,0.0005488253761437582
250,comorbilidades_promedio,0.007269490488207656
250,tasa_cma,0.8000238919100384
250,peso_medio_cma,0.0001977239972929531
250,pct_pediatrico,7.246028426877721e-08
250,pct_geriatrico,2.619235555006914e-07
250,pct_femenino_fertil,1.0797958790387306e-06
250,edad_mediana,2.572209071153596e-07
250,pct_urgencia,0.6648775297275663
250,pct_programada,9.584450483426264e-05
250,pct_obstetrica_ingreso,5.238081202566099e-05
250,pct_alta_domicilio,0.008695482094160137
250,pct_alta_fallecido,9.584450483426264e-05
250,pct_alta_traslado,0.5254597634670951
250,pct_origen_emergencia,0.0033856580150983476
250,pct_origen_referencia,0.06725230658345607
250,pct_uso_pabellon,0.8233772444823585
250,pabellones_promedio,0.808761229125747
250,tasa_partos,7.005520215773218e-06
250,tasa_prematurez,0.15968943614774828
250,cv_estancia,0.007700984932566474
250,pct_estancia_larga,0.011291059708666779
251,egresos_por_anio,0.4701718388389322
251,estancia_media,2.3311632726511848e-05
251,estancia_mediana,0.0011677420407342415
251,peso_medio_grd,6.319415842984088e-08
251,severidad_media,0.009097043201880768
251,mortalidad_media,0.013588990721967646
251,entropia_grd,7.629673106436148e-05
251,comorbilidades_promedio,0.011337405856115508
251,tasa_cma,0.03484486291263799
251,peso_medio_cma,0.0011751265692209853
251,pct_pediatrico,2.721451398980853e-07
251,pct_geriatrico,3.1667666389741374e-07
251,pct_femenino_fertil,3.531506181800114e-07
251,edad_mediana,2.721451398980853e-07
251,pct_urgencia,0.13225519131950006
251,pct_programada,0.0001757913189257726
251,pct_obstetrica_ingreso,2.675617144910733e-06
251,pct_alta_domicilio,0.005410122737484887
251,pct_alta_fallecido,0.001412680282931458
251,pct_alta_traslado,0.049113164188900514
251,pct_origen_emergencia,0.0003344110874793707
251,pct_origen_referencia,0.009097043201880768
251,pct_uso_pabellon,6.92972304126244e-05
251,pabellones_promedio,5.7592011707669854e-05
251,tasa_partos,2.675617144910733e-06
251,tasa_prematurez,0.21567468394297418
251,cv_estancia,0.03499489592846661
251,pct_estancia_larga,3.1043910693518705e-05
252,egresos_por_anio,0.09064683470307737
252,estancia_media,6.942016933384193e-05
252,estancia_mediana,4.7532482333026355e-05
252,peso_medio_grd,6.05281607576188e-05
252,severidad_media,0.0030601351050796566
252,mortalidad_media,0.00024855205924304187
252,entropia_grd,0.0009825777063223796
252,comorbilidades_promedio,0.003762638246485214
252,tasa_cma,0.020166965745735423
252,peso_medio_cma,0.008576522106240502
252,pct_pediatrico,3.6750517322827924e-09
252,pct_geriatrico,3.6750517322827924e-09
252,pct_femenino_fertil,9.928302158677431e-06
252,edad_mediana,3.6750517322827924e-09
252,pct_urgencia,0.1358079744393497
252,pct_programada,4.4832604274370505e-05
252,pct_obstetrica_ingreso,4.3804371631381155e-05
252,pct_alta_domicilio,1.731849865406704e-05
252,pct_alta_fallecido,3.15042196986471e-07
252,pct_alta_traslado,0.0009825777063223796
252,pct_origen_emergencia,0.003002572931458324
252,pct_origen_referencia,0.062306030150417954
252,pct_uso_pabellon,0.008576522106240502
252,pabellones_promedio,0.0009979480591278777
252,tasa_partos,9.157797116658084e-05
252,tasa_prematurez,0.285135357739387
252,cv_estancia,0.018026795977284175
252,pct_estancia_larga,0.00020236479298057402
253,egresos_por_anio,0.4091205342876739
253,estancia_media,0.0008146725718214131
253,estancia_mediana,0.0008146725718214131
253,peso_medio_grd,5.2041698676793685e-05
253,severidad_media,0.0015286432564176956
253,mortalidad_media,0.0001281132469650052
253,entropia_grd,0.008476406998351154
253,comorbilidades_promedio,0.0027218509415694106
253,tasa_cma,0.015529455817005265
253,peso_medio_cma,0.10299323016341765
253,pct_pediatrico,5.324806894000538e-08
253,pct_geriatrico,2.7118243353197783e-07
253,pct_femenino_fertil,5.356699374335631e-07
253,edad_mediana,5.324806894000538e-08
253,pct_urgencia,0.046654283548449416
253,pct_programada,1.4206956122615933e-05
253,pct_obstetrica_ingreso,3.5874107683598245e-06
253,pct_alta_domicilio,0.00012454140161778727
253,pct_alta_fallecido,5.2041698676793685e-05
253,pct_alta_traslado,0.06623612301360186
253,pct_origen_emergencia,0.0008304933425996128
253,pct_origen_referencia,0.10299323016341765
253,pct_uso_pabellon,0.0005553264753982702
253,pabellones_promedio,0.018684113606126384
253,tasa_partos,1.2467786008560812e-05
253,tasa_prematurez,0.2169418073546098
253,cv_estancia,0.2169418073546098
253,pct_estancia_larga,0.0018600983424297308
254,egresos_por_anio,0.4933935353037442
254,estancia_media,0.016206348925781315
254,estancia_mediana,0.0019290635071718828
254,peso_medio_grd,0.0011437588259115168
254,severidad_media,0.018303971626513253
254,mortalidad_media,0.024062106727713216
254,entropia_grd,0.4933935353037442
254,comorbilidades_promedio,0.011610685435431521
254,tasa_cma,0.4279590177473232
254,peso_medio_cma,0.0005159263364774906
254,pct_pediatrico,8.05742580216719e-07
254,pct_geriatrico,4.220403747518536e-08
254,pct_femenino_fertil,0.01142446000303849
254,edad_mediana,4.220403747518536e-08
254,pct_urgencia,1.4665595543832849e-05
254,pct_programada,2.9111338838177427e-06
254,pct_obstetrica_ingreso,0.0199952347776615
254,pct_alta_domicilio,1.4665595543832849e-05
254,pct_alta_fallecido,6.253568305647803e-08
254,pct_alta_traslado,0.01142446000303849
254,pct_origen_emergencia,0.002137441471048556
254,pct_origen_referencia,0.06283745350844182
254,pct_uso_pabellon,0.0004017960679736848
254,pabellones_promedio,0.0005311741190903242
254,tasa_partos,0.3660732983739129
254,tasa_prematurez,0.41960951381482336
254,cv_estancia,0.029708486294265188
254,pct_estancia_larga,0.06252408962116865
255,egresos_por_anio,0.058474575226489536
255,estancia_media,0.06746181206614024
255,estancia_mediana,0.008425416269565032
255,peso_medio_grd,0.00230949935655499
255,severidad_media,0.005609293352529719
255,mortalidad_media,0.07852331054705354
255,entropia_grd,0.5979283977878567
255,comorbilidades_promedio,0.09336144168310381
255,tasa_cma,0.0005055049544645114
255,peso_medio_cma,0.036663962415666475
255,pct_pediatrico,5.851133472012221e-08
255,pct_geriatrico,9.225567993175758e-06
255,pct_femenino_fertil,1.93044640112306e-05
255,edad_mediana,3.2417316179913907e-06
255,pct_urgencia,0.011486378315491652
255,pct_programada,0.0002334692059224085
255,pct_obstetrica_ingreso,8.714055502062727e-05
255,pct_alta_domicilio,0.0003330912239313516
255,pct_alta_fallecido,0.0005055049544645114
255,pct_alta_traslado,0.005609293352529719
255,pct_origen_emergencia,0.0003330912239313516
255,pct_origen_referencia,0.001112192111556797
255,pct_uso_pabellon,0.001112192111556797
255,pabellones_promedio,0.0047061056923122305
255,tasa_partos,0.00012851415656137984
255,tasa_prematurez,0.8610621649268684
255,cv_estancia,0.007630143186490439
255,pct_estancia_larga,0.09998692503966482
256,egresos_por_anio,0.3613675343556866
256,estancia_media,0.002268798060008091
256,estancia_mediana,0.00038106689057631435
256,peso_medio_grd,0.00038106689057631435
256,severidad_media,4.8233543741305044e-05
256,mortalidad_media,0.01476029527361742
256,entropia_grd,0.03393626773182511
256,comorbilidades_promedio,0.002255937731907835
256,tasa_cma,0.07082460603871356
256,peso_medio_cma,0.004379620598289006
256,pct_pediatrico,7.310345999035772e-10
256,pct_geriatrico,1.9496247212361547e-08
256,pct_femenino_fertil,0.0014989837583890345
256,edad_mediana,9.105383812254174e-09
256,pct_urgencia,0.6142853483249984
256,pct_programada,0.01904253608959743
256,pct_obstetrica_ingreso,0.0019301942559578353
256,pct_alta_domicilio,0.0013335031053290215
256,pct_alta_fallecido,3.096253481702592e-05
256,pct_alta_traslado,0.03812064254930188
256,pct_origen_emergencia,0.17838714217105098
256,pct_origen_referencia,0.17838714217105098
256,pct_uso_pabellon,0.05242468791810165
256,pabellones_promedio,0.03812064254930188
256,tasa_partos,0.0004350197570140084
256,tasa_prematurez,0.01904253608959743
256,cv_estancia,0.00037186627367810524
256,pct_estancia_larga,0.00490432440837866
257,egresos_por_anio,0.20322626776864314
257,estancia_media,0.008287963706024172
257,estancia_mediana,0.01626377850398167
257,peso_medio_grd,0.01626377850398167
257,severidad_media,0.29180660390576063
257,mortalidad_media,0.24015209334826915
257,entropia_grd,0.32289824393184385
257,comorbilidades_promedio,0.548239513162454
257,tasa_cma,0.784879634716924
257,peso_medio_cma,0.004235354436906464
257,pct_pediatrico,2.6480398454473264e-09
257,pct_geriatrico,7.045807350291523e-09
257,pct_femenino_fertil,0.011900510568236903
257,edad_mediana,2.6480398454473264e-09
257,pct_urgencia,0.9785333820235138
257,pct_programada,0.03778382080019789
257,pct_obstetrica_ingreso,0.004096853136099875
257,pct_alta_domicilio,0.807809156586007
257,pct_alta_fallecido,4.335680894167624e-06
257,pct_alta_traslado,0.39504150724212805
257,pct_origen_emergencia,0.037772688331230826
257,pct_origen_referencia,0.051177760755649455
257,pct_uso_pabellon,0.0050455684175791165
257,pabellones_promedio,0.05613842494483185
257,tasa_partos,0.002643119442995906
257,tasa_prematurez,0.011900510568236903
257,cv_estancia,0.21868117732935072
257,pct_estancia_larga,0.12046424745263141
258,egresos_por_anio,0.010966161874107233
258,estancia_media,0.08600711640207516
258,estancia_mediana,0.00036744821642620637
258,peso_medio_grd,0.0033252962576133457
258,severidad_media,0.0012639055867103735
258,mortalidad_media,2.473219776181848e-05
258,entropia_grd,0.02787090174884712
258,comorbilidades_promedio,0.0027322257060812755
258,tasa_cma,0.006471125208152944
258,peso_medio_cma,0.010966161874107233
258,pct_pediatrico,1.1750805136612622e-07
258,pct_geriatrico,2.228900338493388e-07
258,pct_femenino_fertil,8.802474577115212e-06
258,edad_mediana,2.228900338493388e-07
258,pct_urgencia,0.7149635170776385
258,pct_programada,0.009446909585278551
258,pct_obstetrica_ingreso,1.5328943927871813e-05
258,pct_alta_domicilio,0.00036744821642620637
258,pct_alta_fallecido,0.00813394178310554
258,pct_alta_traslado,0.00036744821642620637
258,pct_origen_emergencia,0.0775357952167285
258,pct_origen_referencia,0.001220521144179427
258,pct_uso_pabellon,0.0026288396723015773
258,pabellones_promedio,0.0007037359902219925
258,tasa_partos,2.5311502337671272e-05
258,tasa_prematurez,0.02150993237157734
258,cv_estancia,0.0014149787621380498
258,pct_estancia_larga,0.267593241285688
259,egresos_por_anio,0.13899700903399528
259,estancia_media,0.02117485197590017
259,estancia_mediana,0.01830987852315544
259,peso_medio_grd,5.7318319591992237e-05
259,severidad_media,0.0551750955111463
259,mortalidad_media,0.13899700903399528
259,entropia_grd,0.13417706963936943
259,comorbilidades_promedio,0.01439633492249934
259,tasa_cma,0.0006743894011844245
259,peso_medio_cma,4.1785339473453546e-05
259,pct_pediatrico,9.521973893672375e-10
259,pct_geriatrico,6.443599783112859e-07
259,pct_femenino_fertil,2.4224266837292676e-06
259,edad_mediana,7.847935594829873e-08
259,pct_urgencia,0.015283170937493274
259,pct_programada,3.179380122278764e-05
259,pct_obstetrica_ingreso,1.0072116178200604e-05
259,pct_alta_domicilio,0.08981423675475182
259,pct_alta_fallecido,4.1785339473453546e-05
259,pct_alta_traslado,0.9556133975702961
259,pct_origen_emergencia,5.7318319591992237e-05
259,pct_origen_referencia,0.01439633492249934
259,pct_uso_pabellon,0.004614296801940419
259,pabellones_promedio,0.0027944185760208143
259,tasa_partos,5.7318319591992237e-05
259,tasa_prematurez,0.00877520909862715
259,cv_estancia,0.004512241928303607
259,pct_estancia_larga,0.04364098349093775
260,egresos_por_anio,0.02050045587051989
260,estancia_media,0.004999801263250102
260,estancia_mediana,0.005086689729630478
260,peso_medio_grd,1.908013290280804e-05
260,severidad_media,2.784437177957622e-05
260,mortalidad_media,0.000922493494593458
260,entropia_grd,0.039757617773873134
260,comorbilidades_promedio,0.018749492182706804
260,tasa_cma,0.03990839289991619
260,peso_medio_cma,0.0019501566558789917
260,pct_pediatrico,6.647949480474668e-08
260,pct_geriatrico,5.55429470814778e-07
260,pct_femenino_fertil,0.00015971845704837703
260,edad_mediana,5.55429470814778e-07
260,pct_urgencia,0.02050045587051989
260,pct_programada,0.0009391432613949678
260,pct_obstetrica_ingreso,0.0009371344710773028
260,pct_alta_domicilio,0.0004568465255894109
260,pct_alta_fallecido,0.0012725960832141903
260,pct_alta_traslado,0.00039698846682734775
260,pct_origen_emergencia,0.07009848896053919
260,pct_origen_referencia,0.052200649611575625
260,pct_uso_pabellon,2.285967401597627e-05
260,pabellones_promedio,5.844904723573605e-05
260,tasa_partos,0.0005339651773716119
260,tasa_prematurez,0.219837537226595
260,cv_estancia,0.0017042036558105643
260,pct_estancia_larga,0.005086689729630478
261,egresos_por_anio,0.011024731423057177
261,estancia_media,0.005899301268637965
261,estancia_mediana,0.0006022063978525265
261,peso_medio_grd,0.0011114698761948317
261,severidad_media,7.461537547276356e-06
261,mortalidad_media,1.2478483031657229e-05
261,entropia_grd,0.02708384561436057
261,comorbilidades_promedio,0.0002432276666246909
261,tasa_cma,0.8336671383587011
261,peso_medio_cma,0.001153622519601372
261,pct_pediatrico,2.551474756550512e-07
261,pct_geriatrico,2.551474756550512e-07
261,pct_femenino_fertil,3.485676990219544e-06
261,edad_mediana,2.551474756550512e-07
261,pct_urgencia,0.0003236204568264738
261,pct_programada,0.001153622519601372
261,pct_obstetrica_ingreso,1.0787406242961336e-05
261,pct_alta_domicilio,1.258412725832732e-05
261,pct_alta_fallecido,0.00014385526763126147
261,pct_alta_traslado,0.011024731423057177
261,pct_origen_emergencia,0.011024731423057177
261,pct_origen_referencia,0.05973581400849035
261,pct_uso_pabellon,0.002241247910797115
261,pabellones_promedio,0.025923918056111966
261,tasa_partos,5.516354890306925e-06
261,tasa_prematurez,0.052961881434002524
261,cv_estancia,0.019472396811762646
261,pct_estancia_larga,0.0263927570030722
262,egresos_por_anio,0.09879685067146578
262,estancia_media,0.002806713317835165
262,estancia_mediana,0.015642487290281552
262,peso_medio_grd,0.006821283333267169
262,severidad_media,0.003849830521291211
262,mortalidad_media,1.361916058200457e-05
262,entropia_grd,0.04904632792658998
262,comorbilidades_promedio,7.884156112851802e-06
262,tasa_cma,0.6031309896567443
262,peso_medio_cma,8.201989589081445e-06
262,pct_pediatrico,1.232201691186234e-09
262,pct_geriatrico,2.1262476254040226e-09
262,pct_femenino_fertil,0.0011204805105118586
262,edad_mediana,1.4350248080726572e-09
262,pct_urgencia,0.32543180129989413
262,pct_programada,0.04426009793691243
262,pct_obstetrica_ingreso,0.003849830521291211
262,pct_alta_domicilio,7.884156112851802e-06
262,pct_alta_fallecido,8.201989589081445e-06
262,pct_alta_traslado,0.003849830521291211
262,pct_origen_emergencia,0.20353495896713145
262,pct_origen_referencia,0.09561823132931341
262,pct_uso_pabellon,0.8262618715350137
262,pabellones_promedio,0.022152159589426013
262,tasa_partos,0.004765618910605788
262,tasa_prematurez,0.44057072765503696
262,cv_estancia,0.21535039667568512
262,pct_estancia_larga,0.003849830521291211
263,egresos_por_anio,0.00014321901714009724
263,estancia_media,8.467209860177713e-06
263,estancia_mediana,6.415607300100248e-06
263,peso_medio_grd,0.0002118926477943234
263,severidad_media,1.4148760278970611e-05
263,mortalidad_media,8.467209860177713e-06
263,entropia_grd,0.058314452954423335
263,comorbilidades_promedio,3.943975245084808e-05
263,tasa_cma,0.6378822770648327
263,peso_medio_cma,0.0003993479632379631
263,pct_pediatrico,0.00011769684616178835
263,pct_geriatrico,1.08068488270284e-07
263,pct_femenino_fertil,0.000676443794123013
263,edad_mediana,1.08068488270284e-07
263,pct_urgencia,6.992904598079543e-05
263,pct_programada,0.00014321901714009724
263,pct_obstetrica_ingreso,0.00013761285770035663
263,pct_alta_domicilio,2.6110335384003832e-05
263,pct_alta_fallecido,0.0006162207126559783
263,pct_alta_traslado,5.898764049679889e-05
263,pct_origen_emergencia,0.001463847701717066
263,pct_origen_referencia,0.0006734802471059722
263,pct_uso_pabellon,0.00024237897054055
263,pabellones_promedio,0.0014830148367738858
263,tasa_partos,8.641197737501913e-05
263,tasa_prematurez,0.003361453106616269
263,cv_estancia,0.004275636229424191
263,pct_estancia_larga,3.943975245084808e-05
264,egresos_por_anio,0.7025716372511865
264,estancia_media,0.0054112761475682844
264,estancia_mediana,1.3415755292565712e-05
264,peso_medio_grd,0.0037552496918778367
264,severidad_media,0.0057071419196393905
264,mortalidad_media,0.00029780212913534375
264,entropia_grd,0.0048975033248479065
264,comorbilidades_promedio,0.005481155470243034
264,tasa_cma,0.006571383668154729
264,peso_medio_cma,5.481922438285656e-05
264,pct_pediatrico,3.782871743050656e-08
264,pct_geriatrico,3.782871743050656e-08
264,pct_femenino_fertil,7.877659705607357e-05
264,edad_mediana,3.782871743050656e-08
264,pct_urgencia,5.481922438285656e-05
264,pct_programada,0.00047428796926533926
264,pct_obstetrica_ingreso,9.198194962435647e-05
264,pct_alta_domicilio,1.0237883781854374e-05
264,pct_alta_fallecido,1.953929656982736e-07
264,pct_alta_traslado,0.0013778720031990667
264,pct_origen_emergencia,0.0004730836248821433
264,pct_origen_referencia,0.009668129997895946
264,pct_uso_pabellon,3.5047408252376836e-05
264,pabellones_promedio,0.0009805746098008508
264,tasa_partos,4.0733860222266104e-05
264,tasa_prematurez,0.4183449662936354
264,cv_estancia,0.4040203564420306
264,pct_estancia_larga,0.03672641344196149
265,egresos_por_anio,0.7892103577608343
265,estancia_media,0.00925495646595247
265,estancia_mediana,2.9525846634232775e-05
265,peso_medio_grd,0.0012298927793390143
265,severidad_media,0.31767672099282507
265,mortalidad_media,0.9042112742476811
265,entropia_grd,0.1837329906250366
265,comorbilidades_promedio,0.36108139321377425
265,tasa_cma,0.018983898062599022
265,peso_medio_cma,0.1099052192200421
265,pct_pediatrico,1.2153175995354203e-07
265,pct_geriatrico,6.387029505569547e-07
265,pct_femenino_fertil,0.07538405481328517
265,edad_mediana,1.4680977315422021e-07
265,pct_urgencia,0.0007661354925830605
265,pct_programada,1.1142930960238708e-05
265,pct_obstetrica_ingreso,0.12374996703308218
265,pct_alta_domicilio,0.012912431127364746
265,pct_alta_fallecido,6.387029505569547e-07
265,pct_alta_traslado,0.6308333825946288
265,pct_origen_emergencia,0.014390074064807306
265,pct_origen_referencia,0.1531777956233943
265,pct_uso_pabellon,0.0030964166819521244
265,pabellones_promedio,0.0034623439601385157
265,tasa_partos,0.15364630773362484
265,tasa_prematurez,0.15831564611097115
265,cv_estancia,0.04483963020382787
265,pct_estancia_larga,0.07538405481328517
266,egresos_por_anio,0.05764562271551045
266,estancia_media,0.05764562271551045
266,estancia_mediana,0.016180011237064747
266,peso_medio_grd,0.0011139064189246333
266,severidad_media,0.002996719008907114
266,mortalidad_media,0.014427376774578268
266,entropia_grd,0.0013403903920300494
266,comorbilidades_promedio,0.0013403903920300494
266,tasa_cma,0.0017925453147306636
266,peso_medio_cma,0.012899810072014814
266,pct_pediatrico,8.470881227782322e-08
266,pct_geriatrico,8.470881227782322e-08
266,pct_femenino_fertil,9.150881171895712e-05
266,edad_mediana,8.686316945840068e-08
266,pct_urgencia,0.05764562271551045
266,pct_programada,0.0013403903920300494
266,pct_obstetrica_ingreso,0.0001665268558102127
266,pct_alta_domicilio,0.0013403903920300494
266,pct_alta_fallecido,0.0017925453147306636
266,pct_alta_traslado,0.021934929482743892
266,pct_origen_emergencia,0.00020148312795713352
266,pct_origen_referencia,9.150881171895712e-05
266,pct_uso_pabellon,0.4024641338000631
266,pabellones_promedio,0.060109374813104265
266,tasa_partos,0.0013403903920300494
266,tasa_prematurez,0.12318762296486067
266,cv_estancia,0.0013403903920300494
266,pct_estancia_larga,0.08639061342435214
267,egresos_por_anio,0.0005503171997341461
267,estancia_media,0.4407688644251615
267,estancia_mediana,0.0007238627186278024
267,peso_medio_grd,0.0464587671748583
267,severidad_media,0.00043611027306058133
267,mortalidad_media,2.2261385781477126e-05
267,entropia_grd,0.016758220864847507
267,comorbilidades_promedio,0.00015390702120598272
267,tasa_cma,0.0007412974879278111
267,peso_medio_cma,0.05740307148499691
267,pct_pediatrico,4.418885787966083e-05
267,pct_geriatrico,1.5678363773532131e-06
267,pct_femenino_fertil,0.005206425567651052
267,edad_mediana,6.279548368936343e-06
267,pct_urgencia,1.159311693908204e-06
267,pct_programada,1.5684780834432376e-06
267,pct_obstetrica_ingreso,0.004280697225147063
267,pct_alta_domicilio,2.099842000355727e-06
267,pct_alta_fallecido,1.3552356175089595e-05
267,pct_alta_traslado,9.294701064553106e-05
267,pct_origen_emergencia,1.3552356175089595e-05
267,pct_origen_referencia,7.294557371990085e-05
267,pct_uso_pabellon,1.5823463715707872e-05
267,pabellones_promedio,9.294701064553106e-05
267,tasa_partos,0.004214175642062059
267,tasa_prematurez,0.007329513899177459
267,cv_estancia,0.07680391761932533
267,pct_estancia_larga,0.9095018130270272
268,egresos_por_anio,0.020430052473431024
268,estancia_media,0.02729091490512973
268,estancia_mediana,0.002997171218070675
268,peso_medio_grd,0.009147423304817964
268,severidad_media,0.20092196984366043
268,mortalidad_media,0.10735190345340032
268,entropia_grd,0.0028207053303415104
268,comorbilidades_promedio,0.04049679455925609
268,tasa_cma,0.030834353579403218
268,peso_medio_cma,0.0020235522702591506
268,pct_pediatrico,3.834740392894853e-08
268,pct_geriatrico,1.048801097733706e-06
268,pct_femenino_fertil,7.3472765779158e-05
268,edad_mediana,3.218847633148201e-07
268,pct_urgencia,3.7434680096115376e-06
268,pct_programada,0.009951004935191736
268,pct_obstetrica_ingreso,0.002317916747087763
268,pct_alta_domicilio,0.011365260338965552
268,pct_alta_fallecido,0.010388252967516819
268,pct_alta_traslado,0.009951004935191736
268,pct_origen_emergencia,0.058198136258372814
268,pct_origen_referencia,0.06986119724152608
268,pct_uso_pabellon,3.1763156737257785e-06
268,pabellones_promedio,0.00015967175568775926
268,tasa_partos,0.0004950900233435312
268,tasa_prematurez,0.05810437447354479
268,cv_estancia,0.0020235522702591506
268,pct_estancia_larga,0.005117936236743954
269,egresos_por_anio,0.08743783151695002
269,estancia_media,0.0030790410967235456
269,estancia_mediana,0.005065965573590632
269,peso_medio_grd,8.310588385396406e-07
269,severidad_media,0.000858708737146477
269,mortalidad_media,0.0004895114289999636
269,entropia_grd,2.1755089697756944e-05
269,comorbilidades_promedio,0.008855592327837388
269,tasa_cma,0.24112168701499181
269,peso_medio_cma,0.0005013951625998664
269,pct_pediatrico,5.820177467391669e-08
269,pct_geriatrico,2.79646747387031e-08
269,pct_femenino_fertil,8.310588385396406e-07
269,edad_mediana,2.79646747387031e-08
269,pct_urgencia,0.006278645724172607
269,pct_programada,1.462907665255905e-05
269,pct_obstetrica_ingreso,8.310588385396406e-07
269,pct_alta_domicilio,0.000859707181887363
269,pct_alta_fallecido,0.0005013951625998664
269,pct_alta_traslado,0.03078158820202107
269,pct_origen_emergencia,0.00029712507518337144
269,pct_origen_referencia,0.0003614245095895396
269,pct_uso_pabellon,0.1372432364293979
269,pabellones_promedio,0.029334642853726688
269,tasa_partos,3.776701298664395e-06
269,tasa_prematurez,0.00020230143781067145
269,cv_estancia,0.0875893695451201
269,pct_estancia_larga,0.004165329934591409
270,egresos_por_anio,0.3733035158310947
270,estancia_media,7.883143428988833e-06
270,estancia_mediana,7.012243014860586e-06
270,peso_medio_grd,0.00451420566527433
270,severidad_media,1.567582297498236e-05
270,mortalidad_media,7.012243014860586e-06
270,entropia_grd,2.8894605386384975e-05
270,comorbilidades_promedio,3.874446180892017e-05
270,tasa_cma,0.0020159272965905714
270,peso_medio_cma,0.008351066357845585
270,pct_pediatrico,7.591455016546786e-07
270,pct_geriatrico,1.4348824288042464e-06
270,pct_femenino_fertil,7.021450490586074e-06
270,edad_mediana,7.591455016546786e-07
270,pct_urgencia,3.874446180892017e-05
270,pct_programada,0.0004777537534375454
270,pct_obstetrica_ingreso,2.8894605386384975e-05
270,pct_alta_domicilio,7.012243014860586e-06
270,pct_alta_fallecido,7.883143428988833e-06
270,pct_alta_traslado,0.009365898945440874
270,pct_origen_emergencia,0.0007343707877405309
270,pct_origen_referencia,0.00432904419965545
270,pct_uso_pabellon,0.08891512342850559
270,pabellones_promedio,0.3408087459913245
270,tasa_partos,1.3449658844853773e-05
270,tasa_prematurez,0.08077920288532114
270,cv_estancia,0.072961240671259
270,pct_estancia_larga,2.8894605386384975e-05
271,egresos_por_anio,0.12119897013286163
271,estancia_media,0.02618660962400728
271,estancia_mediana,0.004378012835140563
271,peso_medio_grd,8.249662333803412e-05
271,severidad_media,7.796094730050306e-05
271,mortalidad_media,4.922895092820219e-05
271,entropia_grd,0.05360791742078805
271,comorbilidades_promedio,0.019975345435899027
271,tasa_cma,0.11377394397656507
271,peso_medio_cma,0.004894692445986753
271,pct_pediatrico,4.1755913493264286e-09
271,pct_geriatrico,1.18032251349659e-07
271,pct_femenino_fertil,7.65938115220877e-06
271,edad_mediana,8.20428669861288e-09
271,pct_urgencia,0.02618660962400728
271,pct_programada,0.00016198244128936656
271,pct_obstetrica_ingreso,1.2257677277457472e-05
271,pct_alta_domicilio,0.004894692445986753
271,pct_alta_fallecido,2.446232444386013e-05
271,pct_alta_traslado,0.1402366001380494
271,pct_origen_emergencia,0.0016751613314175168
271,pct_origen_referencia,0.006654615797512844
271,pct_uso_pabellon,0.0006608371018965532
271,pabellones_promedio,0.021818500545438477
271,tasa_partos,1.2257677277457472e-05
271,tasa_prematurez,0.010482465978710248
271,cv_estancia,0.12587501008186502
271,pct_estancia_larga,0.11377394397656507
272,egresos_por_anio,0.02851373681471998
272,estancia_media,0.0012397478945056005
272,estancia_mediana,0.04111843086320284
272,peso_medio_grd,1.9009748040269322e-05
272,severidad_media,0.15725543743427345
272,mortalidad_media,0.029046135406669175
272,entropia_grd,0.06512100468211772
272,comorbilidades_promedio,0.006789031146138835
272,tasa_cma,0.08884033723615477
272,peso_medio_cma,0.00024991286194308833
272,pct_pediatrico,6.506107243495706e-08
272,pct_geriatrico,1.3535725998034784e-06
272,pct_femenino_fertil,0.00017141592161076037
272,edad_mediana,1.120775312693695e-07
272,pct_urgencia,0.0027021364503281783
272,pct_programada,0.00020499728973143232
272,pct_obstetrica_ingreso,0.004863581356533667
272,pct_alta_domicilio,3.7632093117798874e-05
272,pct_alta_fallecido,4.711309029768175e-06
272,pct_alta_traslado,0.006023136477802206
272,pct_origen_emergencia,0.09199313254751887
272,pct_origen_referencia,0.3828398141328263
272,pct_uso_pabellon,6.500809349582076e-05
272,pabellones_promedio,0.00019370524437336604
272,tasa_partos,0.03805121335382105
272,tasa_prematurez,0.2623336373109132
272,cv_estancia,0.7432676775682576
272,pct_estancia_larga,0.0005801292673487925
273,egresos_por_anio,0.023063039580999083
273,estancia_media,0.5009339323172763
273,estancia_mediana,0.013543700205728358
273,peso_medio_grd,0.004248401754895973
273,severidad_media,0.1493368488884989
273,mortalidad_media,0.010067606315243852
273,entropia_grd,0.17497040129682115
273,comorbilidades_promedio,0.04827419017201911
273,tasa_cma,0.035034612890980116
273,peso_medio_cma,0.0003164274021211839
273,pct_pediatrico,8.260633826366611e-06
273,pct_geriatrico,1.927936028220255e-07
273,pct_femenino_fertil,1.59947038352689e-06
273,edad_mediana,5.206538741132503e-07
273,pct_urgencia,0.0005512242794920917
273,pct_programada,0.000134636070820058
273,pct_obstetrica_ingreso,1.59947038352689e-06
273,pct_alta_domicilio,1.4339435133440655e-05
273,pct_alta_fallecido,3.3114399894760286e-05
273,pct_alta_traslado,0.0009053698936391098
273,pct_origen_emergencia,9.343937851482376e-05
273,pct_origen_referencia,0.0001373745328110813
273,pct_uso_pabellon,4.5912864322162056e-05
273,pabellones_promedio,0.0005512242794920917
273,tasa_partos,5.206538741132503e-07
273,tasa_prematurez,0.023063039580999083
273,cv_estancia,0.008121260672632713
273,pct_estancia_larga,0.72094973713815
274,egresos_por_anio,0.2773379636984824
274,estancia_media,0.0122913363336393
274,estancia_mediana,8.801016307523111e-05
274,peso_medio_grd,0.0013756879447908387
274,severidad_media,5.399534866475005e-05
274,mortalidad_media,3.4506434239563746e-07
274,entropia_grd,0.1406356716257257
274,comorbilidades_promedio,0.0013756879447908387
274,tasa_cma,0.2734281367524108
274,peso_medio_cma,8.953088823724687e-06
274,pct_pediatrico,3.3284647381247604e-09
274,pct_geriatrico,9.099247286809591e-09
274,pct_femenino_fertil,5.1545368201491244e-05
274,edad_mediana,8.073085219544516e-09
274,pct_urgencia,0.059771116997498874
274,pct_programada,0.020796381678915243
274,pct_obstetrica_ingreso,0.0002527136372444005
274,pct_alta_domicilio,9.89873666591646e-05
274,pct_alta_fallecido,1.1206015477075843e-06
274,pct_alta_traslado,0.064199766258396
274,pct_origen_emergencia,0.10068561176904499
274,pct_origen_referencia,0.1406356716257257
274,pct_uso_pabellon,0.9525774956289611
274,pabellones_promedio,0.32106486917469834
274,tasa_partos,0.0006489147798581925
274,tasa_prematurez,0.031231910602432536
274,cv_estancia,0.04843081962145365
274,pct_estancia_larga,0.057165420455478254
275,egresos_por_anio,0.0020239555983514973
275,estancia_media,0.05894532456506526
275,estancia_mediana,0.00010162885746279686
275,peso_medio_grd,0.00018923059547818502
275,severidad_media,0.0009883717928600177
275,mortalidad_media,0.008350615232393875
275,entropia_grd,0.0006633978579672028
275,comorbilidades_promedio,0.024585636339317565
275,tasa_cma,0.0006801560047232414
275,peso_medio_cma,0.00018923059547818502
275,pct_pediatrico,3.5450858047212285e-08
275,pct_geriatrico,2.77543280962601e-08
275,pct_femenino_fertil,2.3180149462479616e-05
275,edad_mediana,4.194780670099606e-08
275,pct_urgencia,0.0009883717928600177
275,pct_programada,0.00010162885746279686
275,pct_obstetrica_ingreso,0.00015612260657322174
275,pct_alta_domicilio,4.842469754983842e-05
275,pct_alta_fallecido,4.446325851302555e-06
275,pct_alta_traslado,0.05894532456506526
275,pct_origen_emergencia,0.009595966780222717
275,pct_origen_referencia,0.0040451430634229875
275,pct_uso_pabellon,8.074435333279478e-05
275,pabellones_promedio,0.0019240519585782263
275,tasa_partos,0.0006633978579672028
275,tasa_prematurez,0.0006633978579672028
275,cv_estancia,0.04509182758553827
275,pct_estancia_larga,0.24679499486739456
276,egresos_por_anio,0.9678623798493309
276,estancia_media,6.685505083858419e-06
276,estancia_mediana,0.0001613798789025032
276,peso_medio_grd,2.156445644840102e-06
276,severidad_media,0.00036640794431820834
276,mortalidad_media,0.0003855217932698328
276,entropia_grd,0.20299168509402502
276,comorbilidades_promedio,0.002534517537537184
276,tasa_cma,0.001753615088441235
276,peso_medio_cma,2.156445644840102e-06
276,pct_pediatrico,3.449342648545375e-07
276,pct_geriatrico,2.156445644840102e-06
276,pct_femenino_fertil,2.156445644840102e-06
276,edad_mediana,6.226599810956739e-07
276,pct_urgencia,0.0031786419765783593
276,pct_programada,0.003909923377745366
276,pct_obstetrica_ingreso,8.094060739744874e-06
276,pct_alta_domicilio,0.00050347335414639
276,pct_alta_fallecido,0.00028799325422905627
276,pct_alta_traslado,0.20299168509402502
276,pct_origen_emergencia,0.019554405745580084
276,pct_origen_referencia,0.020614714831727117
276,pct_uso_pabellon,4.4108961567898485e-05
276,pabellones_promedio,0.020614714831727117
276,tasa_partos,7.636163289692687e-05
276,tasa_prematurez,0.8313126956052396
276,cv_estancia,0.006543426746404286
276,pct_estancia_larga,0.00014390156933031425
277,egresos_por_anio,0.05826770825758646
277,estancia_media,0.006505660579164361
277,estancia_mediana,0.015789257925555227
277,peso_medio_grd,4.0218340941355375e-06
277,severidad_media,0.021658012803566207
277,mortalidad_media,0.006505660579164361
277,entropia_grd,0.002358317955069445
277,comorbilidades_promedio,0.05665761370369864
277,tasa_cma,0.0012168145695945693
277,peso_medio_cma,0.0002776665526657681
277,pct_pediatrico,1.8485433131194695e-08
277,pct_geriatrico,4.421632312990707e-08
277,pct_femenino_fertil,2.5451953953743484e-05
277,edad_mediana,1.8485433131194695e-08
277,pct_urgencia,0.0035521054292692133
277,pct_programada,0.0004193588086641707
277,pct_obstetrica_ingreso,3.8585682762104934e-05
277,pct_alta_domicilio,0.00021424869058522664
277,pct_alta_fallecido,4.0218340941355375e-06
277,pct_alta_traslado,0.11263468947376247
277,pct_origen_emergencia,0.053248329515001615
277,pct_origen_referencia,0.1602152270504189
277,pct_uso_pabellon,1.113985102685938e-05
277,pabellones_promedio,0.0002776665526657681
277,tasa_partos,7.858494040952286e-05
277,tasa_prematurez,0.4971065199118686
277,cv_estancia,0.20316785569033832
277,pct_estancia_larga,0.014499714449465665
278,egresos_por_anio,0.1858685455036848
278,estancia_media,0.0036996391800205707
278,estancia_mediana,0.0038931203043702034
278,peso_medio_grd,0.0018028008335110178
278,severidad_media,0.10744577392306791
278,mortalidad_media,0.0038931203043702034
278,entropia_grd,0.0006703686770833244
278,comorbilidades_promedio,0.04194642026538036
278,tasa_cma,0.7892019268251813
278,peso_medio_cma,0.0035239169696085378
278,pct_pediatrico,1.4194060572905837e-07
278,pct_geriatrico,1.0362194260093356e-07
278,pct_femenino_fertil,0.0153855506316188
278,edad_mediana,1.0362194260093356e-07
278,pct_urgencia,0.001328246009800611
278,pct_programada,3.0059026022066915e-05
278,pct_obstetrica_ingreso,0.02379836200992763
278,pct_alta_domicilio,0.028484255638152697
278,pct_alta_fallecido,1.0362194260093356e-07
278,pct_alta_traslado,0.00397467436410746
278,pct_origen_emergencia,4.554849082488699e-05
278,pct_origen_referencia,0.0007107167103171972
278,pct_uso_pabellon,0.011966358855876108
278,pabellones_promedio,0.5018839234848491
278,tasa_partos,0.018028973318805337
278,tasa_prematurez,0.026327658753414366
278,cv_estancia,0.008403482859971636
278,pct_estancia_larga,0.008403482859971636
279,egresos_por_anio,0.00600040880503552
279,estancia_media,3.177252029798499e-05
279,estancia_mediana,1.5954449269651883e-05
279,peso_medio_grd,0.00020380394753220118
279,severidad_media,2.4784113477455333e-05
279,mortalidad_media,3.1536481837411718e-06
279,entropia_grd,0.04004877314843026
279,comorbilidades_promedio,0.09305546342339388
279,tasa_cma,0.49585545683062693
279,peso_medio_cma,0.008015456596615103
279,pct_pediatrico,9.603685245651265e-07
279,pct_geriatrico,9.603685245651265e-07
279,pct_femenino_fertil,9.603685245651265e-07
279,edad_mediana,9.603685245651265e-07
279,pct_urgencia,2.4784113477455333e-05
279,pct_programada,0.00600040880503552
279,pct_obstetrica_ingreso,2.8701574528116337e-05
279,pct_alta_domicilio,0.0007045767973618311
279,pct_alta_fallecido,1.097925330709636e-05
279,pct_alta_traslado,0.03733894529915996
279,pct_origen_emergencia,0.00015403819655448252
279,pct_origen_referencia,0.00015654673852294105
279,pct_uso_pabellon,0.019894747758941157
279,pabellones_promedio,0.10781188397928951
279,tasa_partos,5.436657896757259e-05
279,tasa_prematurez,0.00020380394753220118
279,cv_estancia,0.047830729277170414
279,pct_estancia_larga,0.00010782909186182129
280,egresos_por_anio,0.21936940164018234
280,estancia_media,0.0007660665648573562
280,estancia_mediana,4.3241518488717565e-05
280,peso_medio_grd,0.0001787474095243151
280,severidad_media,9.197809435393378e-06
280,mortalidad_media,4.0272676110544704e-07
280,entropia_grd,0.00365735812619975
280,comorbilidades_promedio,0.0004561311112337022
280,tasa_cma,0.014069530533165278
280,peso_medio_cma,0.00365735812619975
280,pct_pediatrico,2.5677280615823733e-08
280,pct_geriatrico,8.568094713172643e-07
280,pct_femenino_fertil,4.626110461848968e-06
280,edad_mediana,1.9225164739544923e-07
280,pct_urgencia,0.0018987199458365717
280,pct_programada,0.0008514097490501667
280,pct_obstetrica_ingreso,8.519382849017363e-06
280,pct_alta_domicilio,0.0008405169384212205
280,pct_alta_fallecido,0.00365735812619975
280,pct_alta_traslado,0.019130688805803524
280,pct_origen_emergencia,0.007793300540567648
280,pct_origen_referencia,0.011055936942299439
280,pct_uso_pabellon,0.0007660665648573562
280,pabellones_promedio,0.09350399380212547
280,tasa_partos,5.7269369560430665e-06
280,tasa_prematurez,0.08786782071894379
280,cv_estancia,0.007401498434726755
280,pct_estancia_larga,0.001640975710021892
281,egresos_por_anio,0.12848931265523555
281,estancia_media,0.0028638196464759558
281,estancia_mediana,0.005549896287875313
281,peso_medio_grd,0.0051306903768246065
281,severidad_media,0.012965078135216968
281,mortalidad_media,0.24624972638766587
281,entropia_grd,0.047696900818337426
281,comorbilidades_promedio,0.012355823335733158
281,tasa_cma,0.004552547641899711
281,peso_medio_cma,0.049919726039293566
281,pct_pediatrico,1.1700641599408886e-07
281,pct_geriatrico,3.5247361792750316e-06
281,pct_femenino_fertil,3.364057088041082e-05
281,edad_mediana,4.407129377742301e-06
281,pct_urgencia,0.0074709517982709285
281,pct_programada,3.364057088041082e-05
281,pct_obstetrica_ingreso,0.0004788508853896988
281,pct_alta_domicilio,4.374246500786114e-05
281,pct_alta_fallecido,3.48956501601765e-07
281,pct_alta_traslado,0.0051306903768246065
281,pct_origen_emergencia,0.10414117219526861
281,pct_origen_referencia,0.12285245247258667
281,pct_uso_pabellon,0.0008294617394565179
281,pabellones_promedio,0.003969440301404606
281,tasa_partos,0.003969440301404606
281,tasa_prematurez,0.6204575911701731
281,cv_estancia,0.005055356420305847
281,pct_estancia_larga,0.005310120229593433
282,egresos_por_anio,0.42840828189327784
282,estancia_media,1.391797082001621e-05
282,estancia_mediana,4.167867397953294e-05
282,peso_medio_grd,1.391797082001621e-05
282,severidad_media,9.2654137081335e-06
282,mortalidad_media,2.2748668016217083e-05
282,entropia_grd,0.003537924702180547
282,comorbilidades_promedio,0.0031979602632613417
282,tasa_cma,0.18292306601593528
282,peso_medio_cma,0.002688908759860477
282,pct_pediatrico,7.800838952887657e-09
282,pct_geriatrico,7.800838952887657e-09
282,pct_femenino_fertil,9.66598815637363e-08
282,edad_mediana,8.798714999210767e-09
282,pct_urgencia,0.08990141414474977
282,pct_programada,0.021485144228741513
282,pct_obstetrica_ingreso,9.66598815637363e-08
282,pct_alta_domicilio,0.0021526913773274032
282,pct_alta_fallecido,1.892854342352644e-06
282,pct_alta_traslado,0.40051620449815634
282,pct_origen_emergencia,0.012312013405918294
282,pct_origen_referencia,0.05631784910293795
282,pct_uso_pabellon,0.0033617997276881523
282,pabellones_promedio,0.07831219148265554
282,tasa_partos,1.0663956946728784e-06
282,tasa_prematurez,0.0984212338023775
282,cv_estancia,0.002771904292168525
282,pct_estancia_larga,9.031259360138751e-05
283,egresos_por_anio,0.0008252305653080379
283,estancia_media,0.016379398302395966
283,estancia_mediana,0.013757812846194071
283,peso_medio_grd,0.013757812846194071
283,severidad_media,0.0006355135799752918
283,mortalidad_media,0.0007179863192703174
283,entropia_grd,0.9883439725034693
283,comorbilidades_promedio,0.08777913103908147
283,tasa_cma,0.43603642900938744
283,peso_medio_cma,0.10509436915810036
283,pct_pediatrico,1.9555930848823387e-08
283,pct_geriatrico,6.664015616624592e-06
283,pct_femenino_fertil,7.30395800584127e-06
283,edad_mediana,1.397316109007492e-07
283,pct_urgencia,0.007745991492083841
283,pct_programada,0.08544519296298066
283,pct_obstetrica_ingreso,2.5220035862206606e-05
283,pct_alta_domicilio,0.32565240987586835
283,pct_alta_fallecido,0.00784029781974736
283,pct_alta_traslado,0.2953346675260715
283,pct_origen_emergencia,0.015229898819938857
283,pct_origen_referencia,0.013391282307825509
283,pct_uso_pabellon,0.00044648062704620974
283,pabellones_promedio,0.08544519296298066
283,tasa_partos,6.555730388784525e-05
283,tasa_prematurez,0.013391282307825509
283,cv_estancia,0.0830252760720465
283,pct_estancia_larga,0.01747934684512387
284,egresos_por_anio,0.0013745118650984771
284,estancia_media,0.0004802920325974762
284,estancia_mediana,0.00020210763036244246
284,peso_medio_grd,0.02084940533270686
284,severidad_media,8.509141659003279e-05
284,mortalidad_media,0.00016731818539272083
284,entropia_grd,0.029093145699461975
284,comorbilidades_promedio,8.509141659003279e-05
284,tasa_cma,0.05083063620619866
284,peso_medio_cma,0.0005603878434252602
284,pct_pediatrico,7.834739770843839e-08
284,pct_geriatrico,4.1978633807043823e-07
284,pct_femenino_fertil,0.00024259105580471071
284,edad_mediana,7.834739770843839e-08
284,pct_urgencia,0.017330394227733158
284,pct_programada,0.5303890005502752
284,pct_obstetrica_ingreso,0.0030950939471680633
284,pct_alta_domicilio,0.0006495989816593845
284,pct_alta_fallecido,3.82400171918731e-05
284,pct_alta_traslado,0.013849222608016538
284,pct_origen_emergencia,0.300225053833032
284,pct_origen_referencia,0.0072311314791212045
284,pct_uso_pabellon,0.03962544801135029
284,pabellones_promedio,0.07003731979498368
284,tasa_partos,0.0008325150801433094
284,tasa_prematurez,0.0032072626342074307
284,cv_estancia,0.01895375314033352
284,pct_estancia_larga,0.006790327752761864
285,egresos_por_anio,0.36259009042223855
285,estancia_media,0.053609495417761624
285,estancia_mediana,0.007414069793208225
285,peso_medio_grd,1.5978963044974467e-05
285,severidad_media,0.0018579736142797462
285,mortalidad_media,0.00017944945295648648
285,entropia_grd,0.019067961345348706
285,comorbilidades_promedio,0.055035495477064315
285,tasa_cma,0.17402565333773076
285,peso_medio_cma,0.004051613707858854
285,pct_pediatrico,2.3432396670810076e-07
285,pct_geriatrico,6.868425393053373e-06
285,pct_femenino_fertil,2.883140818583227e-07
285,edad_mediana,1.5978963044974467e-05
285,pct_urgencia,7.016458783602757e-06
285,pct_programada,1.0662275252593766e-05
285,pct_obstetrica_ingreso,2.3432396670810076e-07
285,pct_alta_domicilio,0.0019299309685478676
285,pct_alta_fallecido,1.5194974750534556e-05
285,pct_alta_traslado,0.0850233022597478
285,pct_origen_emergencia,0.0018579736142797462
285,pct_origen_referencia,0.21740184783104055
285,pct_uso_pabellon,0.0017338179084247774
285,pabellones_promedio,0.001061838171869727
285,tasa_partos,2.3432396670810076e-07
285,tasa_prematurez,0.037205974775659824
285,cv_estancia,0.0001565610910708699
285,pct_estancia_larga,0.17402565333773076
286,egresos_por_anio,0.07273839230408542
286,estancia_media,0.005336271271121227
286,estancia_mediana,0.05671385320529244
286,peso_medio_grd,3.1286588985450886e-06
286,severidad_media,0.017272584013080468
286,mortalidad_media,0.21037527335308326
286,entropia_grd,0.2747979179624902
286,comorbilidades_promedio,0.227715958348371
286,tasa_cma,0.07273839230408542
286,peso_medio_cma,0.004299835984498561
286,pct_pediatrico,1.6215661824347604e-08
286,pct_geriatrico,2.160791727290458e-06
286,pct_femenino_fertil,0.004046744377920363
286,edad_mediana,1.1325239515540158e-06
286,pct_urgencia,0.0008227657628088242
286,pct_programada,3.1233757839751322e-06
286,pct_obstetrica_ingreso,0.006276174380757364
286,pct_alta_domicilio,0.005336271271121227
286,pct_alta_fallecido,0.00017908671216993372
286,pct_alta_traslado,0.10078687385573155
286,pct_origen_emergencia,0.0007434739329288421
286,pct_origen_referencia,0.13365574875479225
286,pct_uso_pabellon,1.2606733062226717e-05
286,pabellones_promedio,4.598981884016832e-06
286,tasa_partos,0.035916014204144274
286,tasa_prematurez,0.3987802705674903
286,cv_estancia,0.2998981650493911
286,pct_estancia_larga,0.0013956894156674621
287,egresos_por_anio,0.09095258966684434
287,estancia_media,0.0003277042784261834
287,estancia_mediana,3.058893505784306e-05
287,peso_medio_grd,1.5305159882134967e-06
287,severidad_media,1.6605500639012634e-06
287,mortalidad_media,1.5305159882134967e-06
287,entropia_grd,0.03497913627936474
287,comorbilidades_promedio,0.0002646502105919895
287,tasa_cma,0.21330500421245324
287,peso_medio_cma,0.0002646502105919895
287,pct_pediatrico,1.6605500639012634e-06
287,pct_geriatrico,1.5305159882134967e-06
287,pct_femenino_fertil,1.4142141668064403e-05
287,edad_mediana,1.2326955447256025e-06
287,pct_urgencia,8.202839159483598e-05
287,pct_programada,0.0012478791935736483
287,pct_obstetrica_ingreso,0.0002051895926526012
287,pct_alta_domicilio,0.0002646502105919895
287,pct_alta_fallecido,0.00037365472110330317
287,pct_alta_traslado,0.13238611884029122
287,pct_origen_emergencia,0.039499997955441964
287,pct_origen_referencia,0.044160270029410094
287,pct_uso_pabellon,0.0008626245182809893
287,pabellones_promedio,0.001700551138201066
287,tasa_partos,0.0007301568249985399
287,tasa_prematurez,0.21330500421245324
287,cv_estancia,0.044160270029410094
287,pct_estancia_larga,0.00037365472110330317
288,egresos_por_anio,0.002941233783260522
288,estancia_media,0.001175006036568372
288,estancia_mediana,0.0005027575834470483
288,peso_medio_grd,1.866477994024876e-05
288,severidad_media,6.910245645334102e-05
288,mortalidad_media,0.001600497686539198
288,entropia_grd,0.19205870191399232
288,comorbilidades_promedio,0.06695173841540454
288,tasa_cma,0.3563563091154655
288,peso_medio_cma,0.0013777067973573822
288,pct_pediatrico,1.0479576752227874e-08
288,pct_geriatrico,3.7697853754958835e-07
288,pct_femenino_fertil,1.866477994024876e-05
288,edad_mediana,1.3589861142397565e-07
288,pct_urgencia,0.004369283363077697
288,pct_programada,0.0005027575834470483
288,pct_obstetrica_ingreso,6.910245645334102e-05
288,pct_alta_domicilio,0.001417469401013085
288,pct_alta_fallecido,6.910245645334102e-05
288,pct_alta_traslado,0.19100660144733528
288,pct_origen_emergencia,0.010751818733329083
288,pct_origen_referencia,0.010751818733329083
288,pct_uso_pabellon,0.00026900143137605493
288,pabellones_promedio,0.0002229192469545091
288,tasa_partos,0.00020319443660884575
288,tasa_prematurez,0.001417469401013085
288,cv_estancia,0.020508818619915586
288,pct_estancia_larga,0.000594437178424869
289,egresos_por_anio,0.18030581063284778
289,estancia_media,2.388146039752465e-05
289,estancia_mediana,0.00012245905005216104
289,peso_medio_grd,3.944604412859564e-05
289,severidad_media,4.376439205135435e-06
289,mortalidad_media,3.844454878816054e-05
289,entropia_grd,0.01600575319300774
289,comorbilidades_promedio,0.008115321042144196
289,tasa_cma,0.811918259354131
289,peso_medio_cma,0.015667451823014926
289,pct_pediatrico,1.8980022892113811e-06
289,pct_geriatrico,1.5502345707490814e-05
289,pct_femenino_fertil,2.816173353647908e-07
289,edad_mediana,4.6120807893170086e-05
289,pct_urgencia,4.095260325362478e-05
289,pct_programada,0.00018359763507038278
289,pct_obstetrica_ingreso,4.4307014454848533e-07
289,pct_alta_domicilio,0.00025863750743436
289,pct_alta_fallecido,2.1866213044050682e-06
289,pct_alta_traslado,0.015667451823014926
289,pct_origen_emergencia,0.0002818792071152404
289,pct_origen_referencia,6.501999034820172e-05
289,pct_uso_pabellon,0.0019709430795268475
289,pabellones_promedio,0.16444884193183867
289,tasa_partos,6.123348172148412e-07
289,tasa_prematurez,0.35861750293982014
289,cv_estancia,0.0036042909246041346
289,pct_estancia_larga,2.3282261857062484e-05
290,egresos_por_anio,0.4759214487278286
290,estancia_media,0.030551899668455004
290,estancia_mediana,0.05817415009329726
290,peso_medio_grd,4.042208342306882e-05
290,severidad_media,0.001496357381873478
290,mortalidad_media,0.05817415009329726
290,entropia_grd,0.09204812864108346
290,comorbilidades_promedio,0.011919608877433976
290,tasa_cma,0.19786008908728012
290,peso_medio_cma,0.0013072498068395259
290,pct_pediatrico,6.290194696755616e-08
290,pct_geriatrico,1.30306427126484e-06
290,pct_femenino_fertil,0.006053020643825075
290,edad_mediana,1.3645745861074028e-07
290,pct_urgencia,0.006825340785113015
290,pct_programada,7.324306752765878e-07
290,pct_obstetrica_ingreso,0.00339952034888046
290,pct_alta_domicilio,0.001496357381873478
290,pct_alta_fallecido,2.5715739721985205e-07
290,pct_alta_traslado,0.2613509405849995
290,pct_origen_emergencia,4.1587357108561493e-07
290,pct_origen_referencia,6.648299250347039e-05
290,pct_uso_pabellon,0.010970303029409652
290,pabellones_promedio,0.001496357381873478
290,tasa_partos,0.001496357381873478
290,tasa_prematurez,0.19786008908728012
290,cv_estancia,0.41969341699386276
290,pct_estancia_larga,0.0782469373837036
291,egresos_por_anio,0.4866159514638382
291,estancia_media,6.266439810484245e-05
291,estancia_mediana,6.646240524676461e-06
291,peso_medio_grd,2.7805846111298825e-05
291,severidad_media,0.03444566546774564
291,mortalidad_media,8.951498616791427e-05
291,entropia_grd,0.09553047610367821
291,comorbilidades_promedio,0.0007446499821198147
291,tasa_cma,0.0062950306491477625
291,peso_medio_cma,2.7805846111298825e-05
291,pct_pediatrico,2.7465462544681794e-08
291,pct_geriatrico,5.558357512806471e-09
291,pct_femenino_fertil,0.0003119673217795663
291,edad_mediana,1.1527765817368603e-08
291,pct_urgencia,0.001492288866392793
291,pct_programada,0.00018305738432634002
291,pct_obstetrica_ingreso,0.0014989954464155791
291,pct_alta_domicilio,1.792870138319862e-05
291,pct_alta_fallecido,2.7465462544681794e-08
291,pct_alta_traslado,0.006681559648901671
291,pct_origen_emergencia,0.002715819925480003
291,pct_origen_referencia,0.053214969858906336
291,pct_uso_pabellon,0.0005419586122240801
291,pabellones_promedio,0.0006105602105910205
291,tasa_partos,0.006681559648901671
291,tasa_prematurez,0.08495505739555656
291,cv_estancia,0.0014497459778293755
291,pct_estancia_larga,0.00015148424338068894
292,egresos_por_anio,0.06968812679659905
292,estancia_media,0.0016053840305196843
292,estancia_mediana,0.0001473765551971497
292,peso_medio_grd,0.0001223490756664932
292,severidad_media,0.0020056244436943665
292,mortalidad_media,7.695466285601913e-05
292,entropia_grd,0.08258835497183263
292,comorbilidades_promedio,0.0001223490756664932
292,tasa_cma,0.042058385950912075
292,peso_medio_cma,0.002658546457054434
292,pct_pediatrico,9.285599891427892e-08
292,pct_geriatrico,3.585250376574209e-08
292,pct_femenino_fertil,9.285599891427892e-08
292,edad_mediana,3.585250376574209e-08
292,pct_urgencia,0.6684266150729801
292,pct_programada,0.0019609072836386026
292,pct_obstetrica_ingreso,9.325778291667146e-08
292,pct_alta_domicilio,0.00010191866280128721
292,pct_alta_fallecido,0.0018501016582687703
292,pct_alta_traslado,0.0010981094996641223
292,pct_origen_emergencia,0.0015104675125288708
292,pct_origen_referencia,0.00018523701902096575
292,pct_uso_pabellon,0.16372133571863628
292,pabellones_promedio,0.030128441283892308
292,tasa_partos,9.325778291667146e-08
292,tasa_prematurez,0.007373737278725132
292,cv_estancia,0.030128441283892308
292,pct_estancia_larga,0.01139701128898598
293,egresos_por_anio,0.98577069103014
293,estancia_media,0.0037298662983552603
293,estancia_mediana,0.005249530517387475
293,peso_medio_grd,5.64664037356274e-06
293,severidad_media,0.0018614689333888465
293,mortalidad_media,0.008737521909984154
293,entropia_grd,0.48149523366956215
293,comorbilidades_promedio,0.0005318460497744087
293,tasa_cma,0.05798690257949987
293,peso_medio_cma,5.88839379992692e-05
293,pct_pediatrico,3.9994488403335234e-09
293,pct_geriatrico,7.169740401195783e-07
293,pct_femenino_fertil,1.222035525305944e-05
293,edad_mediana,4.540131286138257e-08
293,pct_urgencia,0.0047514753902411855
293,pct_programada,2.6633576071955438e-05
293,pct_obstetrica_ingreso,0.00017576704831807126
293,pct_alta_domicilio,0.004760313523637538
293,pct_alta_fallecido,0.00023140033707532226
293,pct_alta_traslado,0.12641134041769386
293,pct_origen_emergencia,0.0002362609151913023
293,pct_origen_referencia,0.020352417003642192
293,pct_uso_pabellon,0.0025876222267474914
293,pabellones_promedio,0.011726476229525013
293,tasa_partos,0.0047514753902411855
293,tasa_prematurez,0.742871987571383
293,cv_estancia,0.04080925089639114
293,pct_estancia_larga,0.02563343141562393
294,egresos_por_anio,0.11937526243627561
294,estancia_media,0.003391413126536714
294,estancia_mediana,0.006595328192381801
294,peso_medio_grd,1.1606469998903353e-06
294,severidad_media,0.010176414793580384
294,mortalidad_media,0.0024715028365521825
294,entropia_grd,0.12921554180769812
294,comorbilidades_promedio,0.0005686268037865685
294,tasa_cma,0.006595328192381801
294,peso_medio_cma,0.0023997576497021156
294,pct_pediatrico,1.7870800021068583e-07
294,pct_geriatrico,3.653055354457174e-08
294,pct_femenino_fertil,0.0002535997006181464
294,edad_mediana,1.1833842664008721e-08
294,pct_urgencia,0.0001707730723321941
294,pct_programada,6.978862190732912e-05
294,pct_obstetrica_ingreso,7.160552422712618e-05
294,pct_alta_domicilio,0.00017008931321355175
294,pct_alta_fallecido,7.160552422712618e-05
294,pct_alta_traslado,0.0014858835541190296
294,pct_origen_emergencia,0.0024715028365521825
294,pct_origen_referencia,0.03623080347917759
294,pct_uso_pabellon,0.00013538310626381195
294,pabellones_promedio,0.0002535997006181464
294,tasa_partos,0.0002317798637761097
294,tasa_prematurez,0.12921554180769812
294,cv_estancia,0.1742139535074783
294,pct_estancia_larga,0.0014858835541190296
295,egresos_por_anio,0.03800759648142771
295,estancia_media,0.022731108560993564
295,estancia_mediana,0.0022245796952202446
295,peso_medio_grd,0.011206678832394738
295,severidad_media,0.006015783843114517
295,mortalidad_media,0.007418248807737165
295,entropia_grd,0.0022245796952202446
295,comorbilidades_promedio,0.04265208739593932
295,tasa_cma,0.5955387523866138
295,peso_medio_cma,0.011735567917049296
295,pct_pediatrico,1.1213502930484771e-08
295,pct_geriatrico,1.2542473134299077e-08
295,pct_femenino_fertil,0.0018684030447433328
295,edad_mediana,1.0254920295700827e-08
295,pct_urgencia,0.16562186705253423
295,pct_programada,0.006015783843114517
295,pct_obstetrica_ingreso,0.003530201199963007
295,pct_alta_domicilio,0.01293778646426133
295,pct_alta_fallecido,3.0533078123524116e-05
295,pct_alta_traslado,0.01784229873186414
295,pct_origen_emergencia,0.04065258110410321
295,pct_origen_referencia,0.18774815333295064
295,pct_uso_pabellon,0.5783772671852608
295,pabellones_promedio,0.3567774034525624
295,tasa_partos,0.0004288524171882352
295,tasa_prematurez,0.020981333420293773
295,cv_estancia,0.44234003593927684
295,pct_estancia_larga,0.05580218556771386
296,egresos_por_anio,0.024877106715134926
296,estancia_media,0.0005755767119702705
296,estancia_mediana,0.0010300008543403644
296,peso_medio_grd,0.00010602705034385694
296,severidad_media,3.512779971894096e-07
296,mortalidad_media,6.438845469203654e-07
296,entropia_grd,0.3141987058990884
296,comorbilidades_promedio,7.031662023533489e-05
296,tasa_cma,0.5159947231710924
296,peso_medio_cma,0.00035887715767902474
296,pct_pediatrico,8.883954317019039e-08
296,pct_geriatrico,6.41354127389638e-06
296,pct_femenino_fertil,8.141776206934077e-08
296,edad_mediana,6.571901006740646e-07
296,pct_urgencia,0.12061822484230705
296,pct_programada,0.005970256505799698
296,pct_obstetrica_ingreso,6.571901006740646e-07
296,pct_alta_domicilio,4.7498033912238006e-05
296,pct_alta_fallecido,0.00014022673244399607
296,pct_alta_traslado,0.0018720234509006408
296,pct_origen_emergencia,0.03726351208929763
296,pct_origen_referencia,0.004392306768166034
296,pct_uso_pabellon,0.005139835310704114
296,pabellones_promedio,0.03506653728427426
296,tasa_partos,1.1588170425455752e-06
296,tasa_prematurez,0.03398886161044964
296,cv_estancia,0.024038804581216475
296,pct_estancia_larga,0.0016582739557634701
297,egresos_por_anio,0.08110715097570116
297,estancia_media,1.8602387405638297e-06
297,estancia_mediana,1.2689904768217558e-05
297,peso_medio_grd,1.9479571764416624e-06
297,severidad_media,0.0024134094422223304
297,mortalidad_media,0.0003130096865300101
297,entropia_grd,0.024824426558533633
297,comorbilidades_promedio,7.811968353689099e-05
297,tasa_cma,0.20039135548866022
297,peso_medio_cma,0.00022593691907313182
297,pct_pediatrico,1.184624946107043e-07
297,pct_geriatrico,1.7814795024451032e-07
297,pct_femenino_fertil,0.00026707701239679063
297,edad_mediana,6.768175402577078e-08
297,pct_urgencia,0.00039413792109463754
297,pct_programada,8.389436313730102e-07
297,pct_obstetrica_ingreso,0.00021717159632365148
297,pct_alta_domicilio,2.7120014440980604e-06
297,pct_alta_fallecido,1.8602387405638297e-06
297,pct_alta_traslado,0.0034344882568738753
297,pct_origen_emergencia,7.811968353689099e-05
297,pct_origen_referencia,0.0035474376288290583
297,pct_uso_pabellon,0.31516449804715857
297,pabellones_promedio,0.07395647097101896
297,tasa_partos,0.0001505767732191505
297,tasa_prematurez,0.3150737613606249
297,cv_estancia,0.001412825904712723
297,pct_estancia_larga,2.7120014440980604e-06
298,egresos_por_anio,0.24790957541463315
298,estancia_media,0.000935989033846931
298,estancia_mediana,0.0003232967260953562
298,peso_medio_grd,2.5084650368579745e-06
298,severidad_media,8.306897826424755e-05
298,mortalidad_media,0.0013377520585814023
298,entropia_grd,0.08996635138095314
298,comorbilidades_promedio,0.06465621997575116
298,tasa_cma,0.6913755721935722
298,peso_medio_cma,0.03349665292124939
298,pct_pediatrico,1.9584016644966322e-07
298,pct_geriatrico,6.798121417587151e-06
298,pct_femenino_fertil,7.485657422426212e-07
298,edad_mediana,1.8075873519770032e-06
298,pct_urgencia,0.005334894187757457
298,pct_programada,2.5084650368579745e-06
298,pct_obstetrica_ingreso,1.8075873519770032e-06
298,pct_alta_domicilio,0.0037607562028874396
298,pct_alta_fallecido,0.003796187789317786
298,pct_alta_traslado,0.1895300192245696
298,pct_origen_emergencia,8.80936090039494e-06
298,pct_origen_referencia,0.003796187789317786
298,pct_uso_pabellon,0.005830516133452025
298,pabellones_promedio,0.0018774514472576474
298,tasa_partos,2.5084650368579745e-06
298,tasa_prematurez,0.2677408078733895
298,cv_estancia,0.786062859990065
298,pct_estancia_larga,0.0029209811008102365
299,egresos_por_anio,0.21896930506904805
299,estancia_media,0.03258332646303369
299,estancia_mediana,0.006098758886457104
299,peso_medio_grd,2.3274565015506568e-06
299,severidad_media,0.08077486052605135
299,mortalidad_media,0.0003377857690330862
299,entropia_grd,0.2580539573477493
299,comorbilidades_promedio,0.001230244818319004
299,tasa_cma,0.001614733431416843
299,peso_medio_cma,0.03562737788070945
299,pct_pediatrico,1.0797326553128314e-07
299,pct_geriatrico,1.9188516339224067e-07
299,pct_femenino_fertil,1.013963799804463e-06
299,edad_mediana,1.0797326553128314e-07
299,pct_urgencia,0.0018647313113359571
299,pct_programada,2.1345562199395093e-05
299,pct_obstetrica_ingreso,1.068892309158972e-06
299,pct_alta_domicilio,6.039171092992511e-06
299,pct_alta_fallecido,4.684446010052618e-05
299,pct_alta_traslado,0.0002320399662699889
299,pct_origen_emergencia,0.03225442414296134
299,pct_origen_referencia,0.831511973733864
299,pct_uso_pabellon,5.762156033152504e-05
299,pabellones_promedio,2.752362559132467e-05
299,tasa_partos,2.9529899564150596e-06
299,tasa_prematurez,0.001614733431416843
299,cv_estancia,0.03562737788070945
299,pct_estancia_larga,0.10842043201029276
300,egresos_por_anio,0.09245158583319109
300,estancia_media,0.1049353097052927
300,estancia_mediana,0.02768735739510499
300,peso_medio_grd,0.0008401063699444854
300,severidad_media,0.002495372748310814
300,mortalidad_media,6.199851030742175e-05
300,entropia_grd,0.0019570681185807778
300,comorbilidades_promedio,0.053150334079718524
300,tasa_cma,0.0008727210153630865
300,peso_medio_cma,0.30693010552074673
300,pct_pediatrico,3.3201473898397176e-06
300,pct_geriatrico,1.2542514062413964e-05
300,pct_femenino_fertil,8.984732680329237e-07
300,edad_mediana,5.2069666147610095e-05
300,pct_urgencia,0.0004812957553815042
300,pct_programada,0.0016049625850856686
300,pct_obstetrica_ingreso,4.212835600328654e-06
300,pct_alta_domicilio,6.199851030742175e-05
300,pct_alta_fallecido,0.009174183837048207
300,pct_alta_traslado,0.0016049625850856686
300,pct_origen_emergencia,0.06853656112604796
300,pct_origen_referencia,0.02511578379635317
300,pct_uso_pabellon,6.199851030742175e-05
300,pabellones_promedio,0.0016049625850856686
300,tasa_partos,4.212835600328654e-06
300,tasa_prematurez,0.0886722481308327
300,cv_estancia,0.022893228246901633
300,pct_estancia_larga,0.15857682094140454
301,egresos_por_anio,0.43913551229404213
301,estancia_media,0.019721378429345786
301,estancia_mediana,0.019721378429345786
301,peso_medio_grd,0.00013552211526917415
301,severidad_media,0.0024510242853411526
301,mortalidad_media,0.010186856141176927
301,entropia_grd,0.03886389481843456
301,comorbilidades_promedio,0.04629119266051736
301,tasa_cma,0.35250096622989524
301,peso_medio_cma,7.535695752814219e-05
301,pct_pediatrico,2.064341638469209e-10
301,pct_geriatrico,2.5952953362583235e-08
301,pct_femenino_fertil,1.0474055635770457e-07
301,edad_mediana,3.1540388462839337e-09
301,pct_urgencia,0.024253973896311395
301,pct_programada,5.6733651587319406e-05
301,pct_obstetrica_ingreso,5.753656790029215e-05
301,pct_alta_domicilio,0.0024510242853411526
301,pct_alta_fallecido,3.6096017329593575e-07
301,pct_alta_traslado,0.6424245068814358
301,pct_origen_emergencia,0.001478008462213621
301,pct_origen_referencia,0.04954456789192927
301,pct_uso_pabellon,0.20765670758378316
301,pabellones_promedio,0.5901219169089104
301,tasa_partos,0.001108261997939396
301,tasa_prematurez,0.3576928781965394
301,cv_estancia,0.23737903615533848
301,pct_estancia_larga,0.02669015372544373
302,egresos_por_anio,0.19012479772978755
302,estancia_media,0.002063718520677651
302,estancia_mediana,0.0007321048010929859
302,peso_medio_grd,2.6404589647673444e-05
302,severidad_media,0.11177396111878214
302,mortalidad_media,0.04632823770822959
302,entropia_grd,0.017082689420478803
302,comorbilidades_promedio,1.3758983673585885e-05
302,tasa_cma,0.002063718520677651
302,peso_medio_cma,0.006700351350225789
302,pct_pediatrico,3.505281715635805e-08
302,pct_geriatrico,1.3312295310334705e-08
302,pct_femenino_fertil,0.006823609217217662
302,edad_mediana,1.3312295310334705e-08
302,pct_urgencia,0.002327799666072254
302,pct_programada,1.2238214837812464e-06
302,pct_obstetrica_ingreso,0.006700351350225789
302,pct_alta_domicilio,1.2238214837812464e-06
302,pct_alta_fallecido,2.8174204579664636e-06
302,pct_alta_traslado,0.002063718520677651
302,pct_origen_emergencia,4.985407366252294e-06
302,pct_origen_referencia,0.002063718520677651
302,pct_uso_pabellon,2.6404589647673444e-05
302,pabellones_promedio,4.0159053475789904e-05
302,tasa_partos,0.03281754866149294
302,tasa_prematurez,0.11177396111878214
302,cv_estancia,0.008655517765732913
302,pct_estancia_larga,0.006823609217217662
303,egresos_por_anio,0.3221079740726956
303,estancia_media,0.0060361955227694
303,estancia_mediana,0.0005156085977435963
303,peso_medio_grd,0.0004974416071492628
303,severidad_media,0.0002628638911467226
303,mortalidad_media,8.352254650280181e-05
303,entropia_grd,0.12952893424090897
303,comorbilidades_promedio,0.02346382638774577
303,tasa_cma,0.28697381622737655
303,peso_medio_cma,9.754681054247592e-05
303,pct_pediatrico,2.7301209805857505e-07
303,pct_geriatrico,1.3503222026172739e-05
303,pct_femenino_fertil,1.7976994735642468e-07
303,edad_mediana,7.296492087298572e-06
303,pct_urgencia,0.002509438616673293
303,pct_programada,0.0002628638911467226
303,pct_obstetrica_ingreso,5.86305716400711e-07
303,pct_alta_domicilio,0.0004297217730173492
303,pct_alta_fallecido,8.352254650280181e-05
303,pct_alta_traslado,0.030001295548369045
303,pct_origen_emergencia,0.0005156085977435963
303,pct_origen_referencia,0.0029543544418264628
303,pct_uso_pabellon,0.019412418800295542
303,pabellones_promedio,0.05604018546762603
303,tasa_partos,3.871523795320606e-06
303,tasa_prematurez,0.004652613900273793
303,cv_estancia,0.0016139610421590483
303,pct_estancia_larga,0.07308372168291774
304,egresos_por_anio,0.8074658300269855
304,estancia_media,0.00041500823868708206
304,estancia_mediana,1.409952649107775e-05
304,peso_medio_grd,6.115719817770186e-06
304,severidad_media,0.00011276434878259068
304,mortalidad_media,0.0001408919950240626
304,entropia_grd,0.15441970906723387
304,comorbilidades_promedio,0.0021332999912303577
304,tasa_cma,0.037741157237770225
304,peso_medio_cma,0.00047486632793178877
304,pct_pediatrico,1.8698593094354377e-09
304,pct_geriatrico,9.237178397806538e-09
304,pct_femenino_fertil,1.5863659630384455e-07
304,edad_mediana,3.413516992739594e-09
304,pct_urgencia,0.06323860383425083
304,pct_programada,0.0028119966484073462
304,pct_obstetrica_ingreso,4.953862660736443e-07
304,pct_alta_domicilio,0.014729801616834438
304,pct_alta_fallecido,4.422361866546113e-06
304,pct_alta_traslado,0.22821548838212433
304,pct_origen_emergencia,0.07622188524537349
304,pct_origen_referencia,0.06323860383425083
304,pct_uso_pabellon,0.02301961980284854
304,pabellones_promedio,0.027616361722885244
304,tasa_partos,4.188358603259444e-06
304,tasa_prematurez,0.2912827466138163
304,cv_estancia,0.0007333943956136386
304,pct_estancia_larga,0.0021332999912303577
305,egresos_por_anio,0.575573967718238
305,estancia_media,8.01114582434443e-06
305,estancia_mediana,1.376945407305607e-06
305,peso_medio_grd,0.0004918185464838056
305,severidad_media,0.0005349013773230423
305,mortalidad_media,3.015489804804885e-05
305,entropia_grd,0.0013502793581738055
305,comorbilidades_promedio,0.012400437473626569
305,tasa_cma,0.638100813150368
305,peso_medio_cma,0.016704063800316322
305,pct_pediatrico,1.5336626067582393e-08
305,pct_geriatrico,1.222450382398115e-09
305,pct_femenino_fertil,1.0138446492482188e-06
305,edad_mediana,1.222450382398115e-09
305,pct_urgencia,0.13685099007034052
305,pct_programada,0.001970567511835095
305,pct_obstetrica_ingreso,1.0138446492482188e-06
305,pct_alta_domicilio,0.0003479168183815019
305,pct_alta_fallecido,1.0259480336655274e-05
305,pct_alta_traslado,0.0027811996134981323
305,pct_origen_emergencia,0.00019087434128387519
305,pct_origen_referencia,0.000156693816076661
305,pct_uso_pabellon,0.03873203565708937
305,pabellones_promedio,0.3161655773210038
305,tasa_partos,6.144257307938217e-06
305,tasa_prematurez,0.0787683736040673
305,cv_estancia,0.003421744014077658
305,pct_estancia_larga,0.00028032002075439725
306,egresos_por_anio,0.05645379577508643
306,estancia_media,0.00028119914930481405
306,estancia_mediana,0.0008460656882890457
306,peso_medio_grd,2.7075396475239576e-05
306,severidad_media,0.0036294524570225713
306,mortalidad_media,0.0009881284756988137
306,entropia_grd,7.774075438043952e-05
306,comorbilidades_promedio,0.0009881284756988137
306,tasa_cma,0.0028188261213004224
306,peso_medio_cma,0.009517761149154844
306,pct_pediatrico,1.0055484907983725e-07
306,pct_geriatrico,1.7527989587692086e-07
306,pct_femenino_fertil,2.3563443036173528e-05
306,edad_mediana,1.0055484907983725e-07
306,pct_urgencia,0.7812881824382532
306,pct_programada,0.001836961309522515
306,pct_obstetrica_ingreso,1.1918556296200306e-05
306,pct_alta_domicilio,0.0012999743772586511
306,pct_alta_fallecido,3.545352141023053e-05
306,pct_alta_traslado,0.41972618190923966
306,pct_origen_emergencia,0.0028703006697713917
306,pct_origen_referencia,0.01490254383807353
306,pct_uso_pabellon,0.10905794667234786
306,pabellones_promedio,0.03594698176329106
306,tasa_partos,7.774075438043952e-05
306,tasa_prematurez,0.0028188261213004224
306,cv_estancia,0.0010986287661606691
306,pct_estancia_larga,0.0010325870816624836
307,egresos_por_anio,0.9751937821675503
307,estancia_media,4.0182482105434454e-05
307,estancia_mediana,4.0182482105434454e-05
307,peso_medio_grd,5.291448047121884e-07
307,severidad_media,0.002406616589262883
307,mortalidad_media,4.0182482105434454e-05
307,entropia_grd,0.018374515492511862
307,comorbilidades_promedio,0.0005408796487842948
307,tasa_cma,0.0037744027220725992
307,peso_medio_cma,0.00016006760874778993
307,pct_pediatrico,2.1469906764683942e-07
307,pct_geriatrico,1.7264835324114558e-07
307,pct_femenino_fertil,0.0006133454890559926
307,edad_mediana,1.7264835324114558e-07
307,pct_urgencia,0.0002187153165155925
307,pct_programada,1.655619759084483e-06
307,pct_obstetrica_ingreso,0.0019216571261573207
307,pct_alta_domicilio,1.2868070549388554e-06
307,pct_alta_fallecido,1.7264835324114558e-07
307,pct_alta_traslado,0.017155149048399227
307,pct_origen_emergencia,8.081806384191801e-05
307,pct_origen_referencia,0.0016779666303622788
307,pct_uso_pabellon,1.6913205180509762e-06
307,pabellones_promedio,2.106440300753846e-06
307,tasa_partos,0.018374515492511862
307,tasa_prematurez,0.1257792675146653
307,cv_estancia,0.002406616589262883
307,pct_estancia_larga,4.591150283648314e-05
308,egresos_por_anio,0.19884250622679395
308,estancia_media,0.000547965297385759
308,estancia_mediana,0.0004182430735870916
308,peso_medio_grd,0.00028823079114797113
308,severidad_media,0.2280039503369667
308,mortalidad_media,0.21773029204512465
308,entropia_grd,0.21773029204512465
308,comorbilidades_promedio,0.000547965297385759
308,tasa_cma,0.4700795604387413
308,peso_medio_cma,7.222949831149798e-05
308,pct_pediatrico,7.690023446308667e-09
308,pct_geriatrico,1.188566881332908e-08
308,pct_femenino_fertil,0.00028823079114797113
308,edad_mediana,1.8043700074161665e-08
308,pct_urgencia,0.02621205803338279
308,pct_programada,5.848830447240557e-05
308,pct_obstetrica_ingreso,0.0012405351857290446
308,pct_alta_domicilio,0.000547965297385759
308,pct_alta_fallecido,1.8043700074161665e-08
308,pct_alta_traslado,0.5004951124447261
308,pct_origen_emergencia,0.0006940680622674003
308,pct_origen_referencia,0.19884250622679395
308,pct_uso_pabellon,0.012598481603412776
308,pabellones_promedio,0.1273908285769648
308,tasa_partos,0.00043512013787590947
308,tasa_prematurez,0.348592868136571
308,cv_estancia,0.002127153667389119
308,pct_estancia_larga,0.0007378355395533292
309,egresos_por_anio,0.017034743431493117
309,estancia_media,0.7558576640068317
309,estancia_mediana,0.23130662572780403
309,peso_medio_grd,0.017034743431493117
309,severidad_media,0.0305439585929038
309,mortalidad_media,0.04176653661251951
309,entropia_grd,0.03111726409903723
309,comorbilidades_promedio,0.0022459120038140997
309,tasa_cma,0.06595358468554051
309,peso_medio_cma,0.5614285606821674
309,pct_pediatrico,1.0201524830902179e-07
309,pct_geriatrico,6.668321174574886e-05
309,pct_femenino_fertil,0.00037542147861182224
309,edad_mediana,9.328378204059417e-06
309,pct_urgencia,5.393312367842302e-05
309,pct_programada,6.668321174574886e-05
309,pct_obstetrica_ingreso,0.005149435362604501
309,pct_alta_domicilio,0.028486763150913554
309,pct_alta_fallecido,0.0305439585929038
309,pct_alta_traslado,0.07221364157610662
309,pct_origen_emergencia,6.668321174574886e-05
309,pct_origen_referencia,0.0006250462083932294
309,pct_uso_pabellon,0.0027435350002892357
309,pabellones_promedio,0.0017609279954750171
309,tasa_partos,0.0027714330779424
309,tasa_prematurez,0.015124839285464913
309,cv_estancia,0.07221364157610662
309,pct_estancia_larga,0.841526420338599
310,egresos_por_anio,0.09583913751541705
310,estancia_media,0.02712076854512671
310,estancia_mediana,0.00038578301763547663
310,peso_medio_grd,0.015480216170819362
310,severidad_media,0.001058277313521544
310,mortalidad_media,0.00015577856663310822
310,entropia_grd,0.018921951079507695
310,comorbilidades_promedio,0.0022125696892250366
310,tasa_cma,0.3963038160730722
310,peso_medio_cma,0.002625015256731225
310,pct_pediatrico,8.660088150016873e-09
310,pct_geriatrico,3.892160973372001e-08
310,pct_femenino_fertil,3.1615164593221425e-05
310,edad_mediana,8.660088150016873e-09
310,pct_urgencia,2.4935919633690153e-07
310,pct_programada,3.1615164593221425e-05
310,pct_obstetrica_ingreso,0.000800929902397866
310,pct_alta_domicilio,2.8626494284237803e-07
310,pct_alta_fallecido,3.1615164593221425e-05
310,pct_alta_traslado,0.0002774479652827532
310,pct_origen_emergencia,0.02324420742033163
310,pct_origen_referencia,0.00444293664495548
310,pct_uso_pabellon,4.289261494439243e-05
310,pabellones_promedio,0.005082954881176278
310,tasa_partos,0.0005525235994154321
310,tasa_prematurez,0.340449073070115
310,cv_estancia,0.02712076854512671
310,pct_estancia_larga,0.11148490242410918
311,egresos_por_anio,0.08381632068423356
311,estancia_media,0.02773507799751706
311,estancia_mediana,0.0015522423427860369
311,peso_medio_grd,6.0678707493232684e-05
311,severidad_media,1.0525242724174149e-05
311,mortalidad_media,0.0001160981469992976
311,entropia_grd,0.003467604511618177
311,comorbilidades_promedio,1.759053814835667e-05
311,tasa_cma,0.006468352393258797
311,peso_medio_cma,3.532972242906983e-05
311,pct_pediatrico,2.043576412495392e-06
311,pct_geriatrico,5.649302918136478e-06
311,pct_femenino_fertil,8.536228309250487e-08
311,edad_mediana,5.649302918136478e-06
311,pct_urgencia,0.0025054798916882386
311,pct_programada,3.679068551824592e-06
311,pct_obstetrica_ingreso,8.536228309250487e-08
311,pct_alta_domicilio,5.649302918136478e-06
311,pct_alta_fallecido,0.0006294612714200103
311,pct_alta_traslado,0.007658868413103852
311,pct_origen_emergencia,0.0025054798916882386
311,pct_origen_referencia,0.004109413925308321
311,pct_uso_pabellon,0.007658868413103852
311,pabellones_promedio,0.36718981745401313
311,tasa_partos,8.536228309250487e-08
311,tasa_prematurez,0.030561797758585092
311,cv_estancia,0.012259410842330802
311,pct_estancia_larga,0.04372985644704565
312,egresos_por_anio,0.19356651655363924
312,estancia_media,0.0014028351341751693
312,estancia_mediana,7.230727106963818e-05
312,peso_medio_grd,5.424982559735827e-06
312,severidad_media,2.3826302067524978e-07
312,mortalidad_media,4.919580953835747e-07
312,entropia_grd,0.03277650770407428
312,comorbilidades_promedio,1.3249152102685117e-06
312,tasa_cma,0.009674266817283424
312,peso_medio_cma,0.0014028351341751693
312,pct_pediatrico,2.497696705930049e-08
312,pct_geriatrico,1.9185910807610934e-08
312,pct_femenino_fertil,2.497696705930049e-08
312,edad_mediana,1.9185910807610934e-08
312,pct_urgencia,0.021043760875780824
312,pct_programada,2.7061011966679523e-05
312,pct_obstetrica_ingreso,3.0840212573905e-08
312,pct_alta_domicilio,0.00039711771998274833
312,pct_alta_fallecido,0.0002126248493884328
312,pct_alta_traslado,0.1364153084459826
312,pct_origen_emergencia,0.0009069593982077471
312,pct_origen_referencia,0.03485469532342958
312,pct_uso_pabellon,0.008228161018569052
312,pabellones_promedio,0.013324829857560455
312,tasa_partos,1.7763715333327423e-06
312,tasa_prematurez,0.04851586319813152
312,cv_estancia,0.10150365986405287
312,pct_estancia_larga,0.0011662597255583074
313,egresos_por_anio,0.023054944550762138
313,estancia_media,0.046651834173879234
313,estancia_mediana,0.05280157579723707
313,peso_medio_grd,3.0997284763490412e-06
313,severidad_media,0.004976281399230606
313,mortalidad_media,0.0028918813785367486
313,entropia_grd,0.05373262808205791
313,comorbilidades_promedio,0.0007508182476897622
313,tasa_cma,0.0015768305739530227
313,peso_medio_cma,0.0009168284069319782
313,pct_pediatrico,3.0997284763490412e-06
313,pct_geriatrico,5.210821906231553e-06
313,pct_femenino_fertil,1.0286193216384335e-05
313,edad_mediana,3.0997284763490412e-06
313,pct_urgencia,0.0013259049973021238
313,pct_programada,8.383490139583318e-08
313,pct_obstetrica_ingreso,4.544153332415713e-06
313,pct_alta_domicilio,0.020402909615797167
313,pct_alta_fallecido,0.008683205573916643
313,pct_alta_traslado,0.023054944550762138
313,pct_origen_emergencia,4.544153332415713e-06
313,pct_origen_referencia,0.0007508182476897622
313,pct_uso_pabellon,0.008683205573916643
313,pabellones_promedio,0.005157959183405334
313,tasa_partos,9.503577452050063e-06
313,tasa_prematurez,0.0007508182476897622
313,cv_estancia,0.6404122017884992
313,pct_estancia_larga,0.17248699475044788
314,egresos_por_anio,0.0029029959626623598
314,estancia_media,0.00038397911685308906
314,estancia_mediana,2.3723684937085317e-05
314,peso_medio_grd,0.04607260929319761
314,severidad_media,0.00038397911685308906
314,mortalidad_media,3.1231565078555725e-05
314,entropia_grd,0.0004864866188741234
314,comorbilidades_promedio,9.616735760716823e-05
314,tasa_cma,0.07362949661078945
314,peso_medio_cma,0.015231575420247168
314,pct_pediatrico,0.00038397911685308906
314,pct_geriatrico,3.6950487619999583e-06
314,pct_femenino_fertil,0.003143243866525071
314,edad_mediana,3.6950487619999583e-06
314,pct_urgencia,3.1231565078555725e-05
314,pct_programada,8.711602224264795e-05
314,pct_obstetrica_ingreso,0.003647900415837408
314,pct_alta_domicilio,2.3723684937085317e-05
314,pct_alta_fallecido,0.0002696692208908633
314,pct_alta_traslado,0.002388950242815178
314,pct_origen_emergencia,0.00022664743388903943
314,pct_origen_referencia,2.0153473136221518e-05
314,pct_uso_pabellon,0.00038397911685308906
314,pabellones_promedio,0.0037272399837448202
314,tasa_partos,0.00038397911685308906
314,tasa_prematurez,0.015231575420247168
314,cv_estancia,0.160950893540432
314,pct_estancia_larga,0.0010009332857549482
315,egresos_por_anio,0.03202267588792291
315,estancia_media,0.3443202823825574
315,estancia_mediana,0.07336296265220217
315,peso_medio_grd,0.0002138562782589293
315,severidad_media,0.4661276874726318
315,mortalidad_media,0.9106593594041281
315,entropia_grd,0.02510138117571308
315,comorbilidades_promedio,0.10846381510538748
315,tasa_cma,0.024453435820138217
315,peso_medio_cma,0.10800778528783725
315,pct_pediatrico,3.702541871684275e-08
315,pct_geriatrico,3.0264860455689387e-07
315,pct_femenino_fertil,0.004054903117371136
315,edad_mediana,8.727380628349114e-08
315,pct_urgencia,0.0004520929549189922
315,pct_programada,1.123957597677959e-06
315,pct_obstetrica_ingreso,0.012693754319900665
315,pct_alta_domicilio,9.002084334289189e-06
315,pct_alta_fallecido,3.3489095747759453e-06
315,pct_alta_traslado,0.0034117457479805606
315,pct_origen_emergencia,3.3489095747759453e-06
315,pct_origen_referencia,0.002986768874432165
315,pct_uso_pabellon,0.01187754781383415
315,pabellones_promedio,0.043963644305938396
315,tasa_partos,0.017232874374783092
315,tasa_prematurez,0.3116865705280042
315,cv_estancia,0.015594966691404899
315,pct_estancia_larga,0.26023641556754434
316,egresos_por_anio,0.16517599577765038
316,estancia_media,0.001781018037022525
316,estancia_mediana,0.000566498950025804
316,peso_medio_grd,5.675587477323153e-07
316,severidad_media,8.043187741203215e-05
316,mortalidad_media,0.00023722788173666302
316,entropia_grd,0.008198293826594084
316,comorbilidades_promedio,0.03727861704484814
316,tasa_cma,0.0017680933601266092
316,peso_medio_cma,0.00401165277238292
316,pct_pediatrico,2.335260337225544e-07
316,pct_geriatrico,2.7536105578757543e-07
316,pct_femenino_fertil,0.000487112947584891
316,edad_mediana,7.956199564631417e-08
316,pct_urgencia,3.100821098216926e-05
316,pct_programada,4.7343269723951465e-06
316,pct_obstetrica_ingreso,0.0008473834344859319
316,pct_alta_domicilio,1.1782706226461322e-05
316,pct_alta_fallecido,0.00023722788173666302
316,pct_alta_traslado,0.0006543457489596381
316,pct_origen_emergencia,0.0005487679559681651
316,pct_origen_referencia,0.019784336973634985
316,pct_uso_pabellon,1.8882732962285223e-05
316,pabellones_promedio,2.7536105578757543e-07
316,tasa_partos,0.001263198194145724
316,tasa_prematurez,0.6261444855798635
316,cv_estancia,0.0005623895471209481
316,pct_estancia_larga,0.0008473834344859319
317,egresos_por_anio,0.09531117454945805
317,estancia_media,0.03873016400536955
317,estancia_mediana,0.002286346849460685
317,peso_medio_grd,0.008283534454605113
317,severidad_media,0.0007712307658184447
317,mortalidad_media,0.0003724163394326513
317,entropia_grd,0.021145530932304545
317,comorbilidades_promedio,0.00029292737341209325
317,tasa_cma,0.2673622290140238
317,peso_medio_cma,0.012852010895877
317,pct_pediatrico,4.974528634692557e-07
317,pct_geriatrico,1.881784988343305e-07
317,pct_femenino_fertil,2.7121193336425906e-05
317,edad_mediana,1.881784988343305e-07
317,pct_urgencia,0.022408862687107574
317,pct_programada,0.1874665847818452
317,pct_obstetrica_ingreso,3.7556244279984184e-05
317,pct_alta_domicilio,1.1379152752062813e-05
317,pct_alta_fallecido,3.908542145447036e-05
317,pct_alta_traslado,0.0011915846162131741
317,pct_origen_emergencia,0.03633509972052726
317,pct_origen_referencia,3.908542145447036e-05
317,pct_uso_pabellon,0.042121276466440136
317,pabellones_promedio,0.06438491734121936
317,tasa_partos,2.9355157818543345e-05
317,tasa_prematurez,0.07735504983409112
317,cv_estancia,0.021145530932304545
317,pct_estancia_larga,0.09393366479963458
318,egresos_por_anio,0.07919709663024797
318,estancia_media,0.00024699242113260895
318,estancia_mediana,0.0007295880256317571
318,peso_medio_grd,3.5874445591738463e-05
318,severidad_media,0.0007295880256317571
318,mortalidad_media,0.00014322993028777678
318,entropia_grd,0.12440654666308543
318,comorbilidades_promedio,0.0009117318106661196
318,tasa_cma,0.9830479479443915
318,peso_medio_cma,0.04072823532232973
318,pct_pediatrico,1.9465104967826524e-06
318,pct_geriatrico,1.8025518092390468e-06
318,pct_femenino_fertil,6.265469104657289e-07
318,edad_mediana,2.7612733835148205e-06
318,pct_urgencia,0.03705744994075108
318,pct_programada,3.601482799501384e-05
318,pct_obstetrica_ingreso,1.8025518092390468e-06
318,pct_alta_domicilio,0.002300626617262557
318,pct_alta_fallecido,1.717683102916658e-06
318,pct_alta_traslado,0.030074598882050118
318,pct_origen_emergencia,0.00024136777431747695
318,pct_origen_referencia,0.004201159815696989
318,pct_uso_pabellon,0.31860187669996254
318,pabellones_promedio,0.34799277836826914
318,tasa_partos,1.110045890351012e-05
318,tasa_prematurez,0.030074598882050118
318,cv_estancia,0.07919709663024797
318,pct_estancia_larga,0.00031007776332249914
319,egresos_por_anio,0.12075137091209359
319,estancia_media,0.6377531133989492
319,estancia_mediana,0.0602510654286301
319,peso_medio_grd,0.004111002996557096
319,severidad_media,0.0439837154174711
319,mortalidad_media,0.0602510654286301
319,entropia_grd,0.00019217339003045825
319,comorbilidades_promedio,0.08468424729685654
319,tasa_cma,0.001780809886971535
319,peso_medio_cma,0.004111002996557096
319,pct_pediatrico,2.862437647050388e-09
319,pct_geriatrico,2.5008177165017257e-06
319,pct_femenino_fertil,6.730089626775765e-06
319,edad_mediana,8.11700540989241e-07
319,pct_urgencia,0.00018265635579181266
319,pct_programada,5.470587228780669e-07
319,pct_obstetrica_ingreso,0.00019316843317092008
319,pct_alta_domicilio,0.00011996612563567909
319,pct_alta_fallecido,1.4709740112525791e-06
319,pct_alta_traslado,0.004111002996557096
319,pct_origen_emergencia,5.0159412348831226e-05
319,pct_origen_referencia,0.0009242790654386421
319,pct_uso_pabellon,0.0602510654286301
319,pabellones_promedio,0.13978155514562418
319,tasa_partos,0.0005838547135206585
319,tasa_prematurez,0.4403272453820033
319,cv_estancia,0.028684960699323747
319,pct_estancia_larga,0.8813509699498897
320,egresos_por_anio,0.4358206683257423
320,estancia_media,1.4493664814410503e-05
320,estancia_mediana,3.257571333120522e-06
320,peso_medio_grd,1.432037883286086e-05
320,severidad_media,0.0012834503621536883
320,mortalidad_media,0.00012940697458187653
320,entropia_grd,0.13880004335483295
320,comorbilidades_promedio,2.460364389075557e-05
320,tasa_cma,0.783613284816924
320,peso_medio_cma,0.009821762489569617
320,pct_pediatrico,3.498564814688597e-09
320,pct_geriatrico,9.096432092914384e-09
320,pct_femenino_fertil,6.678013581700563e-06
320,edad_mediana,3.3311686680618776e-09
320,pct_urgencia,0.4622693174324129
320,pct_programada,0.1105458392902975
320,pct_obstetrica_ingreso,5.310508006049771e-05
320,pct_alta_domicilio,0.0014843256897945217
320,pct_alta_fallecido,4.577323112321828e-06
320,pct_alta_traslado,0.1105458392902975
320,pct_origen_emergencia,0.03577192378770823
320,pct_origen_referencia,0.008448571789670074
320,pct_uso_pabellon,0.19001379274589894
320,pabellones_promedio,0.14538986209326044
320,tasa_partos,2.6907284603311677e-05
320,tasa_prematurez,0.24739428798106128
320,cv_estancia,0.024703584200416503
320,pct_estancia_larga,2.874609918886391e-05
321,egresos_por_anio,0.031151946942126037
321,estancia_media,0.0013949230004393907
321,estancia_mediana,6.599453946601902e-05
321,peso_medio_grd,6.599453946601902e-05
321,severidad_media,0.09401183692649107
321,mortalidad_media,0.0067418202523848786
321,entropia_grd,0.0002378678889339595
321,comorbilidades_promedio,0.0016067815107423048
321,tasa_cma,0.22440071474549755
321,peso_medio_cma,0.004918809126900719
321,pct_pediatrico,4.091612230887148e-08
321,pct_geriatrico,4.314109583663651e-09
321,pct_femenino_fertil,0.0004518636247433712
321,edad_mediana,4.4637220015539524e-09
321,pct_urgencia,0.04123637574673921
321,pct_programada,1.5184006792577266e-05
321,pct_obstetrica_ingreso,9.25471186066492e-05
321,pct_alta_domicilio,0.00014253055743905618
321,pct_alta_fallecido,1.8260629479807768e-06
321,pct_alta_traslado,0.33353923001130703
321,pct_origen_emergencia,0.00014253055743905618
321,pct_origen_referencia,0.00021489657708008414
321,pct_uso_pabellon,0.22352883829415832
321,pabellones_promedio,0.023307280635861738
321,tasa_partos,6.599453946601902e-05
321,tasa_prematurez,0.04123637574673921
321,cv_estancia,0.00014253055743905618
321,pct_estancia_larga,0.007244378939094435
322,egresos_por_anio,0.7824774330670236
322,estancia_media,0.005789462746641208
322,estancia_mediana,0.0006409370926998428
322,peso_medio_grd,0.0005714838019252621
322,severidad_media,0.056488401730286804
322,mortalidad_media,0.09295569378665745
322,entropia_grd,0.013875977288862681
322,comorbilidades_promedio,0.004211527496179725
322,tasa_cma,0.02743447097560958
322,peso_medio_cma,3.696061492146263e-05
322,pct_pediatrico,7.529970262042912e-09
322,pct_geriatrico,3.735857011179087e-09
322,pct_femenino_fertil,0.018624670173537528
322,edad_mediana,3.7057962011967155e-09
322,pct_urgencia,0.02682905294221961
322,pct_programada,0.0005421635775204915
322,pct_obstetrica_ingreso,0.02213902934514153
322,pct_alta_domicilio,0.0007958759017059429
322,pct_alta_fallecido,6.226837030591331e-05
322,pct_alta_traslado,0.08602721156160963
322,pct_origen_emergencia,0.0007958759017059429
322,pct_origen_referencia,0.0005714838019252621
322,pct_uso_pabellon,0.004826531071843671
322,pabellones_promedio,0.004826531071843671
322,tasa_partos,0.06058000156865118
322,tasa_prematurez,0.25660419048554906
322,cv_estancia,0.0007958759017059429
322,pct_estancia_larga,0.016013975669744558
323,egresos_por_anio,0.35191858226165296
323,estancia_media,0.05732622483946296
323,estancia_mediana,0.011720126054280001
323,peso_medio_grd,0.009033293144880572
323,severidad_media,0.0002506981267416097
323,mortalidad_media,0.0022970678881305867
323,entropia_grd,0.1314969339764281
323,comorbilidades_promedio,0.00015556185534058078
323,tasa_cma,0.3972653375990182
323,peso_medio_cma,0.00047707622678199547
323,pct_pediatrico,1.2217842659417075e-09
323,pct_geriatrico,2.0856860253819154e-08
323,pct_femenino_fertil,0.0003719589887363525
323,edad_mediana,2.0856860253819154e-08
323,pct_urgencia,0.028805793648457097
323,pct_programada,0.0024177341079679123
323,pct_obstetrica_ingreso,0.01404575764421469
323,pct_alta_domicilio,0.002650634564067698
323,pct_alta_fallecido,0.00011581424821946912
323,pct_alta_traslado,0.1256246421233744
323,pct_origen_emergencia,0.018954272278543606
323,pct_origen_referencia,0.01715595778300943
323,pct_uso_pabellon,0.3091997423383434
323,pabellones_promedio,0.4643664502303678
323,tasa_partos,0.041097568505420415
323,tasa_prematurez,0.14539076124499484
323,cv_estancia,0.035286520554760704
323,pct_estancia_larga,0.1603444651719162
324,egresos_por_anio,0.46362507710944867
324,estancia_media,0.007081200285572453
324,estancia_mediana,0.00037027843639783793
324,peso_medio_grd,0.00020516780282233733
324,severidad_media,0.408776643990605
324,mortalidad_media,0.16971760702597
324,entropia_grd,0.00014464063548495074
324,comorbilidades_promedio,0.00511222597668699
324,tasa_cma,0.00012326065055923103
324,peso_medio_cma,0.014051039469024078
324,pct_pediatrico,1.4904292101377852e-06
324,pct_geriatrico,2.0350872907199393e-07
324,pct_femenino_fertil,0.0011429926098133131
324,edad_mediana,3.0598583797619127e-07
324,pct_urgencia,3.8095464014191694e-05
324,pct_programada,1.4904292101377852e-06
324,pct_obstetrica_ingreso,0.0025405834820112403
324,pct_alta_domicilio,3.0598583797619127e-07
324,pct_alta_fallecido,4.4322270573217595e-07
324,pct_alta_traslado,0.0004276833622215246
324,pct_origen_emergencia,0.003559841673530257
324,pct_origen_referencia,0.19645958849266543
324,pct_uso_pabellon,0.0018636630566044483
324,pabellones_promedio,0.0003215825633172691
324,tasa_partos,0.046948277590861336
324,tasa_prematurez,0.46362507710944867
324,cv_estancia,0.00017254321114296015
324,pct_estancia_larga,0.03794168193617315
325,egresos_por_anio,0.00948953723019127
325,estancia_media,0.06599595798684837
325,estancia_mediana,0.005013450799058057
325,peso_medio_grd,0.005013450799058057
325,severidad_media,0.00012000039403554591
325,mortalidad_media,1.3787772005992685e-06
325,entropia_grd,0.005013450799058057
325,comorbilidades_promedio,0.0025118616696242963
325,tasa_cma,0.011067953801148465
325,peso_medio_cma,0.0010034370412803492
325,pct_pediatrico,6.948836585160189e-09
325,pct_geriatrico,1.3787772005992685e-06
325,pct_femenino_fertil,1.1203840903652907e-07
325,edad_mediana,1.8845356874439746e-07
325,pct_urgencia,0.5165685644758433
325,pct_programada,0.03184524026286025
325,pct_obstetrica_ingreso,1.8845356874439746e-07
325,pct_alta_domicilio,0.008005882680240795
325,pct_alta_fallecido,0.008786062653937252
325,pct_alta_traslado,0.047360726599920404
325,pct_origen_emergencia,0.15322101549945227
325,pct_origen_referencia,0.03184524026286025
325,pct_uso_pabellon,0.018726374213673482
325,pabellones_promedio,0.5165685644758433
325,tasa_partos,1.8845356874439746e-07
325,tasa_prematurez,2.359407863574761e-05
325,cv_estancia,0.006580640018508656
325,pct_estancia_larga,0.21863933091801818
326,egresos_por_anio,0.24022693570559814
326,estancia_media,0.02872695512234773
326,estancia_mediana,0.003946503276091673
326,peso_medio_grd,7.028447046326667e-05
326,severidad_media,1.353705057622836e-05
326,mortalidad_media,3.47094308786986e-05
326,entropia_grd,0.4406107940419009
326,comorbilidades_promedio,0.003946503276091673
326,tasa_cma,0.23768650228036017
326,peso_medio_cma,0.010198847781800321
326,pct_pediatrico,5.150544135390373e-08
326,pct_geriatrico,2.397159706251129e-07
326,pct_femenino_fertil,2.2811615731043865e-05
326,edad_mediana,5.150544135390373e-08
326,pct_urgencia,0.0002632663555583239
326,pct_programada,5.611623042024479e-05
326,pct_obstetrica_ingreso,4.509496431220756e-05
326,pct_alta_domicilio,2.2811615731043865e-05
326,pct_alta_fallecido,0.00013572769446864794
326,pct_alta_traslado,0.0035813908854038716
326,pct_origen_emergencia,0.003946503276091673
326,pct_origen_referencia,0.021955659789910643
326,pct_uso_pabellon,0.004074259285645154
326,pabellones_promedio,0.06654951122517255
326,tasa_partos,5.135667498465387e-05
326,tasa_prematurez,0.05778562399563725
326,cv_estancia,0.5208800814085894
326,pct_estancia_larga,0.003946503276091673
327,egresos_por_anio,0.28659938987109557
327,estancia_media,1.1699469203554896e-05
327,estancia_mediana,0.004021131993611322
327,peso_medio_grd,2.0900826714972577e-08
327,severidad_media,0.00018098758881052675
327,mortalidad_media,6.761307240399379e-05
327,entropia_grd,0.0008244112656315778
327,comorbilidades_promedio,0.17120265139506727
327,tasa_cma,0.3038617308152574
327,peso_medio_cma,0.07942632713591499
327,pct_pediatrico,1.1699469203554896e-05
327,pct_geriatrico,0.0009018185428747942
327,pct_femenino_fertil,1.1699469203554896e-05
327,edad_mediana,6.761307240399379e-05
327,pct_urgencia,0.00010800494078650834
327,pct_programada,9.552378898859002e-06
327,pct_obstetrica_ingreso,9.552378898859002e-06
327,pct_alta_domicilio,0.0009347250771633126
327,pct_alta_fallecido,0.011725902987187115
327,pct_alta_traslado,0.28659938987109557
327,pct_origen_emergencia,9.552378898859002e-06
327,pct_origen_referencia,0.0028568083530808143
327,pct_uso_pabellon,1.1699469203554896e-05
327,pabellones_promedio,1.1699469203554896e-05
327,tasa_partos,0.00041734849599098803
327,tasa_prematurez,0.17739706946172715
327,cv_estancia,0.3618631609173621
327,pct_estancia_larga,9.552378898859002e-06
328,egresos_por_anio,0.050498563561484536
328,estancia_media,0.00552741233197278
328,estancia_mediana,0.0096768121681064
328,peso_medio_grd,4.5182023939059855e-06
328,severidad_media,0.006281780817230528
328,mortalidad_media,0.019845989909169217
328,entropia_grd,0.06313305581345029
328,comorbilidades_promedio,0.046627913450152284
328,tasa_cma,0.9531905653444523
328,peso_medio_cma,0.00025927476802692676
328,pct_pediatrico,1.8135542583497517e-09
328,pct_geriatrico,3.353131035705233e-07
328,pct_femenino_fertil,5.511264168849372e-05
328,edad_mediana,3.4905876842305996e-08
328,pct_urgencia,0.09219412297566114
328,pct_programada,0.00025927476802692676
328,pct_obstetrica_ingreso,5.511264168849372e-05
328,pct_alta_domicilio,0.019845989909169217
328,pct_alta_fallecido,7.45688395544706e-05
328,pct_alta_traslado,0.022934726888180282
328,pct_origen_emergencia,0.0005471142501242882
328,pct_origen_referencia,0.0026011123901880555
328,pct_uso_pabellon,0.0007783982988139257
328,pabellones_promedio,0.0026011123901880555
328,tasa_partos,0.0009901462410633769
328,tasa_prematurez,0.04855729865443291
328,cv_estancia,0.00036674233548675625
328,pct_estancia_larga,0.036604182876151706
329,egresos_por_anio,0.00027015000631410715
329,estancia_media,0.010993244941415473
329,estancia_mediana,0.01883462942206806
329,peso_medio_grd,0.00011155362522560644
329,severidad_media,0.0032409086064705247
329,mortalidad_media,0.06674682870704354
329,entropia_grd,0.009778401965145053
329,comorbilidades_promedio,0.0033145100880825657
329,tasa_cma,0.06512906485294456
329,peso_medio_cma,0.09036307605589083
329,pct_pediatrico,5.862799787694187e-07
329,pct_geriatrico,1.1122192283097611e-05
329,pct_femenino_fertil,0.01715943114559525
329,edad_mediana,2.0031724065419497e-06
329,pct_urgencia,1.1122192283097611e-05
329,pct_programada,5.862799787694187e-07
329,pct_obstetrica_ingreso,0.06343360003323426
329,pct_alta_domicilio,5.9152531982097756e-05
329,pct_alta_fallecido,8.653676705135448e-06
329,pct_alta_traslado,0.0024890553978698968
329,pct_origen_emergencia,0.00021404141697388255
329,pct_origen_referencia,0.0751786755384531
329,pct_uso_pabellon,2.1045308331263526e-06
329,pabellones_promedio,2.603557821664589e-05
329,tasa_partos,0.03319925513223761
329,tasa_prematurez,0.01345770160852235
329,cv_estancia,0.023706820481364046
329,pct_estancia_larga,0.030535461693160203
330,egresos_por_anio,0.1496253746819378
330,estancia_media,0.02739647036251116
330,estancia_mediana,0.0003340242623993947
330,peso_medio_grd,1.003398760677144e-05
330,severidad_media,0.006899017816727897
330,mortalidad_media,0.005915761506247693
330,entropia_grd,0.023135142981592735
330,comorbilidades_promedio,0.01496879828482709
330,tasa_cma,0.023135142981592735
330,peso_medio_cma,0.01691122268327105
330,pct_pediatrico,3.980664678185166e-07
330,pct_geriatrico,2.1768518463137913e-05
330,pct_femenino_fertil,7.874847707688737e-05
330,edad_mediana,8.982584306818478e-06
330,pct_urgencia,5.136581040436384e-06
330,pct_programada,4.221202604696464e-06
330,pct_obstetrica_ingreso,0.00024060875040611326
330,pct_alta_domicilio,4.0298161283364876e-07
330,pct_alta_fallecido,6.625413404959464e-06
330,pct_alta_traslado,0.0016561818956895458
330,pct_origen_emergencia,0.061165728188079214
330,pct_origen_referencia,0.11333226207712187
330,pct_uso_pabellon,2.835942151580556e-05
330,pabellones_promedio,0.00010075613795364345
330,tasa_partos,0.003299649101052672
330,tasa_prematurez,0.11333226207712187
330,cv_estancia,0.12540528495534178
330,pct_estancia_larga,0.25120675832608164
331,egresos_por_anio,0.004219397703491861
331,estancia_media,0.0006105700247407055
331,estancia_mediana,0.0009007684173914795
331,peso_medio_grd,4.709154849144521e-05
331,severidad_media,7.391523657537669e-07
331,mortalidad_media,3.6260533248879036e-07
331,entropia_grd,0.0028839705670665474
331,comorbilidades_promedio,6.503605159279311e-05
331,tasa_cma,0.055970023779876726
331,peso_medio_cma,0.00028280963245216363
331,pct_pediatrico,4.87121752887853e-07
331,pct_geriatrico,4.07576534192904e-08
331,pct_femenino_fertil,4.07576534192904e-08
331,edad_mediana,4.07576534192904e-08
331,pct_urgencia,0.25523498906619235
331,pct_programada,0.0017777470332013697
331,pct_obstetrica_ingreso,1.1063800905981247e-07
331,pct_alta_domicilio,0.0007801073751569918
331,pct_alta_fallecido,0.0017777470332013697
331,pct_alta_traslado,0.006566412622045188
331,pct_origen_emergencia,0.001173169908594366
331,pct_origen_referencia,1.8587119024509382e-05
331,pct_uso_pabellon,0.7867994466985995
331,pabellones_promedio,0.882027356264817
331,tasa_partos,4.913499032083445e-08
331,tasa_prematurez,0.0017777470332013697
331,cv_estancia,0.01954635639731657
331,pct_estancia_larga,0.0007339315327720053
332,egresos_por_anio,0.3547635033142911
332,estancia_media,0.07332537242278818
332,estancia_mediana,0.0008851797025404808
332,peso_medio_grd,0.0012569765591610314
332,severidad_media,6.621956308066772e-05
332,mortalidad_media,6.621956308066772e-05
332,entropia_grd,0.05485121066865566
332,comorbilidades_promedio,0.0019315184948157853
332,tasa_cma,0.8901190709968319
332,peso_medio_cma,8.645788534649232e-05
332,pct_pediatrico,4.147510464953431e-09
332,pct_geriatrico,8.530989100931242e-09
332,pct_femenino_fertil,1.1867301548217676e-05
332,edad_mediana,2.8059816418184455e-09
332,pct_urgencia,0.07332537242278818
332,pct_programada,0.31446432581673744
332,pct_obstetrica_ingreso,3.3626452079489986e-05
332,pct_alta_domicilio,0.003954142719926123
332,pct_alta_fallecido,0.0006672821649904742
332,pct_alta_traslado,0.021566618942869608
332,pct_origen_emergencia,0.05952505550254056
332,pct_origen_referencia,0.007405969745366365
332,pct_uso_pabellon,0.21373675325263955
332,pabellones_promedio,0.21373675325263955
332,tasa_partos,1.3596069600568606e-05
332,tasa_prematurez,0.02707713221608889
332,cv_estancia,0.18843358000773064
332,pct_estancia_larga,0.1478767348844704
333,egresos_por_anio,0.03562639194214271
333,estancia_media,0.31640934689177186
333,estancia_mediana,0.1972790079346118
333,peso_medio_grd,0.000417296393489613
333,severidad_media,0.0007611885596912973
333,mortalidad_media,0.004600859751528673
333,entropia_grd,0.015662931053172544
333,comorbilidades_promedio,0.012885416228847084
333,tasa_cma,0.004252011115552352
333,peso_medio_cma,0.2513237540522696
333,pct_pediatrico,5.164734688609472e-08
333,pct_geriatrico,4.886507323475717e-07
333,pct_femenino_fertil,0.00014932395159979254
333,edad_mediana,1.892296533029278e-08
333,pct_urgencia,0.03293985597511848
333,pct_programada,0.006963255981588571
333,pct_obstetrica_ingreso,0.00020336633709480036
333,pct_alta_domicilio,2.9726202778967577e-05
333,pct_alta_fallecido,0.00014932395159979254
333,pct_alta_traslado,0.006262284521010039
333,pct_origen_emergencia,0.005388771746296153
333,pct_origen_referencia,0.03698291614144354
333,pct_uso_pabellon,1.474639298247651e-05
333,pabellones_promedio,0.00014932395159979254
333,tasa_partos,0.000573935863268347
333,tasa_prematurez,0.017665056124432917
333,cv_estancia,0.006262284521010039
333,pct_estancia_larga,0.33126298221310496
334,egresos_por_anio,0.02363184774972665
334,estancia_media,0.004560938886244474
334,estancia_mediana,0.00259738267546983
334,peso_medio_grd,0.00023319334838160083
334,severidad_media,0.006450188333173586
334,mortalidad_media,0.004596616590578415
334,entropia_grd,0.00023319334838160083
334,comorbilidades_promedio,0.7763640682528943
334,tasa_cma,0.014202575687950846
334,peso_medio_cma,0.06599290881531247
334,pct_pediatrico,0.00023319334838160083
334,pct_geriatrico,0.0008365764552975831
334,pct_femenino_fertil,0.00034472906957081753
334,edad_mediana,0.0015961089031563825
334,pct_urgencia,1.3560109354888386e-06
334,pct_programada,1.838775195442128e-05
334,pct_obstetrica_ingreso,0.00198656188017271
334,pct_alta_domicilio,0.012956229587681084
334,pct_alta_fallecido,1.838775195442128e-05
334,pct_alta_traslado,0.06599290881531247
334,pct_origen_emergencia,0.004596616590578415
334,pct_origen_referencia,0.1909200142702264
334,pct_uso_pabellon,0.00023319334838160083
334,pabellones_promedio,0.0008365764552975831
334,tasa_partos,0.011965981738662179
334,tasa_prematurez,0.06599290881531247
334,cv_estancia,0.024543480167291357
334,pct_estancia_larga,0.012594689360192772
335,egresos_por_anio,0.44769634951887904
335,estancia_media,0.0019513696691776106
335,estancia_mediana,7.780193391128318e-05
335,peso_medio_grd,0.013351689852001252
335,severidad_media,0.0005517402574898169
335,mortalidad_media,5.290549704975928e-07
335,entropia_grd,0.0011529726045522663
335,comorbilidades_promedio,0.0009116736730720263
335,tasa_cma,0.023322547437967477
335,peso_medio_cma,0.013576690463662711
335,pct_pediatrico,3.3083122580371997e-07
335,pct_geriatrico,9.657128961121513e-09
335,pct_femenino_fertil,0.00027564331714922046
335,edad_mediana,9.657128961121513e-09
335,pct_urgencia,0.007843943111303988
335,pct_programada,0.0250515588759666
335,pct_obstetrica_ingreso,0.0007535996896580627
335,pct_alta_domicilio,0.00039396168357621085
335,pct_alta_fallecido,5.290549704975928e-07
335,pct_alta_traslado,0.023410183323129313
335,pct_origen_emergencia,0.013576690463662711
335,pct_origen_referencia,0.002260247517581394
335,pct_uso_pabellon,0.0007376693567100515
335,pabellones_promedio,0.013391112505919072
335,tasa_partos,4.898771445455086e-05
335,tasa_prematurez,0.23842252122136523
335,cv_estancia,0.2341479893082017
335,pct_estancia_larga,0.008241679345184466
336,egresos_por_anio,0.0008268858746352896
336,estancia_media,0.0006922191043684686
336,estancia_mediana,0.0006954447576532173
336,peso_medio_grd,2.9505008753207153e-06
336,severidad_media,0.0016809221042089239
336,mortalidad_media,6.899833399308087e-05
336,entropia_grd,0.014893188277056804
336,comorbilidades_promedio,0.08522185596846965
336,tasa_cma,0.07871812018616692
336,peso_medio_cma,0.0019477740775121538
336,pct_pediatrico,2.9505008753207153e-06
336,pct_geriatrico,1.1159501677846967e-05
336,pct_femenino_fertil,2.9505008753207153e-06
336,edad_mediana,2.9044835722070572e-05
336,pct_urgencia,0.0019477740775121538
336,pct_programada,9.281357746575802e-06
336,pct_obstetrica_ingreso,2.9505008753207153e-06
336,pct_alta_domicilio,3.841545154006555e-05
336,pct_alta_fallecido,1.4792767734332982e-05
336,pct_alta_traslado,0.0003323217982500312
336,pct_origen_emergencia,0.009204104722346132
336,pct_origen_referencia,0.06150249901121318
336,pct_uso_pabellon,3.51706298250117e-05
336,pabellones_promedio,0.0001588268227766516
336,tasa_partos,2.9044835722070572e-05
336,tasa_prematurez,1.7536829313462947e-05
336,cv_estancia,0.07871812018616692
336,pct_estancia_larga,0.0009279261239273417
337,egresos_por_anio,0.15556758608306853
337,estancia_media,0.0007434746060020835
337,estancia_mediana,0.0010023385627680986
337,peso_medio_grd,2.9304579344371162e-06
337,severidad_media,0.00470297549483358
337,mortalidad_media,0.005127563639100932
337,entropia_grd,0.06336458219288423
337,comorbilidades_promedio,0.0001115581117235073
337,tasa_cma,0.020422900513825993
337,peso_medio_cma,0.01254124150280657
337,pct_pediatrico,1.3612760214157174e-07
337,pct_geriatrico,1.11090438504589e-06
337,pct_femenino_fertil,5.2113946801829836e-05
337,edad_mediana,3.4598881934130784e-07
337,pct_urgencia,5.2113946801829836e-05
337,pct_programada,1.1763011943866652e-06
337,pct_obstetrica_ingreso,0.0005821694500896809
337,pct_alta_domicilio,1.5711356917330983e-05
337,pct_alta_fallecido,0.0001636000133833011
337,pct_alta_traslado,0.09353206819933081
337,pct_origen_emergencia,0.0005821694500896809
337,pct_origen_referencia,0.003630690698722319
337,pct_uso_pabellon,3.4598881934130784e-07
337,pabellones_promedio,6.66923209228438e-06
337,tasa_partos,0.0003677801339778506
337,tasa_prematurez,0.6508591212004822
337,cv_estancia,0.0007799552350687804
337,pct_estancia_larga,0.0016476990145290848
338,egresos_por_anio,0.036336037266157126
338,estancia_media,0.023720884738917872
338,estancia_mediana,0.001405173559527898
338,peso_medio_grd,4.1444049344537826e-05
338,severidad_media,0.01407235313650013
338,mortalidad_media,0.006878804489186831
338,entropia_grd,0.006223461242065767
338,comorbilidades_promedio,0.00022285350412324916
338,tasa_cma,0.14762145739538518
338,peso_medio_cma,0.12169540958475675
338,pct_pediatrico,5.831777524511039e-06
338,pct_geriatrico,8.980454023744054e-07
338,pct_femenino_fertil,7.143462544009036e-05
338,edad_mediana,5.241709668370267e-07
338,pct_urgencia,0.00027142824816282264
338,pct_programada,5.241709668370267e-07
338,pct_obstetrica_ingreso,1.5606400866722137e-05
338,pct_alta_domicilio,0.00011731070490526904
338,pct_alta_fallecido,1.5500475147060667e-06
338,pct_alta_traslado,0.002658044157574086
338,pct_origen_emergencia,2.0164665145010483e-05
338,pct_origen_referencia,0.0004777730754693208
338,pct_uso_pabellon,0.0867758743091993
338,pabellones_promedio,0.0939850749172705
338,tasa_partos,1.454306088389288e-05
338,tasa_prematurez,0.002658044157574086
338,cv_estancia,0.002992215037779567
338,pct_estancia_larga,0.01407235313650013
339,egresos_por_anio,0.035814886574238015
339,estancia_media,0.020253324034005298
339,estancia_mediana,0.015586444224236684
339,peso_medio_grd,5.733861281811287e-05
339,severidad_media,0.001959565743990798
339,mortalidad_media,0.0012902475903505592
339,entropia_grd,0.22894765563724379
339,comorbilidades_promedio,0.0012902475903505592
339,tasa_cma,0.20904258300454243
339,peso_medio_cma,0.009664136287063793
339,pct_pediatrico,1.51542403590548e-08
339,pct_geriatrico,9.763507018840035e-07
339,pct_femenino_fertil,5.100514413301538e-06
339,edad_mediana,6.370208738461332e-08
339,pct_urgencia,0.0008625567265376407
339,pct_programada,3.9839868210746344e-06
339,pct_obstetrica_ingreso,8.616608727041608e-06
339,pct_alta_domicilio,0.00027149764380739275
339,pct_alta_fallecido,1.322428112988546e-05
339,pct_alta_traslado,0.03677883940076358
339,pct_origen_emergencia,4.529587833685647e-06
339,pct_origen_referencia,0.000286859218309833
339,pct_uso_pabellon,0.09231487987523038
339,pabellones_promedio,0.2549541613255176
339,tasa_partos,3.9839868210746344e-06
339,tasa_prematurez,0.0023861041784755932
339,cv_estancia,0.03677883940076358
339,pct_estancia_larga,0.021195198488804853
340,egresos_por_anio,0.00018918520548844966
340,estancia_media,0.0007308175561336861
340,estancia_mediana,0.00019681272493623863
340,peso_medio_grd,9.631793377955192e-06
340,severidad_media,0.007912747582404797
340,mortalidad_media,0.007037452330601432
340,entropia_grd,0.26741196152348545
340,comorbilidades_promedio,0.00025655403832698735
340,tasa_cma,0.00025655403832698735
340,peso_medio_cma,0.007037452330601432
340,pct_pediatrico,1.6177912595423196e-09
340,pct_geriatrico,6.277280165527515e-09
340,pct_femenino_fertil,8.123740344256086e-05
340,edad_mediana,5.473089300908761e-09
340,pct_urgencia,0.13617376988442856
340,pct_programada,0.00018918520548844966
340,pct_obstetrica_ingreso,0.00018918520548844966
340,pct_alta_domicilio,3.9406133466275203e-07
340,pct_alta_fallecido,3.075537563612608e-08
340,pct_alta_traslado,3.077834206548883e-05
340,pct_origen_emergencia,0.9699045763539281
340,pct_origen_referencia,0.10282605435732581
340,pct_uso_pabellon,0.02049473789693692
340,pabellones_promedio,0.013105769929396376
340,tasa_partos,0.0019566373310762305
340,tasa_prematurez,0.00018918520548844966
340,cv_estancia,0.0016182958871386705
340,pct_estancia_larga,0.0003255960582622457
341,egresos_por_anio,0.0038918208321366186
341,estancia_media,0.0019894786332611634
341,estancia_mediana,0.08093859487931418
341,peso_medio_grd,3.315108496159768e-06
341,severidad_media,0.014764126191674961
341,mortalidad_media,0.004548281154436028
341,entropia_grd,0.12445878717494535
341,comorbilidades_promedio,0.13882013943080032
341,tasa_cma,0.6760728784946742
341,peso_medio_cma,0.024266702086408853
341,pct_pediatrico,3.962093858115078e-07
341,pct_geriatrico,5.4577164285533876e-05
341,pct_femenino_fertil,1.0469232797169222e-07
341,edad_mediana,3.6890162759644284e-05
341,pct_urgencia,0.002789697522398862
341,pct_programada,8.600465475011308e-07
341,pct_obstetrica_ingreso,8.223810027405699e-07
341,pct_alta_domicilio,0.07479776681034092
341,pct_alta_fallecido,0.0012673241039669327
341,pct_alta_traslado,0.01360958489446851
341,pct_origen_emergencia,0.00032360659418883875
341,pct_origen_referencia,0.007658112715352136
341,pct_uso_pabellon,0.007330209235633742
341,pabellones_promedio,0.029853121461486914
341,tasa_partos,1.0697934186922622e-06
341,tasa_prematurez,0.05080458672270628
341,cv_estancia,0.06260247212050069
341,pct_estancia_larga,0.002322215205535082
342,egresos_por_anio,0.10506365986614746
342,estancia_media,0.00010950318707126156
342,estancia_mediana,9.587626492985174e-05
342,peso_medio_grd,2.188942532230539e-05
342,severidad_media,0.03493197574096825
342,mortalidad_media,0.003771292589406755
342,entropia_grd,0.0038259450299321066
342,comorbilidades_promedio,5.2229869631275246e-05
342,tasa_cma,1.5732681165448934e-05
342,peso_medio_cma,9.587626492985174e-05
342,pct_pediatrico,2.2717624053894977e-08
342,pct_geriatrico,3.4965068216806187e-09
342,pct_femenino_fertil,0.0025011640391098965
342,edad_mediana,3.4965068216806187e-09
342,pct_urgencia,2.0543005744850345e-05
342,pct_programada,5.755804835625746e-07
342,pct_obstetrica_ingreso,0.0018870587908419013
342,pct_alta_domicilio,1.1202007821861059e-07
342,pct_alta_fallecido,2.62371048518486e-08
342,pct_alta_traslado,0.00016557779280690861
342,pct_origen_emergencia,0.0036131560535302217
342,pct_origen_referencia,0.026220300455099974
342,pct_uso_pabellon,0.0002049511029923824
342,pabellones_promedio,0.03745351285676861
342,tasa_partos,0.007556421447007513
342,tasa_prematurez,0.1260183423938994
342,cv_estancia,0.0002378560950840989
342,pct_estancia_larga,0.0015091982216462047
343,egresos_por_anio,0.3958756237358006
343,estancia_media,0.09962962709531138
343,estancia_mediana,0.02566130385585952
343,peso_medio_grd,0.003027453320177238
343,severidad_media,0.0734611068642476
343,mortalidad_media,0.12896146416101614
343,entropia_grd,7.005933222639975e-05
343,comorbilidades_promedio,0.018737643611722164
343,tasa_cma,0.25783088195220893
343,peso_medio_cma,0.0007736204945054822
343,pct_pediatrico,1.2567673812661084e-09
343,pct_geriatrico,2.1552963302783907e-08
343,pct_femenino_fertil,0.0010940549396304638
343,edad_mediana,8.847671285468232e-09
343,pct_urgencia,0.0005677750674127612
343,pct_programada,0.00025498549507785274
343,pct_obstetrica_ingreso,0.004397746217030195
343,pct_alta_domicilio,0.004397746217030195
343,pct_alta_fallecido,3.834450311171511e-07
343,pct_alta_traslado,0.5077851632328876
343,pct_origen_emergencia,0.24192033028195592
343,pct_origen_referencia,0.3958756237358006
343,pct_uso_pabellon,0.0014326878620628206
343,pabellones_promedio,0.037504651644362
343,tasa_partos,0.004203810214874657
343,tasa_prematurez,0.4022259472247929
343,cv_estancia,0.09090174322088673
343,pct_estancia_larga,0.24192033028195592
344,egresos_por_anio,0.0034931654965819404
344,estancia_media,0.005625549230228757
344,estancia_mediana,0.0002484017622812382
344,peso_medio_grd,0.002500098922111022
344,severidad_media,0.037972707472734
344,mortalidad_media,0.0021390476475202096
344,entropia_grd,0.017892462477666942
344,comorbilidades_promedio,0.003030782169965686
344,tasa_cma,0.011623296971395176
344,peso_medio_cma,0.0001844811660562618
344,pct_pediatrico,2.4052182227913148e-08
344,pct_geriatrico,1.933752382728157e-09
344,pct_femenino_fertil,0.011958439993116366
344,edad_mediana,7.128228826993487e-10
344,pct_urgencia,0.0014574452173696819
344,pct_programada,0.00016653585284351002
344,pct_obstetrica_ingreso,0.004831911524899733
344,pct_alta_domicilio,0.0003546060724732288
344,pct_alta_fallecido,8.13532526527104e-07
344,pct_alta_traslado,0.0021390476475202096
344,pct_origen_emergencia,0.0014574452173696819
344,pct_origen_referencia,0.002500098922111022
344,pct_uso_pabellon,0.00037299488328155665
344,pabellones_promedio,0.005863596523442545
344,tasa_partos,0.0023359019513789292
344,tasa_prematurez,0.0002893167082737587
344,cv_estancia,0.0023359019513789292
344,pct_estancia_larga,0.063953452521468
345,egresos_por_anio,0.19106199160421722
345,estancia_media,0.034613459664171474
345,estancia_mediana,0.00720697638610047
345,peso_medio_grd,1.3883126067246424e-05
345,severidad_media,0.00010703578218660984
345,mortalidad_media,0.00010703578218660984
345,entropia_grd,0.011713876643743248
345,comorbilidades_promedio,0.001388335773878918
345,tasa_cma,0.0015723440527645861
345,peso_medio_cma,0.00047734861460067195
345,pct_pediatrico,9.531229746425601e-08
345,pct_geriatrico,3.9770681749586375e-06
345,pct_femenino_fertil,1.3883126067246424e-05
345,edad_mediana,1.2005011761977164e-06
345,pct_urgencia,0.0005462536376667133
345,pct_programada,3.1671182965186556e-05
345,pct_obstetrica_ingreso,3.1671182965186556e-05
345,pct_alta_domicilio,0.00012296818847667892
345,pct_alta_fallecido,2.4492788269815655e-05
345,pct_alta_traslado,0.0448606181844995
345,pct_origen_emergencia,0.0014941123166726266
345,pct_origen_referencia,0.023872866273906074
345,pct_uso_pabellon,0.00720697638610047
345,pabellones_promedio,0.08228559488819094
345,tasa_partos,7.982713032730367e-05
345,tasa_prematurez,0.4740586438801052
345,cv_estancia,0.20910800468191124
345,pct_estancia_larga,0.03356057712541233
346,egresos_por_anio,0.08358090783765401
346,estancia_media,0.00029795729418886165
346,estancia_mediana,0.0007538337035746803
346,peso_medio_grd,9.473349606560734e-07
346,severidad_media,0.00064641542259269
346,mortalidad_media,0.0010628072329013176
346,entropia_grd,0.25669899380995903
346,comorbilidades_promedio,0.0020456065797364352
346,tasa_cma,0.0006945067921286994
346,peso_medio_cma,0.0001736560693048081
346,pct_pediatrico,1.1958132785346298e-05
346,pct_geriatrico,3.310737575349538e-06
346,pct_femenino_fertil,4.958190692059901e-05
346,edad_mediana,9.473349606560734e-07
346,pct_urgencia,0.0020456065797364352
346,pct_programada,2.740998928075687e-06
346,pct_obstetrica_ingreso,1.699062652946122e-05
346,pct_alta_domicilio,0.00034859417683240113
346,pct_alta_fallecido,2.646943140997889e-06
346,pct_alta_traslado,0.036308668254318
346,pct_origen_emergencia,0.0009983170022319224
346,pct_origen_referencia,0.0011066824485227648
346,pct_uso_pabellon,9.411100218844111e-05
346,pabellones_promedio,0.001207230255130686
346,tasa_partos,0.00012183110263744994
346,tasa_prematurez,0.009583668408184316
346,cv_estancia,0.006071467080996737
346,pct_estancia_larga,0.00018153112591726874
347,egresos_por_anio,0.1973213014355817
347,estancia_media,1.1433220689235397e-05
347,estancia_mediana,6.497533637993493e-06
347,peso_medio_grd,0.00018582445610773943
347,severidad_media,3.2550379197511824e-07
347,mortalidad_media,8.989765997192038e-08
347,entropia_grd,0.0013919098474339685
347,comorbilidades_promedio,0.00014029491646206662
347,tasa_cma,0.6646040251792689
347,peso_medio_cma,0.010104743332544191
347,pct_pediatrico,3.2550379197511824e-07
347,pct_geriatrico,4.649441117899972e-07
347,pct_femenino_fertil,3.2550379197511824e-07
347,edad_mediana,4.649441117899972e-07
347,pct_urgencia,0.0002393696318340917
347,pct_programada,0.0006417649138951348
347,pct_obstetrica_ingreso,3.2550379197511824e-07
347,pct_alta_domicilio,5.739587175371799e-05
347,pct_alta_fallecido,8.125506233265788e-06
347,pct_alta_traslado,0.0372577338751104
347,pct_origen_emergencia,0.12416781046069347
347,pct_origen_referencia,0.0055033927765920235
347,pct_uso_pabellon,0.0014285797273059296
347,pabellones_promedio,0.024470450839945364
347,tasa_partos,2.643346771474832e-07
347,tasa_prematurez,0.08499898836361261
347,cv_estancia,0.0545927983407895
347,pct_estancia_larga,3.856746074066595e-05
348,egresos_por_anio,0.05611401880536203
348,estancia_media,7.038602873758436e-05
348,estancia_mediana,1.1354270096795222e-06
348,peso_medio_grd,0.001038993121443459
348,severidad_media,0.0001211065588033027
348,mortalidad_media,0.0001927748841578355
348,entropia_grd,0.017692824767212897
348,comorbilidades_promedio,0.00025042406629150355
348,tasa_cma,0.9481977429023077
348,peso_medio_cma,0.0017027683931730524
348,pct_pediatrico,5.63904589818858e-09
348,pct_geriatrico,1.7602183933447632e-08
348,pct_femenino_fertil,6.187116259091237e-07
348,edad_mediana,9.880706298367271e-09
348,pct_urgencia,0.07459063373379238
348,pct_programada,0.005743428735297619
348,pct_obstetrica_ingreso,3.879853137636872e-06
348,pct_alta_domicilio,0.00015698775532668594
348,pct_alta_fallecido,1.743194168745784e-07
348,pct_alta_traslado,0.03610322024810649
348,pct_origen_emergencia,0.0015512574368503566
348,pct_origen_referencia,0.003449889793561226
348,pct_uso_pabellon,0.5099302015966243
348,pabellones_promedio,0.6179501310217886
348,tasa_partos,1.971278104491257e-06
348,tasa_prematurez,0.009802722670288712
348,cv_estancia,0.010358821979226844
348,pct_estancia_larga,0.0005038977273250091
349,egresos_por_anio,0.005997493986084222
349,estancia_media,0.00019519646475602565
349,estancia_mediana,0.00038060427022094934
349,peso_medio_grd,0.00034690152681958084
349,severidad_media,0.00038060427022094934
349,mortalidad_media,0.0005744124830066433
349,entropia_grd,0.06140366076847082
349,comorbilidades_promedio,4.5649922006742665e-05
349,tasa_cma,0.879746242729019
349,peso_medio_cma,0.0008043258612388939
349,pct_pediatrico,1.323325941474222e-08
349,pct_geriatrico,4.103071272426285e-08
349,pct_femenino_fertil,1.791884456494296e-05
349,edad_mediana,1.9664272958533258e-08
349,pct_urgencia,0.7398081911091982
349,pct_programada,0.008716776170942764
349,pct_obstetrica_ingreso,0.00011675876341831794
349,pct_alta_domicilio,5.047445415050707e-05
349,pct_alta_fallecido,4.032158386356805e-06
349,pct_alta_traslado,0.0005856347907705371
349,pct_origen_emergencia,0.0034644645817495556
349,pct_origen_referencia,0.00017743194504340047
349,pct_uso_pabellon,0.0008653932981123073
349,pabellones_promedio,0.0031446379462558463
349,tasa_partos,0.0002660113013799068
349,tasa_prematurez,0.14667577766251055
349,cv_estancia,0.033269002802227936
349,pct_estancia_larga,0.00038060427022094934
350,egresos_por_anio,0.11391287881319155
350,estancia_media,0.13938927225074846
350,estancia_mediana,0.001146848324633141
350,peso_medio_grd,0.001146848324633141
350,severidad_media,0.013167622989630364
350,mortalidad_media,0.01289392243089891
350,entropia_grd,0.05679926262965911
350,comorbilidades_promedio,0.013167622989630364
350,tasa_cma,0.0004983656329618782
350,peso_medio_cma,0.0014465669975745445
350,pct_pediatrico,2.4545896582011105e-09
350,pct_geriatrico,1.3247666322283682e-08
350,pct_femenino_fertil,0.001146848324633141
350,edad_mediana,1.6746835935914343e-08
350,pct_urgencia,0.001146848324633141
350,pct_programada,3.929314621851987e-06
350,pct_obstetrica_ingreso,0.001146848324633141
350,pct_alta_domicilio,2.4339703065876932e-05
350,pct_alta_fallecido,6.661264873483334e-08
350,pct_alta_traslado,0.08400406092396606
350,pct_origen_emergencia,7.646156548692015e-06
350,pct_origen_referencia,0.013853938473653987
350,pct_uso_pabellon,0.001146848324633141
350,pabellones_promedio,0.00037687929204460155
350,tasa_partos,0.008037066119849768
350,tasa_prematurez,0.03918879775222207
350,cv_estancia,0.05679926262965911
350,pct_estancia_larga,0.2139431914542795
351,egresos_por_anio,0.5009428320083533
351,estancia_media,0.0023464131371131883
351,estancia_mediana,0.0022655013667774926
351,peso_medio_grd,0.00012290244632579475
351,severidad_media,0.28536786561611455
351,mortalidad_media,0.1007575842842669
351,entropia_grd,0.04329983842943945
351,comorbilidades_promedio,0.05565523171225649
351,tasa_cma,0.02331401816283111
351,peso_medio_cma,0.0005900313564910822
351,pct_pediatrico,6.427913259943697e-09
351,pct_geriatrico,6.059881310050031e-09
351,pct_femenino_fertil,0.0006579379684985982
351,edad_mediana,6.059881310050031e-09
351,pct_urgencia,0.04329983842943945
351,pct_programada,2.7167268566140067e-05
351,pct_obstetrica_ingreso,0.0022655013667774926
351,pct_alta_domicilio,0.0005342164948585149
351,pct_alta_fallecido,6.465809242922849e-05
351,pct_alta_traslado,0.1884221655855917
351,pct_origen_emergencia,2.544029011111856e-05
351,pct_origen_referencia,0.00040360423435679206
351,pct_uso_pabellon,0.0012515977882238054
351,pabellones_promedio,0.0018767480513053076
351,tasa_partos,0.006512392301137386
351,tasa_prematurez,0.4087321879223713
351,cv_estancia,0.0022655013667774926
351,pct_estancia_larga,0.007195360767184112
352,egresos_por_anio,0.33656408045184577
352,estancia_media,0.13423079540197544
352,estancia_mediana,0.07483274467097605
352,peso_medio_grd,6.838404298386329e-06
352,severidad_media,0.004755906450196352
352,mortalidad_media,0.023773906070216448
352,entropia_grd,0.08031926675833985
352,comorbilidades_promedio,0.28545855591729596
352,tasa_cma,0.003835898876408095
352,peso_medio_cma,0.12256255405478603
352,pct_pediatrico,5.860779932916979e-10
352,pct_geriatrico,1.2604090615816946e-06
352,pct_femenino_fertil,1.0510748802792236e-05
352,edad_mediana,2.313071080919908e-07
352,pct_urgencia,0.013793744585237248
352,pct_programada,4.604746108717752e-06
352,pct_obstetrica_ingreso,7.446430876247819e-05
352,pct_alta_domicilio,0.0013294146816086691
352,pct_alta_fallecido,1.9958548243413322e-05
352,pct_alta_traslado,0.14541147240052912
352,pct_origen_emergencia,0.013295999482680062
352,pct_origen_referencia,0.6297610489491678
352,pct_uso_pabellon,6.838404298386329e-06
352,pabellones_promedio,7.446430876247819e-05
352,tasa_partos,0.00046759124130993937
352,tasa_prematurez,0.08031926675833985
352,cv_estancia,0.014509743808551733
352,pct_estancia_larga,0.22762133939626156
353,egresos_por_anio,0.7444537636098563
353,estancia_media,0.0008443289122592659
353,estancia_mediana,0.021050269995980336
353,peso_medio_grd,4.0253771432147385e-05
353,severidad_media,1.8820278873180858e-05
353,mortalidad_media,8.281487123087479e-07
353,entropia_grd,0.1769216340166755
353,comorbilidades_promedio,0.009859915927375925
353,tasa_cma,0.0008455762713437668
353,peso_medio_cma,0.015427888759500987
353,pct_pediatrico,1.096941765158901e-08
353,pct_geriatrico,4.806022931241019e-07
353,pct_femenino_fertil,5.727332319210591e-07
353,edad_mediana,1.096941765158901e-08
353,pct_urgencia,0.011003397194624842
353,pct_programada,0.0018481811661487121
353,pct_obstetrica_ingreso,9.451674727074203e-07
353,pct_alta_domicilio,0.0047794559887755885
353,pct_alta_fallecido,0.00019299868030271222
353,pct_alta_traslado,0.2546992525553781
353,pct_origen_emergencia,0.02205281848822879
353,pct_origen_referencia,0.22825183352330478
353,pct_uso_pabellon,0.0005413521086106869
353,pabellones_promedio,0.0026014637074262058
353,tasa_partos,6.553253559562474e-06
353,tasa_prematurez,0.13511194527235315
353,cv_estancia,0.2546992525553781
353,pct_estancia_larga,0.0012215429932315026
354,egresos_por_anio,0.2604257765051773
354,estancia_media,0.8938649814933401
354,estancia_mediana,0.20031317633530593
354,peso_medio_grd,0.03992354643661443
354,severidad_media,0.10574565852926125
354,mortalidad_media,0.1191670330701746
354,entropia_grd,0.005673829686754364
354,comorbilidades_promedio,0.5264544921500213
354,tasa_cma,0.02550581296982107
354,peso_medio_cma,0.0018001074527587589
354,pct_pediatrico,4.520263387815623e-09
354,pct_geriatrico,4.1247995501883666e-08
354,pct_femenino_fertil,4.869159813740935e-05
354,edad_mediana,4.520263387815623e-09
354,pct_urgencia,0.0018001074527587589
354,pct_programada,0.002809915406407106
354,pct_obstetrica_ingreso,0.04286615199331686
354,pct_alta_domicilio,5.113127155178081e-05
354,pct_alta_fallecido,6.309650203158086e-07
354,pct_alta_traslado,0.02550581296982107
354,pct_origen_emergencia,0.08806601627182689
354,pct_origen_referencia,0.08884981279367941
354,pct_uso_pabellon,4.869159813740935e-05
354,pabellones_promedio,0.004571369786024709
354,tasa_partos,0.1670122010767546
354,tasa_prematurez,0.0850432327665704
354,cv_estancia,0.07523366037905523
354,pct_estancia_larga,0.40606890000135437
355,egresos_por_anio,0.2074953033808619
355,estancia_media,0.0001804528162483858
355,estancia_mediana,0.0023478071289805367
355,peso_medio_grd,8.37104509385807e-08
355,severidad_media,0.00016039291207284613
355,mortalidad_media,1.3201792994259077e-05
355,entropia_grd,0.017230326453403316
355,comorbilidades_promedio,0.0001852959879827506
355,tasa_cma,0.001955916109256167
355,peso_medio_cma,5.349731964886847e-05
355,pct_pediatrico,4.585369699201846e-06
355,pct_geriatrico,2.4204253168227672e-06
355,pct_femenino_fertil,4.484486361725824e-06
355,edad_mediana,4.484486361725824e-06
355,pct_urgencia,0.003930559639515993
355,pct_programada,4.484486361725824e-06
355,pct_obstetrica_ingreso,4.1261971719940126e-05
355,pct_alta_domicilio,0.00391879626256074
355,pct_alta_fallecido,0.0048898825823070384
355,pct_alta_traslado,0.11264742248010852
355,pct_origen_emergencia,0.00031971162799469106
355,pct_origen_referencia,0.00391879626256074
355,pct_uso_pabellon,0.1295224489446525
355,pabellones_promedio,0.005024752446233751
355,tasa_partos,0.0001804528162483858
355,tasa_prematurez,0.4386014946852438
355,cv_estancia,0.0003032165117319091
355,pct_estancia_larga,7.580855878116331e-05
356,egresos_por_anio,0.3768757657691205
356,estancia_media,1.1797645676622028e-05
356,estancia_mediana,1.4198368970666534e-05
356,peso_medio_grd,0.00023128653048689742
356,severidad_media,1.1797645676622028e-05
356,mortalidad_media,3.2508300698631566e-06
356,entropia_grd,0.25990773266814465
356,comorbilidades_promedio,0.003210647679150886
356,tasa_cma,0.03205868747707617
356,peso_medio_cma,1.4198368970666534e-05
356,pct_pediatrico,7.757921135296156e-09
356,pct_geriatrico,4.6100410157446406e-08
356,pct_femenino_fertil,1.7821817882846138e-07
356,edad_mediana,7.757921135296156e-09
356,pct_urgencia,0.0950959770942743
356,pct_programada,0.035130470560586574
356,pct_obstetrica_ingreso,1.1797645676622028e-05
356,pct_alta_domicilio,0.057022412104893894
356,pct_alta_fallecido,1.2198430736185888e-05
356,pct_alta_traslado,0.044941096331729824
356,pct_origen_emergencia,0.02836015780775561
356,pct_origen_referencia,0.0845034000764552
356,pct_uso_pabellon,0.057022412104893894
356,pabellones_promedio,0.18852982909922156
356,tasa_partos,1.4198368970666534e-05
356,tasa_prematurez,0.7907142033489434
356,cv_estancia,0.25990773266814465
356,pct_estancia_larga,4.8192410240673845e-05
357,egresos_por_anio,0.2571749947895818
357,estancia_media,0.004627897846399839
357,estancia_mediana,0.029580361783014496
357,peso_medio_grd,0.0001340075994928385
357,severidad_media,0.2582708503658616
357,mortalidad_media,0.0048959041177555705
357,entropia_grd,0.01936556709096875
357,comorbilidades_promedio,0.019869551700015083
357,tasa_cma,5.0911077824936295e-05
357,peso_medio_cma,0.009298027669484914
357,pct_pediatrico,8.759741293675703e-07
357,pct_geriatrico,6.508341217625422e-08
357,pct_femenino_fertil,0.0001340075994928385
357,edad_mediana,3.262370925153022e-08
357,pct_urgencia,7.043500864610074e-06
357,pct_programada,5.019027930476523e-07
357,pct_obstetrica_ingreso,0.00013007591664291536
357,pct_alta_domicilio,8.759741293675703e-07
357,pct_alta_fallecido,5.05988384530636e-05
357,pct_alta_traslado,0.000191831048874712
357,pct_origen_emergencia,0.00024318643901897227
357,pct_origen_referencia,0.052730053812603074
357,pct_uso_pabellon,0.0001440636139224546
357,pabellones_promedio,0.0012655206992891565
357,tasa_partos,0.0010496610844869436
357,tasa_prematurez,0.010109407896385324
357,cv_estancia,0.12611706277067272
357,pct_estancia_larga,0.014780745467720985
358,egresos_por_anio,0.34089474849522033
358,estancia_media,1.8391209862606382e-05
358,estancia_mediana,1.1799392128403417e-06
358,peso_medio_grd,0.06326773242490995
358,severidad_media,1.6514011726730042e-05
358,mortalidad_media,1.2665189827569899e-06
358,entropia_grd,0.0017341591981724037
358,comorbilidades_promedio,1.8391209862606382e-05
358,tasa_cma,0.0014606786845540926
358,peso_medio_cma,0.00016330320199515813
358,pct_pediatrico,1.0309888841026567e-07
358,pct_geriatrico,1.582046653187462e-07
358,pct_femenino_fertil,1.2940764039741062e-06
358,edad_mediana,2.256713849222559e-07
358,pct_urgencia,1.1799392128403417e-06
358,pct_programada,0.009619194394370449
358,pct_obstetrica_ingreso,2.1673632179145445e-05
358,pct_alta_domicilio,1.8391209862606382e-05
358,pct_alta_fallecido,3.159444035085904e-07
358,pct_alta_traslado,0.04229342955933527
358,pct_origen_emergencia,0.09086448987566142
358,pct_origen_referencia,0.11251314387229241
358,pct_uso_pabellon,0.00010985335455940903
358,pabellones_promedio,0.018123819403788387
358,tasa_partos,5.975281559341831e-06
358,tasa_prematurez,0.0709032260904012
358,cv_estancia,0.001245383694165911
358,pct_estancia_larga,0.00034719911339577413
359,egresos_por_anio,0.00956861860733995
359,estancia_media,8.9739560636376e-06
359,estancia_mediana,4.653331140169073e-06
359,peso_medio_grd,2.0082640862541335e-06
359,severidad_media,0.00013286556571950306
359,mortalidad_media,6.0285240578245056e-06
359,entropia_grd,0.1451504733956035
359,comorbilidades_promedio,0.0009491612107940284
359,tasa_cma,0.001046893421466122
359,peso_medio_cma,0.0026612929274929305
359,pct_pediatrico,6.940053829810623e-07
359,pct_geriatrico,2.365137964362148e-06
359,pct_femenino_fertil,6.903467717957367e-07
359,edad_mediana,3.4950011315546134e-06
359,pct_urgencia,6.940053829810623e-07
359,pct_programada,6.940053829810623e-07
359,pct_obstetrica_ingreso,6.940053829810623e-07
359,pct_alta_domicilio,6.903467717957367e-07
359,pct_alta_fallecido,6.903467717957367e-07
359,pct_alta_traslado,9.617510839892396e-05
359,pct_origen_emergencia,5.42217210128355e-05
359,pct_origen_referencia,0.0003666361372558008
359,pct_uso_pabellon,0.006061502483314383
359,pabellones_promedio,0.00956861860733995
359,tasa_partos,6.940053829810623e-07
359,tasa_prematurez,0.002953275955409235
359,cv_estancia,0.0005034021306134104
359,pct_estancia_larga,0.0003128894514620718
360,egresos_por_anio,0.8164188669346211
360,estancia_media,0.020546353490297535
360,estancia_mediana,0.0007167538940012662
360,peso_medio_grd,0.3384103082615962
360,severidad_media,0.0025266784917213694
360,mortalidad_media,0.0003172490236703887
360,entropia_grd,0.11105663272007225
360,comorbilidades_promedio,0.11105663272007225
360,tasa_cma,0.06463893441481673
360,peso_medio_cma,0.0003172490236703887
360,pct_pediatrico,8.651851905528631e-09
360,pct_geriatrico,1.2916301514212541e-08
360,pct_femenino_fertil,6.899127072205643e-05
360,edad_mediana,8.446387099788805e-09
360,pct_urgencia,0.003218597973455842
360,pct_programada,0.1869614640156617
360,pct_obstetrica_ingreso,0.0003607062605214923
360,pct_alta_domicilio,0.0002919274556930917
360,pct_alta_fallecido,0.00013598014463759382
360,pct_alta_traslado,0.0002919274556930917
360,pct_origen_emergencia,0.19036700732562437
360,pct_origen_referencia,0.06662873650359583
360,pct_uso_pabellon,0.001006876749574206
360,pabellones_promedio,0.10450472002373264
360,tasa_partos,0.0002919274556930917
360,tasa_prematurez,0.07212804506048597
360,cv_estancia,0.2149728764754994
360,pct_estancia_larga,0.047145644674967936
361,egresos_por_anio,0.33320007721027894
361,estancia_media,4.5218428935679315e-06
361,estancia_mediana,0.000913094992240127
361,peso_medio_grd,1.4021236070585394e-07
361,severidad_media,3.59201331011362e-05
361,mortalidad_media,1.219066160543709e-05
361,entropia_grd,0.039878772897446076
361,comorbilidades_promedio,0.0003029742879950679
361,tasa_cma,0.006670772923603951
361,peso_medio_cma,0.000913094992240127
361,pct_pediatrico,2.4115991368049655e-07
361,pct_geriatrico,3.3975323125168857e-06
361,pct_femenino_fertil,3.318060627858997e-07
361,edad_mediana,6.299689747347062e-07
361,pct_urgencia,0.00871682975179888
361,pct_programada,6.292035614253079e-05
361,pct_obstetrica_ingreso,6.545110042207125e-07
361,pct_alta_domicilio,0.01654095598835707
361,pct_alta_fallecido,0.00027184941724625914
361,pct_alta_traslado,0.13842987036939639
361,pct_origen_emergencia,0.0003029742879950679
361,pct_origen_referencia,0.00737790766237813
361,pct_uso_pabellon,0.00012107882871883017
361,pabellones_promedio,0.0003029742879950679
361,tasa_partos,9.284510864549175e-07
361,tasa_prematurez,0.010243460944105815
361,cv_estancia,0.15714482671406033
361,pct_estancia_larga,1.446645836382907e-06
362,egresos_por_anio,0.3722557383761493
362,estancia_media,0.0006017929954401485
362,estancia_mediana,1.851470514236076e-05
362,peso_medio_grd,0.000548659717752236
362,severidad_media,0.015404275894165919
362,mortalidad_media,0.0003729483049539189
362,entropia_grd,0.001053258146689284
362,comorbilidades_promedio,0.00010335696016522899
362,tasa_cma,0.8148334551458922
362,peso_medio_cma,0.0001479362665899331
362,pct_pediatrico,3.5501720673505193e-09
362,pct_geriatrico,5.583310463108586e-10
362,pct_femenino_fertil,0.0039447427521618955
362,edad_mediana,5.583310463108586e-10
362,pct_urgencia,0.009542081982693244
362,pct_programada,0.0034486896994817304
362,pct_obstetrica_ingreso,0.0017496814150540667
362,pct_alta_domicilio,1.0672963612418666e-06
362,pct_alta_fallecido,3.2862533748950775e-08
362,pct_alta_traslado,0.009542081982693244
362,pct_origen_emergencia,0.03920434898597556
362,pct_origen_referencia,0.006902562028478207
362,pct_uso_pabellon,0.05106264514695021
362,pabellones_promedio,0.031011111396389072
362,tasa_partos,0.0004773617604409172
362,tasa_prematurez,0.042243816303847194
362,cv_estancia,0.002211451989490314
362,pct_estancia_larga,0.0031056790982353496
363,egresos_por_anio,0.17704165586731782
363,estancia_media,9.319196084741597e-06
363,estancia_mediana,1.3340333168930059e-06
363,peso_medio_grd,0.021231928767803724
363,severidad_media,0.0012679090048860072
363,mortalidad_media,2.24481409275897e-06
363,entropia_grd,0.28800387529163163
363,comorbilidades_promedio,2.1923881355003343e-05
363,tasa_cma,0.08502377714154359
363,peso_medio_cma,0.004677192800606364
363,pct_pediatrico,1.4576894141179021e-07
363,pct_geriatrico,5.864145492025111e-09
363,pct_femenino_fertil,0.0033515219458702984
363,edad_mediana,5.864145492025111e-09
363,pct_urgencia,4.779235437289938e-05
363,pct_programada,0.004947360468827971
363,pct_obstetrica_ingreso,0.0048503460159666344
363,pct_alta_domicilio,0.00017048765538660668
363,pct_alta_fallecido,1.899633859068274e-05
363,pct_alta_traslado,0.01381961519512589
363,pct_origen_emergencia,0.051733769152071514
363,pct_origen_referencia,0.016904934194037213
363,pct_uso_pabellon,0.01243913428674137
363,pabellones_promedio,0.17704165586731782
363,tasa_partos,0.008031194597621982
363,tasa_prematurez,0.002983410614894541
363,cv_estancia,0.9234148480380858
363,pct_estancia_larga,4.779235437289938e-05
364,egresos_por_anio,0.9325699841561803
364,estancia_media,0.013571691853954631
364,estancia_mediana,0.017033074519489492
364,peso_medio_grd,9.765041948261684e-05
364,severidad_media,0.0033216248408112544
364,mortalidad_media,0.049350167160228185
364,entropia_grd,0.8121279350527982
364,comorbilidades_promedio,0.8121279350527982
364,tasa_cma,0.049350167160228185
364,peso_medio_cma,0.006266213218671635
364,pct_pediatrico,1.7898286180276007e-09
364,pct_geriatrico,1.9261167614728714e-07
364,pct_femenino_fertil,3.934919174641708e-05
364,edad_mediana,1.6277498300722584e-08
364,pct_urgencia,0.000859302338164806
364,pct_programada,6.260425053583347e-05
364,pct_obstetrica_ingreso,0.0002958253136080422
364,pct_alta_domicilio,0.017033074519489492
364,pct_alta_fallecido,5.3602473704016476e-05
364,pct_alta_traslado,0.1630656529345699
364,pct_origen_emergencia,0.005717057339741177
364,pct_origen_referencia,0.05435317630829649
364,pct_uso_pabellon,0.006266213218671635
364,pabellones_promedio,0.005132514697316456
364,tasa_partos,0.10720218406180151
364,tasa_prematurez,0.8395371842257008
364,cv_estancia,5.3602473704016476e-05
364,pct_estancia_larga,0.017033074519489492
365,egresos_por_anio,0.0013984643338016336
365,estancia_media,0.0014768534564969672
365,estancia_mediana,0.009881254946884665
365,peso_medio_grd,5.364213851564984e-07
365,severidad_media,0.0013984643338016336
365,mortalidad_media,0.000106163941785218
365,entropia_grd,0.11456431691432997
365,comorbilidades_promedio,0.10169883487361724
365,tasa_cma,0.011205506098065832
365,peso_medio_cma,0.0013984643338016336
365,pct_pediatrico,1.3482985048264568e-07
365,pct_geriatrico,3.7216196295556566e-08
365,pct_femenino_fertil,1.974567795722751e-05
365,edad_mediana,3.7216196295556566e-08
365,pct_urgencia,0.5524892829252468
365,pct_programada,0.0024542113771616717
365,pct_obstetrica_ingreso,0.00015694929826234788
365,pct_alta_domicilio,0.0010649151876461621
365,pct_alta_fallecido,0.00015694929826234788
365,pct_alta_traslado,0.020026889924339035
365,pct_origen_emergencia,0.02473068452895952
365,pct_origen_referencia,0.01341100777065827
365,pct_uso_pabellon,0.00519504521525061
365,pabellones_promedio,0.00519504521525061
365,tasa_partos,0.0013984643338016336
365,tasa_prematurez,0.33843670537216586
365,cv_estancia,0.02473068452895952
365,pct_estancia_larga,0.00020912431508915896
366,egresos_por_anio,0.3293398406201222
366,estancia_media,0.008132160953701747
366,estancia_mediana,0.0024888419334873
366,peso_medio_grd,0.00013165777862571965
366,severidad_media,2.8308410794105134e-05
366,mortalidad_media,2.367238566237644e-05
366,entropia_grd,0.17828493986643792
366,comorbilidades_promedio,9.649065628114317e-06
366,tasa_cma,0.160888757766618
366,peso_medio_cma,0.003102913312855087
366,pct_pediatrico,3.208192057340893e-08
366,pct_geriatrico,5.661301464781117e-07
366,pct_femenino_fertil,1.37029926511889e-05
366,edad_mediana,3.208192057340893e-08
366,pct_urgencia,5.2406178579228464e-05
366,pct_programada,1.4536297059690427e-05
366,pct_obstetrica_ingreso,1.4536297059690427e-05
366,pct_alta_domicilio,3.9260650206237335e-05
366,pct_alta_fallecido,4.080930144791119e-05
366,pct_alta_traslado,0.0009549092255708219
366,pct_origen_emergencia,7.349195021723647e-06
366,pct_origen_referencia,0.00031007110926974194
366,pct_uso_pabellon,0.46475668692094274
366,pabellones_promedio,0.11463617893006638
366,tasa_partos,9.56617782872486e-06
366,tasa_prematurez,0.014828266209682785
366,cv_estancia,0.03383497793283545
366,pct_estancia_larga,0.009903717524156485
367,egresos_por_anio,0.7088746191240051
367,estancia_media,0.008062872312015123
367,estancia_mediana,0.013304363524209904
367,peso_medio_grd,1.4057747512985362e-05
367,severidad_media,0.008062872312015123
367,mortalidad_media,0.010334339211501531
367,entropia_grd,0.37017201263696287
367,comorbilidades_promedio,0.05318681157407833
367,tasa_cma,0.5123627391171344
367,peso_medio_cma,0.00706788624721524
367,pct_pediatrico,1.0636167679395373e-09
367,pct_geriatrico,1.207979461626346e-06
367,pct_femenino_fertil,3.4859319706616107e-06
367,edad_mediana,4.710113151297193e-07
367,pct_urgencia,0.00020650119055726606
367,pct_programada,5.489567025011614e-07
367,pct_obstetrica_ingreso,2.174484585349876e-05
367,pct_alta_domicilio,0.001969025587391548
367,pct_alta_fallecido,3.5671728719932654e-06
367,pct_alta_traslado,0.3678377796633614
367,pct_origen_emergencia,3.20587397239394e-05
367,pct_origen_referencia,0.07934600606259984
367,pct_uso_pabellon,0.0032212845680361472
367,pabellones_promedio,0.32397533498132897
367,tasa_partos,9.372338245527164e-06
367,tasa_prematurez,0.7058902134809459
367,cv_estancia,0.501676641234156
367,pct_estancia_larga,0.010334339211501531
368,egresos_por_anio,0.23239363567890928
368,estancia_media,0.018694422422399246
368,estancia_mediana,0.0021538630902699584
368,peso_medio_grd,5.499516523255344e-06
368,severidad_media,0.09195831949001276
368,mortalidad_media,0.0035041579438995873
368,entropia_grd,0.21191815029508723
368,comorbilidades_promedio,0.0012280574066723157
368,tasa_cma,0.06560103237077694
368,peso_medio_cma,0.009453165595582543
368,pct_pediatrico,1.329855868342288e-07
368,pct_geriatrico,1.1721527800217967e-06
368,pct_femenino_fertil,0.0012280574066723157
368,edad_mediana,7.246566179477574e-07
368,pct_urgencia,0.0021538630902699584
368,pct_programada,7.246566179477574e-07
368,pct_obstetrica_ingreso,0.00047122859664604585
368,pct_alta_domicilio,9.587450980672331e-06
368,pct_alta_fallecido,0.000898277730161459
368,pct_alta_traslado,0.008788839686583175
368,pct_origen_emergencia,9.546775971195886e-05
368,pct_origen_referencia,0.00368316245366508
368,pct_uso_pabellon,0.0035041579438995873
368,pabellones_promedio,0.0021201771883149903
368,tasa_partos,0.005608687003784345
368,tasa_prematurez,0.21993426764388163
368,cv_estancia,0.009737440903229705
368,pct_estancia_larga,0.1073183907411697
369,egresos_por_anio,0.02336322017827061
369,estancia_media,0.023825310537446142
369,estancia_mediana,0.06435941330485556
369,peso_medio_grd,2.0396976083505738e-05
369,severidad_media,0.007974366563752975
369,mortalidad_media,0.0005950508898652307
369,entropia_grd,0.450172580350155
369,comorbilidades_promedio,0.01204751236826775
369,tasa_cma,0.575531235974722
369,peso_medio_cma,0.035569586710126326
369,pct_pediatrico,1.1308729517278673e-08
369,pct_geriatrico,1.659420844446595e-06
369,pct_femenino_fertil,4.583677387653383e-06
369,edad_mediana,1.521955916737926e-07
369,pct_urgencia,0.01204751236826775
369,pct_programada,1.0412119632405713e-06
369,pct_obstetrica_ingreso,9.64400351935816e-06
369,pct_alta_domicilio,0.00011745935532018688
369,pct_alta_fallecido,1.0412119632405713e-06
369,pct_alta_traslado,0.007645552937800963
369,pct_origen_emergencia,4.583677387653383e-06
369,pct_origen_referencia,0.0001734667645467897
369,pct_uso_pabellon,0.2780111308350583
369,pabellones_promedio,0.02336322017827061
369,tasa_partos,1.8645344114376712e-05
369,tasa_prematurez,0.035569586710126326
369,cv_estancia,0.01204751236826775
369,pct_estancia_larga,0.02336322017827061
370,egresos_por_anio,0.02193605731424412
370,estancia_media,0.0034147336722851257
370,estancia_mediana,1.7200236833822896e-05
370,peso_medio_grd,5.358818782200627e-05
370,severidad_media,5.2563469351748484e-05
370,mortalidad_media,8.472612308271214e-07
370,entropia_grd,0.0023189757723408384
370,comorbilidades_promedio,0.0005506279369008471
370,tasa_cma,0.003209141825982374
370,peso_medio_cma,0.003180396104733455
370,pct_pediatrico,1.3505102979418694e-07
370,pct_geriatrico,1.20806541107384e-07
370,pct_femenino_fertil,3.686509842838415e-07
370,edad_mediana,1.3505102979418694e-07
370,pct_urgencia,4.910565923784856e-06
370,pct_programada,4.910565923784856e-06
370,pct_obstetrica_ingreso,1.3505102979418694e-07
370,pct_alta_domicilio,5.358818782200627e-05
370,pct_alta_fallecido,0.00012755025438980087
370,pct_alta_traslado,5.358818782200627e-05
370,pct_origen_emergencia,1.4915659464543232e-05
370,pct_origen_referencia,1.4265525100771496e-06
370,pct_uso_pabellon,0.0015626756708344235
370,pabellones_promedio,0.010141558579892327
370,tasa_partos,1.3505102979418694e-07
370,tasa_prematurez,0.003209141825982374
370,cv_estancia,0.06810518501606451
370,pct_estancia_larga,0.0054535919545136355
371,egresos_por_anio,0.14993375279580773
371,estancia_media,0.011601265460261068
371,estancia_mediana,0.0010066074649077916
371,peso_medio_grd,0.005716772733080175
371,severidad_media,0.16431667920168733
371,mortalidad_media,0.17033390889499603
371,entropia_grd,5.116441663956953e-05
371,comorbilidades_promedio,0.02964841643889281
371,tasa_cma,0.014523161537137806
371,peso_medio_cma,0.0016010223215954435
371,pct_pediatrico,4.41483673339961e-09
371,pct_geriatrico,3.70518758196913e-08
371,pct_femenino_fertil,0.0002758664293749514
371,edad_mediana,1.1641955883280144e-08
371,pct_urgencia,0.00531988667239592
371,pct_programada,0.0010066074649077916
371,pct_obstetrica_ingreso,0.012507322458574312
371,pct_alta_domicilio,8.080301782580991e-05
371,pct_alta_fallecido,1.2938476513526524e-05
371,pct_alta_traslado,0.01706617971947147
371,pct_origen_emergencia,0.0010066074649077916
371,pct_origen_referencia,0.003189476407990979
371,pct_uso_pabellon,0.0007101004350535395
371,pabellones_promedio,0.00206213963057582
371,tasa_partos,0.011791287157031058
371,tasa_prematurez,0.02429878860103865
371,cv_estancia,0.011601265460261068
371,pct_estancia_larga,0.126566459754747
372,egresos_por_anio,0.4453735623382326
372,estancia_media,0.596128960451067
372,estancia_mediana,0.2216024184939581
372,peso_medio_grd,0.0049968799169130195
372,severidad_media,0.8850234510204246
372,mortalidad_media,0.4171499062986088
372,entropia_grd,0.010594685351340262
372,comorbilidades_promedio,0.0033707550826845537
372,tasa_cma,0.0056015282580138175
372,peso_medio_cma,0.012021197002688506
372,pct_pediatrico,5.667009314629915e-08
372,pct_geriatrico,6.97186898953617e-08
372,pct_femenino_fertil,0.0010966837658811547
372,edad_mediana,6.859465332157164e-08
372,pct_urgencia,2.508725117252983e-05
372,pct_programada,1.2628375156704222e-05
372,pct_obstetrica_ingreso,0.0056015282580138175
372,pct_alta_domicilio,0.04792200637290114
372,pct_alta_fallecido,0.0010966837658811547
372,pct_alta_traslado,0.3684643371389843
372,pct_origen_emergencia,0.020824072144747133
372,pct_origen_referencia,0.32908366328519356
372,pct_uso_pabellon,0.0005764921334760339
372,pabellones_promedio,0.0049968799169130195
372,tasa_partos,0.017257825678518104
372,tasa_prematurez,0.09311030209593517
372,cv_estancia,0.020136601598421656
372,pct_estancia_larga,0.5859521630703713
373,egresos_por_anio,0.12221454529229539
373,estancia_media,2.665921271988182e-05
373,estancia_mediana,0.004076154805879801
373,peso_medio_grd,7.488594762429164e-08
373,severidad_media,4.4829457688625335e-05
373,mortalidad_media,0.00032674809732098864
373,entropia_grd,0.006914505974781463
373,comorbilidades_promedio,0.0016212063339596074
373,tasa_cma,0.0735235746781855
373,peso_medio_cma,0.008723664357781031
373,pct_pediatrico,2.9608976374364637e-08
373,pct_geriatrico,1.2926261913669307e-07
373,pct_femenino_fertil,1.4517088534392904e-06
373,edad_mediana,2.9608976374364637e-08
373,pct_urgencia,0.009384032394708797
373,pct_programada,1.4517088534392904e-06
373,pct_obstetrica_ingreso,7.657882333865177e-07
373,pct_alta_domicilio,0.0016212063339596074
373,pct_alta_fallecido,0.0006732181350204358
373,pct_alta_traslado,0.014893865165710646
373,pct_origen_emergencia,8.299243919847973e-06
373,pct_origen_referencia,0.0007129030842939178
373,pct_uso_pabellon,3.815326756965466e-05
373,pabellones_promedio,0.00032674809732098864
373,tasa_partos,1.0488377730651017e-05
373,tasa_prematurez,0.0028144171429301625
373,cv_estancia,0.012164470040887774
373,pct_estancia_larga,2.1545751493969542e-05
374,egresos_por_anio,0.2695525976726069
374,estancia_media,0.0462356002520656
374,estancia_mediana,0.004763940998224972
374,peso_medio_grd,0.09935240907237501
374,severidad_media,0.8516958891376829
374,mortalidad_media,0.4986244206734171
374,entropia_grd,0.005527616694857759
374,comorbilidades_promedio,0.06764182575710596
374,tasa_cma,0.009936762734363582
374,peso_medio_cma,0.001337951207051763
374,pct_pediatrico,1.956866201349812e-09
374,pct_geriatrico,3.2252635303091455e-07
374,pct_femenino_fertil,0.014527113642719889
374,edad_mediana,7.105976047895931e-09
374,pct_urgencia,0.00015150434475682433
374,pct_programada,0.0008832943089684887
374,pct_obstetrica_ingreso,0.20080660176457177
374,pct_alta_domicilio,0.001337951207051763
374,pct_alta_fallecido,8.850890360398266e-07
374,pct_alta_traslado,0.7581192880517275
374,pct_origen_emergencia,0.023161667414373758
374,pct_origen_referencia,0.5629521662709948
374,pct_uso_pabellon,0.0462356002520656
374,pabellones_promedio,0.102958006680713
374,tasa_partos,0.6740411963559578
374,tasa_prematurez,0.43361743739377234
374,cv_estancia,0.014527113642719889
374,pct_estancia_larga,0.28448485324143036
375,egresos_por_anio,0.3864826971866336
375,estancia_media,0.025054119617654254
375,estancia_mediana,0.01783984699752656
375,peso_medio_grd,0.0003660008978148211
375,severidad_media,0.0771309956103404
375,mortalidad_media,0.3349324395020968
375,entropia_grd,0.001747281546828864
375,comorbilidades_promedio,0.25205981289225066
375,tasa_cma,0.01915983051996047
375,peso_medio_cma,0.0035023460343607156
375,pct_pediatrico,1.657279498425e-09
375,pct_geriatrico,1.1029566488567222e-07
375,pct_femenino_fertil,0.014720430040809064
375,edad_mediana,9.13527033868588e-09
375,pct_urgencia,0.004324780048827154
375,pct_programada,0.00042969411578521697
375,pct_obstetrica_ingreso,0.11262793659128066
375,pct_alta_domicilio,0.0016319618624010118
375,pct_alta_fallecido,9.537374225293969e-05
375,pct_alta_traslado,0.03896721851859515
375,pct_origen_emergencia,0.00925652927977338
375,pct_origen_referencia,0.016539364429780098
375,pct_uso_pabellon,0.0005352642504282871
375,pabellones_promedio,0.004975108549088489
375,tasa_partos,0.2795600114370985
375,tasa_prematurez,0.8047669186185131
375,cv_estancia,0.1579424243904476
375,pct_estancia_larga,0.016539364429780098
376,egresos_por_anio,0.9700462501678316
376,estancia_media,0.008093736121512702
376,estancia_mediana,0.02124521436390214
376,peso_medio_grd,0.0001129719641123053
376,severidad_media,0.42998489007541935
376,mortalidad_media,0.17549021735734044
376,entropia_grd,0.08567213808647765
376,comorbilidades_promedio,0.011294404534519286
376,tasa_cma,0.49664739956906323
376,peso_medio_cma,0.014016355063470287
376,pct_pediatrico,3.653349277048356e-08
376,pct_geriatrico,4.475079911926717e-08
376,pct_femenino_fertil,1.4296871384683641e-05
376,edad_mediana,3.653349277048356e-08
376,pct_urgencia,0.17903098861648944
376,pct_programada,5.4020548143415946e-05
376,pct_obstetrica_ingreso,0.00010451154115961627
376,pct_alta_domicilio,0.0003683284030663864
376,pct_alta_fallecido,0.0014175001456587094
376,pct_alta_traslado,0.2143951486157119
376,pct_origen_emergencia,0.00027186042100473353
376,pct_origen_referencia,0.006291862382061721
376,pct_uso_pabellon,0.06778096508806081
376,pabellones_promedio,0.055118605275445556
376,tasa_partos,0.0007268159469807477
376,tasa_prematurez,0.17549021735734044
376,cv_estancia,0.004130068438933418
376,pct_estancia_larga,0.009690835215195918
377,egresos_por_anio,0.7811343050148926
377,estancia_media,0.0010633041160553385
377,estancia_mediana,2.1200419672228593e-05
377,peso_medio_grd,0.016348540618579176
377,severidad_media,1.40995047906713e-05
377,mortalidad_media,2.1200419672228593e-05
377,entropia_grd,0.0009203514986017479
377,comorbilidades_promedio,0.00010568648690069915
377,tasa_cma,0.09787886095414065
377,peso_medio_cma,0.3556763433201371
377,pct_pediatrico,2.900980487856785e-08
377,pct_geriatrico,2.900980487856785e-08
377,pct_femenino_fertil,4.566281431092493e-06
377,edad_mediana,5.050594515799918e-08
377,pct_urgencia,9.862167237520638e-05
377,pct_programada,0.0186044871373058
377,pct_obstetrica_ingreso,2.1200419672228593e-05
377,pct_alta_domicilio,4.294590970473846e-05
377,pct_alta_fallecido,4.0512007070455225e-05
377,pct_alta_traslado,0.034901011936064354
377,pct_origen_emergencia,0.12227812492044168
377,pct_origen_referencia,0.014526348865108746
377,pct_uso_pabellon,0.256394907943678
377,pabellones_promedio,0.31605302755702464
377,tasa_partos,1.40995047906713e-05
377,tasa_prematurez,0.12227812492044168
377,cv_estancia,0.7330930062817832
377,pct_estancia_larga,0.01639129891071587
378,egresos_por_anio,0.0036366235410667247
378,estancia_media,0.4834815357002624
378,estancia_mediana,0.06992614304495653
378,peso_medio_grd,0.0013637851768103025
378,severidad_media,0.11089625552685736
378,mortalidad_media,0.05324947310150385
378,entropia_grd,0.0036366235410667247
378,comorbilidades_promedio,0.02217954632420869
378,tasa_cma,0.00010241068990857367
378,peso_medio_cma,0.01383683858224375
378,pct_pediatrico,2.3605700626658695e-07
378,pct_geriatrico,2.4430876553659045e-05
378,pct_femenino_fertil,0.000639976051056264
378,edad_mediana,1.2113606410431292e-06
378,pct_urgencia,8.684423414347075e-08
378,pct_programada,1.2113606410431292e-06
378,pct_obstetrica_ingreso,0.007077799378485071
378,pct_alta_domicilio,2.5484330346196075e-05
378,pct_alta_fallecido,0.09101494018558529
378,pct_alta_traslado,0.0003667276505023654
378,pct_origen_emergencia,2.167442127879781e-05
378,pct_origen_referencia,0.00028116541538509155
378,pct_uso_pabellon,1.2113606410431292e-06
378,pabellones_promedio,5.251915671853299e-05
378,tasa_partos,0.006610176937272333
378,tasa_prematurez,0.018979842089774105
378,cv_estancia,0.001371646046636133
378,pct_estancia_larga,0.1664420458888152
379,egresos_por_anio,0.15448387748272127
379,estancia_media,6.089772987981329e-06
379,estancia_mediana,1.0121731257464038e-06
379,peso_medio_grd,0.0004237630172815803
379,severidad_media,0.009675715762234428
379,mortalidad_media,0.00018677968447309293
379,entropia_grd,0.0013147540839324563
379,comorbilidades_promedio,0.00044512819606706426
379,tasa_cma,0.03390604756239438
379,peso_medio_cma,0.015733198556616264
379,pct_pediatrico,2.349975933872672e-08
379,pct_geriatrico,2.1912485416002038e-08
379,pct_femenino_fertil,1.845881486656773e-05
379,edad_mediana,9.894463726369411e-09
379,pct_urgencia,0.0010451036763691939
379,pct_programada,0.004870961657155138
379,pct_obstetrica_ingreso,8.200486533667053e-05
379,pct_alta_domicilio,0.0008884631545937592
379,pct_alta_fallecido,0.00012731255477435068
379,pct_alta_traslado,0.09602794249776353
379,pct_origen_emergencia,0.03663155989890179
379,pct_origen_referencia,0.0031063291510037678
379,pct_uso_pabellon,0.010080125604574114
379,pabellones_promedio,0.03955342981715482
379,tasa_partos,0.000300089446368078
379,tasa_prematurez,0.19705496909640177
379,cv_estancia,8.200486533667053e-05
379,pct_estancia_larga,2.6977390428121534e-05
380,egresos_por_anio,0.21927919083951775
380,estancia_media,0.02071849645739536
380,estancia_mediana,0.027841400965995265
380,peso_medio_grd,3.0200885697773234e-06
380,severidad_media,0.011829647064685584
380,mortalidad_media,0.0011367229359370082
380,entropia_grd,0.3646591031892527
380,comorbilidades_promedio,0.17232280021283167
380,tasa_cma,0.03497400468075476
380,peso_medio_cma,0.002130703252239012
380,pct_pediatrico,1.703961105160136e-07
380,pct_geriatrico,4.9470357227777795e-06
380,pct_femenino_fertil,2.8629701591178826e-06
380,edad_mediana,4.0646217914752383e-07
380,pct_urgencia,0.0009303759127561406
380,pct_programada,5.176445368905904e-06
380,pct_obstetrica_ingreso,4.9470357227777795e-06
380,pct_alta_domicilio,0.011829647064685584
380,pct_alta_fallecido,0.0005113104664709778
380,pct_alta_traslado,0.9156838697780622
380,pct_origen_emergencia,0.0004193835797282377
380,pct_origen_referencia,0.010333112922827252
380,pct_uso_pabellon,0.00562167748595137
380,pabellones_promedio,0.13977478127544823
380,tasa_partos,4.175343535587854e-06
380,tasa_prematurez,0.012005614844102144
380,cv_estancia,0.015244988455708616
380,pct_estancia_larga,0.027841400965995265
381,egresos_por_anio,0.3423937059545867
381,estancia_media,3.2021522987351855e-05
381,estancia_mediana,0.00010707419800681683
381,peso_medio_grd,0.0005508430677520355
381,severidad_media,0.006344025063415813
381,mortalidad_media,0.05841756555848276
381,entropia_grd,0.25346501261976584
381,comorbilidades_promedio,0.016035069048081413
381,tasa_cma,0.7472775339792443
381,peso_medio_cma,0.00032073198624214046
381,pct_pediatrico,2.8424567730510594e-09
381,pct_geriatrico,6.716716660234085e-10
381,pct_femenino_fertil,0.001485660569461791
381,edad_mediana,6.716716660234085e-10
381,pct_urgencia,0.7762171721150787
381,pct_programada,0.006344025063415813
381,pct_obstetrica_ingreso,0.0026184235394042165
381,pct_alta_domicilio,0.0013484402217774367
381,pct_alta_fallecido,3.1236441225776335e-06
381,pct_alta_traslado,0.01853784257843183
381,pct_origen_emergencia,0.0007358978941558456
381,pct_origen_referencia,0.0006959661832395283
381,pct_uso_pabellon,0.08437309883852372
381,pabellones_promedio,0.22984378416240603
381,tasa_partos,0.003021505155415606
381,tasa_prematurez,0.04183799317912753
381,cv_estancia,0.20454132723287796
381,pct_estancia_larga,3.3293222923770394e-05
382,egresos_por_anio,0.13729455296822604
382,estancia_media,0.012080903283754236
382,estancia_mediana,0.0002282209426167549
382,peso_medio_grd,0.0020524254736463293
382,severidad_media,0.0012216360777847226
382,mortalidad_media,0.00040129204553952097
382,entropia_grd,0.13065659390042692
382,comorbilidades_promedio,9.027702586136455e-05
382,tasa_cma,0.13729455296822604
382,peso_medio_cma,0.001653964527479683
382,pct_pediatrico,3.6493535066338693e-09
382,pct_geriatrico,1.1179362081262288e-08
382,pct_femenino_fertil,1.4137351112497492e-05
382,edad_mediana,3.6493535066338693e-09
382,pct_urgencia,0.04818437492287824
382,pct_programada,0.010953432540724834
382,pct_obstetrica_ingreso,0.0005114014653986853
382,pct_alta_domicilio,2.2874787922232767e-05
382,pct_alta_fallecido,9.027702586136455e-05
382,pct_alta_traslado,0.010490298525324777
382,pct_origen_emergencia,0.05006432571076599
382,pct_origen_referencia,0.13729455296822604
382,pct_uso_pabellon,0.010198311308671142
382,pabellones_promedio,0.014774534993960815
382,tasa_partos,0.0020524254736463293
382,tasa_prematurez,0.0023506563086906685
382,cv_estancia,0.0012216360777847226
382,pct_estancia_larga,0.023781619094507378
383,egresos_por_anio,0.8325556580386546
383,estancia_media,0.000919812074718672
383,estancia_mediana,0.0004571533034070081
383,peso_medio_grd,0.0002098261308936177
383,severidad_media,0.0018542710639658285
383,mortalidad_media,0.0013524435689071517
383,entropia_grd,0.2195268451772622
383,comorbilidades_promedio,0.0038530063941639254
383,tasa_cma,0.29197013336254696
383,peso_medio_cma,0.000403360357359402
383,pct_pediatrico,1.151639470053988e-08
383,pct_geriatrico,2.4358670884022255e-08
383,pct_femenino_fertil,0.00018979423825679149
383,edad_mediana,1.151639470053988e-08
383,pct_urgencia,0.00339238293579894
383,pct_programada,1.5656233830963233e-05
383,pct_obstetrica_ingreso,0.0018542710639658285
383,pct_alta_domicilio,4.815428669712281e-07
383,pct_alta_fallecido,1.1497746709261455e-07
383,pct_alta_traslado,0.0032750641224936214
383,pct_origen_emergencia,0.0002098261308936177
383,pct_origen_referencia,0.020064391354953397
383,pct_uso_pabellon,0.02037447970337567
383,pabellones_promedio,0.002731601096415511
383,tasa_partos,0.0028796613012359905
383,tasa_prematurez,0.31274576878969246
383,cv_estancia,0.0034809230237221743
383,pct_estancia_larga,0.0018542710639658285
384,egresos_por_anio,0.0005227704829311676
384,estancia_media,0.004621888230618002
384,estancia_mediana,0.00023792954680101794
384,peso_medio_grd,0.012882042113109622
384,severidad_media,0.03579707087574508
384,mortalidad_media,0.0008640905152531327
384,entropia_grd,0.008239849238869135
384,comorbilidades_promedio,0.047205000973935624
384,tasa_cma,0.346170532134498
384,peso_medio_cma,0.0011360046299447204
384,pct_pediatrico,8.039617335832587e-08
384,pct_geriatrico,8.039617335832587e-08
384,pct_femenino_fertil,5.479090944367784e-05
384,edad_mediana,1.603982122553876e-07
384,pct_urgencia,0.5960415130641956
384,pct_programada,0.0017675635036407936
384,pct_obstetrica_ingreso,0.0001579011681266751
384,pct_alta_domicilio,0.0011360046299447204
384,pct_alta_fallecido,1.0377745704011983e-06
384,pct_alta_traslado,0.3569997922335778
384,pct_origen_emergencia,0.00019886780604936346
384,pct_origen_referencia,2.132434540091368e-05
384,pct_uso_pabellon,0.20663561456083204
384,pabellones_promedio,0.34016730997167455
384,tasa_partos,1.0403351212462779e-05
384,tasa_prematurez,0.0017675635036407936
384,cv_estancia,0.03689701651144282
384,pct_estancia_larga,0.025072940135990863
385,egresos_por_anio,0.26430708814375736
385,estancia_media,3.7111285692471976e-05
385,estancia_mediana,1.2638717769765737e-05
385,peso_medio_grd,3.864363694931112e-07
385,severidad_media,1.6375349402681225e-05
385,mortalidad_media,0.0003729355192433164
385,entropia_grd,0.026973239066325098
385,comorbilidades_promedio,8.46565421021731e-05
385,tasa_cma,0.3124951958718937
385,peso_medio_cma,0.07007338353595505
385,pct_pediatrico,1.5713256367513198e-06
385,pct_geriatrico,3.408525529778121e-07
385,pct_femenino_fertil,1.5713256367513198e-06
385,edad_mediana,3.864363694931112e-07
385,pct_urgencia,7.638730780491319e-05
385,pct_programada,3.864363694931112e-07
385,pct_obstetrica_ingreso,3.408525529778121e-07
385,pct_alta_domicilio,0.0003729355192433164
385,pct_alta_fallecido,3.868062685364621e-08
385,pct_alta_traslado,0.8194482906151996
385,pct_origen_emergencia,1.5713256367513198e-06
385,pct_origen_referencia,0.045567590944626285
385,pct_uso_pabellon,0.0031503507522453525
385,pabellones_promedio,0.0038620519446284636
385,tasa_partos,5.621828645811538e-07
385,tasa_prematurez,0.0411410881157963
385,cv_estancia,0.0016736439292521408
385,pct_estancia_larga,0.00018205523233046572
386,egresos_por_anio,0.6976787619416305
386,estancia_media,0.0006404630015115708
386,estancia_mediana,0.0033504360810994544
386,peso_medio_grd,6.678113838083998e-06
386,severidad_media,0.21648596812144213
386,mortalidad_media,0.004362745604176559
386,entropia_grd,0.24632805665566293
386,comorbilidades_promedio,0.007015062645311155
386,tasa_cma,0.007349609534657401
386,peso_medio_cma,4.381872082128817e-05
386,pct_pediatrico,9.422747947422118e-08
386,pct_geriatrico,4.7592732218870653e-07
386,pct_femenino_fertil,0.001225553911204786
386,edad_mediana,2.0371786215749874e-07
386,pct_urgencia,0.007349609534657401
386,pct_programada,2.3444896061292573e-05
386,pct_obstetrica_ingreso,0.001272651182527062
386,pct_alta_domicilio,0.003994480141301523
386,pct_alta_fallecido,0.00029075683917730266
386,pct_alta_traslado,0.7446614406241288
386,pct_origen_emergencia,0.00029075683917730266
386,pct_origen_referencia,0.08300763221452143
386,pct_uso_pabellon,0.004637889647835932
386,pabellones_promedio,0.001272651182527062
386,tasa_partos,0.001272651182527062
386,tasa_prematurez,0.19577698595053397
386,cv_estancia,0.32246176818429595
386,pct_estancia_larga,0.0006404630015115708
387,egresos_por_anio,0.9105677656317676
387,estancia_media,0.01311024330508043
387,estancia_mediana,0.030747553599107077
387,peso_medio_grd,3.819694320590057e-05
387,severidad_media,0.055190483357112984
387,mortalidad_media,0.06724043136186177
387,entropia_grd,0.019463212997819855
387,comorbilidades_promedio,0.05566789831132187
387,tasa_cma,0.0315477705536944
387,peso_medio_cma,0.0010982536630082076
387,pct_pediatrico,2.3102367128625808e-06
387,pct_geriatrico,9.982847409259842e-06
387,pct_femenino_fertil,2.4129369441457693e-06
387,edad_mediana,2.1603782172560197e-05
387,pct_urgencia,0.18147876213632022
387,pct_programada,9.982847409259842e-06
387,pct_obstetrica_ingreso,4.6608919794531545e-06
387,pct_alta_domicilio,2.1603782172560197e-05
387,pct_alta_fallecido,2.4129369441457693e-06
387,pct_alta_traslado,0.0010982536630082076
387,pct_origen_emergencia,9.982847409259842e-06
387,pct_origen_referencia,0.00024501851990345547
387,pct_uso_pabellon,0.0315477705536944
387,pabellones_promedio,0.002350711128543214
387,tasa_partos,0.00012665829533420442
387,tasa_prematurez,0.4523781363154733
387,cv_estancia,0.0005069788569491175
387,pct_estancia_larga,0.014795852070607955
388,egresos_por_anio,0.23022914769906205
388,estancia_media,0.07550874402740061
388,estancia_mediana,0.34034795460552525
388,peso_medio_grd,0.0007630018863719769
388,severidad_media,0.0857585339454312
388,mortalidad_media,0.32762068419497076
388,entropia_grd,0.019451409702896903
388,comorbilidades_promedio,0.43120936400400667
388,tasa_cma,0.34826927602275026
388,peso_medio_cma,0.07815769731795916
388,pct_pediatrico,6.702748503360093e-10
388,pct_geriatrico,3.725948798348183e-07
388,pct_femenino_fertil,0.0007630018863719769
388,edad_mediana,1.1807886237643389e-08
388,pct_urgencia,0.00627552148492235
388,pct_programada,8.37595800264733e-06
388,pct_obstetrica_ingreso,0.0033754124652902
388,pct_alta_domicilio,0.0009039394296282745
388,pct_alta_fallecido,3.2209220019685136e-06
388,pct_alta_traslado,0.07815769731795916
388,pct_origen_emergencia,0.0009039394296282745
388,pct_origen_referencia,0.2641609949001419
388,pct_uso_pabellon,0.0006206865436574968
388,pabellones_promedio,0.0006206865436574968
388,tasa_partos,0.014533424125544696
388,tasa_prematurez,0.2990338357518243
388,cv_estancia,0.06633594755666185
388,pct_estancia_larga,0.09781700743355365
389,egresos_por_anio,0.6822882635901815
389,estancia_media,0.03864538017596234
389,estancia_mediana,0.0357269318163412
389,peso_medio_grd,0.01999605719273533
389,severidad_media,0.0018129138028379374
389,mortalidad_media,0.006258804221695634
389,entropia_grd,0.00018144157031251492
389,comorbilidades_promedio,0.030501704386367835
389,tasa_cma,0.06731235481787413
389,peso_medio_cma,0.0357269318163412
389,pct_pediatrico,4.3095191734489325e-09
389,pct_geriatrico,1.2386443893625784e-07
389,pct_femenino_fertil,6.2266039951596556e-06
389,edad_mediana,2.3662915059461267e-08
389,pct_urgencia,8.36325036552734e-05
389,pct_programada,0.0357269318163412
389,pct_obstetrica_ingreso,3.927885174398323e-05
389,pct_alta_domicilio,8.36325036552734e-05
389,pct_alta_fallecido,1.6313378135222297e-05
389,pct_alta_traslado,0.39143205386917324
389,pct_origen_emergencia,0.03956973787169897
389,pct_origen_referencia,0.4635922595704121
389,pct_uso_pabellon,0.08321257800436341
389,pabellones_promedio,0.2474911968756022
389,tasa_partos,3.645249231137007e-05
389,tasa_prematurez,0.43499648801135055
389,cv_estancia,0.04827428370861465
389,pct_estancia_larga,0.07574683724216941
390,egresos_por_anio,0.8441916263115383
390,estancia_media,0.021598655873193668
390,estancia_mediana,0.0032135171948397736
390,peso_medio_grd,0.03027196546230093
390,severidad_media,0.2614614777388857
390,mortalidad_media,0.03027196546230093
390,entropia_grd,0.0010789245180876591
390,comorbilidades_promedio,0.032480786080829195
390,tasa_cma,0.2042143128236827
390,peso_medio_cma,0.006304201691742963
390,pct_pediatrico,7.591645116345862e-09
390,pct_geriatrico,2.579273231061023e-08
390,pct_femenino_fertil,0.0011681150894502445
390,edad_mediana,3.1013457901580518e-09
390,pct_urgencia,7.795302351964345e-06
390,pct_programada,0.3139248891568162
390,pct_obstetrica_ingreso,0.0010789245180876591
390,pct_alta_domicilio,0.004666265302269555
390,pct_alta_fallecido,0.00014446548680168843
390,pct_alta_traslado,0.01883384534615354
390,pct_origen_emergencia,0.14899520398751234
390,pct_origen_referencia,0.10648339451015364
390,pct_uso_pabellon,0.07167925828767299
390,pabellones_promedio,0.11150416519129633
390,tasa_partos,0.0010789245180876591
390,tasa_prematurez,0.14215874345698887
390,cv_estancia,0.021598655873193668
390,pct_estancia_larga,0.07167925828767299
391,egresos_por_anio,0.005916319959705221
391,estancia_media,0.0006095241215728688
391,estancia_mediana,4.460802658489229e-08
391,peso_medio_grd,0.10923141815723454
391,severidad_media,0.005566174265497319
391,mortalidad_media,0.0026783067391987336
391,entropia_grd,0.07310370731117624
391,comorbilidades_promedio,0.008448552956042799
391,tasa_cma,0.5455885747529414
391,peso_medio_cma,0.0018138712735077764
391,pct_pediatrico,5.083508693258971e-10
391,pct_geriatrico,1.7895721593849566e-09
391,pct_femenino_fertil,0.0006037935779815128
391,edad_mediana,5.083508693258971e-10
391,pct_urgencia,0.039500862268269855
391,pct_programada,0.4274873223924633
391,pct_obstetrica_ingreso,0.000675632892817117
391,pct_alta_domicilio,0.005566174265497319
391,pct_alta_fallecido,3.205203024085004e-06
391,pct_alta_traslado,0.18548502189435193
391,pct_origen_emergencia,0.039500862268269855
391,pct_origen_referencia,0.0023187982930737605
391,pct_uso_pabellon,0.0533034243965937
391,pabellones_promedio,0.19017755222846167
391,tasa_partos,0.0003876917869472802
391,tasa_prematurez,0.012196933401960314
391,cv_estancia,0.016551916749114166
391,pct_estancia_larga,0.03621480420472241
392,egresos_por_anio,0.4128816757061577
392,estancia_media,0.003531410621927431
392,estancia_mediana,0.00012490736598402727
392,peso_medio_grd,0.001047260633861524
392,severidad_media,0.002305739212331667
392,mortalidad_media,5.765272301983526e-05
392,entropia_grd,0.07441416605898396
392,comorbilidades_promedio,0.018799693178678384
392,tasa_cma,0.7755601642518246
392,peso_medio_cma,0.00020015987082758687
392,pct_pediatrico,2.3183794777527594e-10
392,pct_geriatrico,2.0435647030015346e-09
392,pct_femenino_fertil,3.348086444851728e-07
392,edad_mediana,7.616424448315628e-10
392,pct_urgencia,0.1125344153486281
392,pct_programada,0.06284526164933214
392,pct_obstetrica_ingreso,2.4989256721816723e-06
392,pct_alta_domicilio,0.003531410621927431
392,pct_alta_fallecido,3.9209860013094344e-06
392,pct_alta_traslado,0.02979948969484362
392,pct_origen_emergencia,0.1125344153486281
392,pct_origen_referencia,0.014868166143312737
392,pct_uso_pabellon,0.08916212381911426
392,pabellones_promedio,0.9332298412515085
392,tasa_partos,6.619072749644007e-05
392,tasa_prematurez,0.03227515470709354
392,cv_estancia,0.00780351130667587
392,pct_estancia_larga,0.014161880576406142
393,egresos_por_anio,0.19955343783817214
393,estancia_media,3.514652601942451e-05
393,estancia_mediana,1.3819232783251133e-05
393,peso_medio_grd,4.440989632274513e-05
393,severidad_media,1.737903845814487e-05
393,mortalidad_media,1.030775005742361e-05
393,entropia_grd,0.5703777962275949
393,comorbilidades_promedio,9.580446960292328e-06
393,tasa_cma,0.04994217274121344
393,peso_medio_cma,1.030775005742361e-05
393,pct_pediatrico,1.1544273014522592e-09
393,pct_geriatrico,2.465354163774321e-09
393,pct_femenino_fertil,4.37428452646226e-06
393,edad_mediana,2.505747241374198e-09
393,pct_urgencia,0.29110626653392113
393,pct_programada,0.003534448192945572
393,pct_obstetrica_ingreso,2.2947590153985416e-05
393,pct_alta_domicilio,0.00023501793202580494
393,pct_alta_fallecido,4.37428452646226e-06
393,pct_alta_traslado,0.0070212762128428205
393,pct_origen_emergencia,0.002092380699560547
393,pct_origen_referencia,0.001353265027686588
393,pct_uso_pabellon,0.735571519552995
393,pabellones_promedio,0.5703777962275949
393,tasa_partos,0.00023501793202580494
393,tasa_prematurez,0.10119252835996244
393,cv_estancia,6.978672818443963e-05
393,pct_estancia_larga,0.00016225484595991865
394,egresos_por_anio,0.567506548300072
394,estancia_media,0.023401799823934574
394,estancia_mediana,0.004700772158133367
394,peso_medio_grd,0.0007279796272309025
394,severidad_media,0.00028657102964620975
394,mortalidad_media,0.0008759651651730299
394,entropia_grd,0.004540529650468979
394,comorbilidades_promedio,0.000244126752646404
394,tasa_cma,0.6153311337795195
394,peso_medio_cma,0.005226492785077178
394,pct_pediatrico,4.4780110894729925e-09
394,pct_geriatrico,4.90701301140748e-07
394,pct_femenino_fertil,1.6744204977424402e-06
394,edad_mediana,2.660419232880971e-07
394,pct_urgencia,0.47251809553847585
394,pct_programada,0.005866959342062196
394,pct_obstetrica_ingreso,2.0029651151815203e-06
394,pct_alta_domicilio,0.001101380959163749
394,pct_alta_fallecido,0.0003944727758806104
394,pct_alta_traslado,0.24042991979588527
394,pct_origen_emergencia,0.007443641315756161
394,pct_origen_referencia,0.07243832086548091
394,pct_uso_pabellon,0.48362336824865154
394,pabellones_promedio,0.013376828168460584
394,tasa_partos,4.513748396165413e-06
394,tasa_prematurez,0.005866959342062196
394,cv_estancia,0.03042065781034781
394,pct_estancia_larga,0.050864205634770454
395,egresos_por_anio,0.16876594256409871
395,estancia_media,0.4110079752860314
395,estancia_mediana,0.23314212920473534
395,peso_medio_grd,0.0001964387558323531
395,severidad_media,0.37508244646269023
395,mortalidad_media,0.09121509973885622
395,entropia_grd,0.00033187667866649517
395,comorbilidades_promedio,0.04170620561630994
395,tasa_cma,0.04170620561630994
395,peso_medio_cma,0.0051787310310401884
395,pct_pediatrico,2.4566440637467352e-08
395,pct_geriatrico,4.173709724078133e-06
395,pct_femenino_fertil,0.007879256042565175
395,edad_mediana,3.243025062936805e-07
395,pct_urgencia,0.0019288841356889877
395,pct_programada,0.0001964387558323531
395,pct_obstetrica_ingreso,0.06910490094645942
395,pct_alta_domicilio,0.010832088666099715
395,pct_alta_fallecido,0.004832513574331142
395,pct_alta_traslado,0.23314212920473534
395,pct_origen_emergencia,0.0051787310310401884
395,pct_origen_referencia,0.0038380687071749606
395,pct_uso_pabellon,0.06910490094645942
395,pabellones_promedio,0.007879256042565175
395,tasa_partos,0.37508244646269023
395,tasa_prematurez,0.07435846412439515
395,cv_estancia,0.04851801475918749
395,pct_estancia_larga,0.23314212920473534
396,egresos_por_anio,0.28458330547102073
396,estancia_media,0.3297711831179368
396,estancia_mediana,0.17143486435450161
396,peso_medio_grd,0.00037033042006402907
396,severidad_media,0.27468240708907327
396,mortalidad_media,0.6394509091960949
396,entropia_grd,0.24807306867698084
396,comorbilidades_promedio,0.44747243510101775
396,tasa_cma,0.0001574379184355161
396,peso_medio_cma,6.258436992447202e-05
396,pct_pediatrico,1.5952347077008557e-08
396,pct_geriatrico,4.467993659442793e-06
396,pct_femenino_fertil,0.007470692635358615
396,edad_mediana,6.686300506489133e-07
396,pct_urgencia,0.002896449326570385
396,pct_programada,0.0001317401582201647
396,pct_obstetrica_ingreso,0.022195096338958716
396,pct_alta_domicilio,0.00025756821223697567
396,pct_alta_fallecido,0.0028672984454837366
396,pct_alta_traslado,0.022434405111398503
396,pct_origen_emergencia,0.14059427464557447
396,pct_origen_referencia,0.08665899360531837
396,pct_uso_pabellon,0.00025756821223697567
396,pabellones_promedio,0.010985763137970112
396,tasa_partos,0.18344235822891491
396,tasa_prematurez,0.6773816839591011
396,cv_estancia,0.002896449326570385
396,pct_estancia_larga,0.34192343542763914
397,egresos_por_anio,0.01653626099685185
397,estancia_media,0.4006745980824673
397,estancia_mediana,0.009396510961382696
397,peso_medio_grd,0.025121399770689782
397,severidad_media,0.036848203422130486
397,mortalidad_media,0.009396510961382696
397,entropia_grd,0.0021492891460022047
397,comorbilidades_promedio,0.025121399770689782
397,tasa_cma,0.051949786623253655
397,peso_medio_cma,0.12690445924521104
397,pct_pediatrico,4.0191718421323925e-08
397,pct_geriatrico,7.466275571307123e-07
397,pct_femenino_fertil,6.0324540089134664e-05
397,edad_mediana,3.00068752004815e-06
397,pct_urgencia,0.0005742051594426221
397,pct_programada,0.010865580889780988
397,pct_obstetrica_ingreso,0.0008647746725608781
397,pct_alta_domicilio,9.335084603915459e-05
397,pct_alta_fallecido,5.914033433383722e-05
397,pct_alta_traslado,0.002362684355072426
397,pct_origen_emergencia,0.028850889855196144
397,pct_origen_referencia,0.025121399770689782
397,pct_uso_pabellon,9.681700927461648e-05
397,pabellones_promedio,0.014771584228389983
397,tasa_partos,0.0002075909477906277
397,tasa_prematurez,0.3924269331700786
397,cv_estancia,0.009396510961382696
397,pct_estancia_larga,0.3505838081897381
398,egresos_por_anio,0.6907575628023241
398,estancia_media,0.6907575628023241
398,estancia_mediana,0.6907575628023241
398,peso_medio_grd,0.08997814767017047
398,severidad_media,0.6395727865367529
398,mortalidad_media,0.32308250861847
398,entropia_grd,0.003473857424213775
398,comorbilidades_promedio,0.13429827169548214
398,tasa_cma,0.0017372407314170525
398,peso_medio_cma,0.0059809270326044136
398,pct_pediatrico,5.6491014355863976e-09
398,pct_geriatrico,5.120042062293402e-07
398,pct_femenino_fertil,0.06311795064882535
398,edad_mediana,1.6255875744582683e-07
398,pct_urgencia,0.00035717289278639635
398,pct_programada,0.00023721341718281293
398,pct_obstetrica_ingreso,0.41607323455518924
398,pct_alta_domicilio,3.366750248149294e-05
398,pct_alta_fallecido,2.0139790083177635e-05
398,pct_alta_traslado,0.1566131763892699
398,pct_origen_emergencia,0.0076177359992170525
398,pct_origen_referencia,0.6907575628023241
398,pct_uso_pabellon,0.012690289889816611
398,pabellones_promedio,0.03673467690849751
398,tasa_partos,0.6907575628023241
398,tasa_prematurez,0.6907575628023241
398,cv_estancia,0.03531755151984621
398,pct_estancia_larga,0.47840197820286884
399,egresos_por_anio,0.8387797701043801
399,estancia_media,0.0005911788420804421
399,estancia_mediana,0.00025985858381380586
399,peso_medio_grd,7.116525021237502e-05
399,severidad_media,0.0023923584394955613
399,mortalidad_media,0.0001278254204701536
399,entropia_grd,0.00014679871617715392
399,comorbilidades_promedio,0.0014953989625480612
399,tasa_cma,0.12733365555410428
399,peso_medio_cma,0.006244521193567042
399,pct_pediatrico,2.468348045490092e-07
399,pct_geriatrico,1.5188035185449855e-07
399,pct_femenino_fertil,7.116525021237502e-05
399,edad_mediana,7.999309641803829e-08
399,pct_urgencia,1.0225140942426102e-05
399,pct_programada,3.386258573366546e-05
399,pct_obstetrica_ingreso,7.116525021237502e-05
399,pct_alta_domicilio,0.0017895978013322037
399,pct_alta_fallecido,1.5188035185449855e-07
399,pct_alta_traslado,0.24022810911372872
399,pct_origen_emergencia,0.0013274359742695965
399,pct_origen_referencia,0.3911566306268525
399,pct_uso_pabellon,0.00359821374983979
399,pabellones_promedio,0.0034078699634069658
399,tasa_partos,9.820685754508621e-05
399,tasa_prematurez,0.17929408874200833
399,cv_estancia,0.02089253765685843
399,pct_estancia_larga,0.0012140517744971128
400,egresos_por_anio,0.0030170794639667003
400,estancia_media,0.0001268916145576301
400,estancia_mediana,4.777659259387121e-06
400,peso_medio_grd,0.008987968579538977
400,severidad_media,6.758257006492941e-06
400,mortalidad_media,3.046689229186283e-06
400,entropia_grd,0.0011299070951517505
400,comorbilidades_promedio,3.0040459722892645e-05
400,tasa_cma,0.34316057647925347
400,peso_medio_cma,0.0030170794639667003
400,pct_pediatrico,1.619770159027505e-07
400,pct_geriatrico,2.280512742198877e-06
400,pct_femenino_fertil,8.409081671442221e-05
400,edad_mediana,2.280512742198877e-06
400,pct_urgencia,0.0018978349110094028
400,pct_programada,0.010409698351502742
400,pct_obstetrica_ingreso,0.00021557999634962637
400,pct_alta_domicilio,0.0006334284929220224
400,pct_alta_fallecido,1.88180700307826e-05
400,pct_alta_traslado,0.007309510425687239
400,pct_origen_emergencia,0.000733625610038763
400,pct_origen_referencia,1.1795680060632185e-05
400,pct_uso_pabellon,0.0006334284929220224
400,pabellones_promedio,0.039107453022116954
400,tasa_partos,3.0040459722892645e-05
400,tasa_prematurez,0.03502553898775498
400,cv_estancia,0.019910719161848577
400,pct_estancia_larga,0.0006334284929220224
401,egresos_por_anio,0.46060589218928955
401,estancia_media,0.005523194059255833
401,estancia_mediana,0.0039055736279881596
401,peso_medio_grd,0.0005049824712229495
401,severidad_media,0.0039055736279881596
401,mortalidad_media,0.0013617468920460259
401,entropia_grd,0.028468240632070124
401,comorbilidades_promedio,0.008176404910314444
401,tasa_cma,0.7954799729234923
401,peso_medio_cma,6.862784074939765e-06
401,pct_pediatrico,1.0647023326056123e-08
401,pct_geriatrico,1.7507882669811779e-07
401,pct_femenino_fertil,2.489583993977979e-06
401,edad_mediana,4.9022966186785976e-08
401,pct_urgencia,0.45599530109753306
401,pct_programada,0.024673132400963037
401,pct_obstetrica_ingreso,6.862784074939765e-06
401,pct_alta_domicilio,0.0018482640927334312
401,pct_alta_fallecido,3.9688039419713835e-05
401,pct_alta_traslado,0.14949287207359926
401,pct_origen_emergencia,0.023802139005345533
401,pct_origen_referencia,0.2947960648328077
401,pct_uso_pabellon,0.3018028791861249
401,pabellones_promedio,0.1311403817417289
401,tasa_partos,2.5868711924902345e-05
401,tasa_prematurez,0.7313864911645455
401,cv_estancia,0.0018490512427959487
401,pct_estancia_larga,0.004649905374194925
402,egresos_por_anio,0.11343327515899884
402,estancia_media,0.26625896039759295
402,estancia_mediana,0.05524567587478502
402,peso_medio_grd,0.035244733377729556
402,severidad_media,0.013301860670371956
402,mortalidad_media,0.01286865508078324
402,entropia_grd,0.021412514979479973
402,comorbilidades_promedio,5.1941541977089364e-05
402,tasa_cma,0.05940277255670562
402,peso_medio_cma,0.0006661745627725146
402,pct_pediatrico,2.0439622185774433e-09
402,pct_geriatrico,4.67560301582311e-09
402,pct_femenino_fertil,2.2559270914211802e-05
402,edad_mediana,2.8268498244483226e-09
402,pct_urgencia,0.0010597476630542326
402,pct_programada,0.001518289927988289
402,pct_obstetrica_ingreso,0.0005030844652020607
402,pct_alta_domicilio,3.043760147622939e-06
402,pct_alta_fallecido,2.2559270914211802e-05
402,pct_alta_traslado,0.003011622259944599
402,pct_origen_emergencia,0.01286865508078324
402,pct_origen_referencia,0.08176532584179733
402,pct_uso_pabellon,0.05826225333740865
402,pabellones_promedio,0.2110689415134089
402,tasa_partos,0.0011602099573280154
402,tasa_prematurez,0.013736401258852735
402,cv_estancia,0.021728946368562138
402,pct_estancia_larga,0.26747413954538285
403,egresos_por_anio,0.12549543338667551
403,estancia_media,0.03534804507227801
403,estancia_mediana,0.010549735914687861
403,peso_medio_grd,0.010549735914687861
403,severidad_media,0.3213753214591418
403,mortalidad_media,0.14824596216846897
403,entropia_grd,0.3525848171879854
403,comorbilidades_promedio,0.046970010083316985
403,tasa_cma,0.26897393956964083
403,peso_medio_cma,6.422560100008668e-05
403,pct_pediatrico,8.681830062807857e-07
403,pct_geriatrico,4.602118234049014e-07
403,pct_femenino_fertil,0.00019143751701458902
403,edad_mediana,1.6676948225378995e-07
403,pct_urgencia,0.2975890809848997
403,pct_programada,0.002243602642452058
403,pct_obstetrica_ingreso,0.00029056843396406016
403,pct_alta_domicilio,0.0014258528986528457
403,pct_alta_fallecido,4.75131402391632e-05
403,pct_alta_traslado,0.01682750829815189
403,pct_origen_emergencia,0.003869644738588905
403,pct_origen_referencia,0.057005462320026484
403,pct_uso_pabellon,0.5775269136686154
403,pabellones_promedio,0.45503742967155647
403,tasa_partos,7.857672794280245e-05
403,tasa_prematurez,0.0007283525145794068
403,cv_estancia,0.26897393956964083
403,pct_estancia_larga,0.06658074552687705
404,egresos_por_anio,0.0024593634530138825
404,estancia_media,0.05800848153674869
404,estancia_mediana,0.0016809827813104553
404,peso_medio_grd,0.003773681738763314
404,severidad_media,0.01137397467569823
404,mortalidad_media,0.0024940479798239664
404,entropia_grd,0.12823641317086068
404,comorbilidades_promedio,0.0019438572681014382
404,tasa_cma,0.3670404655403772
404,peso_medio_cma,8.144059582167654e-05
404,pct_pediatrico,5.2954085772087554e-09
404,pct_geriatrico,3.284061768750903e-09
404,pct_femenino_fertil,3.1638462946824854e-07
404,edad_mediana,3.284061768750903e-09
404,pct_urgencia,0.09796660461970101
404,pct_programada,8.144059582167654e-05
404,pct_obstetrica_ingreso,1.9592373807033197e-06
404,pct_alta_domicilio,2.836379219322956e-06
404,pct_alta_fallecido,2.699885602510319e-07
404,pct_alta_traslado,0.003549650665871781
404,pct_origen_emergencia,0.0028329161608738017
404,pct_origen_referencia,0.007036191976772409
404,pct_uso_pabellon,0.35662751867649894
404,pabellones_promedio,0.6782800177537475
404,tasa_partos,0.0001072816043658379
404,tasa_prematurez,0.0005482691505154615
404,cv_estancia,0.001008830047423308
404,pct_estancia_larga,0.3653822058173633
405,egresos_por_anio,0.10408695585405452
405,estancia_media,0.00014778859319607217
405,estancia_mediana,0.00037263652507224
405,peso_medio_grd,1.5103763942347335e-05
405,severidad_media,0.003101570792794778
405,mortalidad_media,0.00023096522532518556
405,entropia_grd,0.1569082576233099
405,comorbilidades_promedio,0.0905590868447169
405,tasa_cma,0.2482952309684776
405,peso_medio_cma,0.011824488839000873
405,pct_pediatrico,5.318194715938784e-08
405,pct_geriatrico,2.8883860356727394e-06
405,pct_femenino_fertil,4.096057084008821e-06
405,edad_mediana,3.6244462050132363e-07
405,pct_urgencia,0.3234011563048955
405,pct_programada,0.003101570792794778
405,pct_obstetrica_ingreso,2.8903180305159757e-06
405,pct_alta_domicilio,0.4855284494899763
405,pct_alta_fallecido,0.009866598211073491
405,pct_alta_traslado,0.8519827953939868
405,pct_origen_emergencia,0.005541011253752629
405,pct_origen_referencia,0.06413594088967756
405,pct_uso_pabellon,0.35831418222961303
405,pabellones_promedio,0.3408455776501798
405,tasa_partos,1.580940307444921e-06
405,tasa_prematurez,0.009635968454762155
405,cv_estancia,0.06843364698845414
405,pct_estancia_larga,0.00197339558770075
406,egresos_por_anio,0.018835972906394785
406,estancia_media,0.0015400040930749325
406,estancia_mediana,0.004884293378737989
406,peso_medio_grd,1.9668064047690825e-06
406,severidad_media,1.1942736437381998e-05
406,mortalidad_media,7.015851077203785e-05
406,entropia_grd,0.011485609642905069
406,comorbilidades_promedio,0.00026007850246789863
406,tasa_cma,0.12132765624871611
406,peso_medio_cma,0.013284872731872474
406,pct_pediatrico,5.467249599735805e-07
406,pct_geriatrico,5.682947000279165e-09
406,pct_femenino_fertil,0.00016350495205112245
406,edad_mediana,5.682947000279165e-09
406,pct_urgencia,0.05300495787337394
406,pct_programada,0.0004764064287684543
406,pct_obstetrica_ingreso,0.00027704322370720536
406,pct_alta_domicilio,2.7966326559986327e-05
406,pct_alta_fallecido,8.160745695195759e-06
406,pct_alta_traslado,0.0009388278960498602
406,pct_origen_emergencia,0.002968710321025906
406,pct_origen_referencia,0.007499143698905987
406,pct_uso_pabellon,0.3537925256725898
406,pabellones_promedio,0.05463243296589948
406,tasa_partos,0.0015400040930749325
406,tasa_prematurez,0.009754099392064425
406,cv_estancia,0.029724277124515263
406,pct_estancia_larga,0.004766681862811704
407,egresos_por_anio,0.052900875967016744
407,estancia_media,0.015532944932200636
407,estancia_mediana,0.00582597244956838
407,peso_medio_grd,0.0006075515214686733
407,severidad_media,0.0009165598597886767
407,mortalidad_media,0.0002558610699519317
407,entropia_grd,0.006899167009341875
407,comorbilidades_promedio,0.10526208658974362
407,tasa_cma,0.13763373101316423
407,peso_medio_cma,0.005955205617130965
407,pct_pediatrico,3.3487268769210717e-08
407,pct_geriatrico,2.9379884735683586e-08
407,pct_femenino_fertil,1.1364738326969592e-06
407,edad_mediana,2.751864068574411e-08
407,pct_urgencia,0.0009500032308079097
407,pct_programada,0.0001661417000976778
407,pct_obstetrica_ingreso,4.097586011541198e-06
407,pct_alta_domicilio,0.0009500032308079097
407,pct_alta_fallecido,4.15232094114974e-06
407,pct_alta_traslado,0.045670005711775964
407,pct_origen_emergencia,0.0008537540553287694
407,pct_origen_referencia,0.5173655372662584
407,pct_uso_pabellon,7.368862442501311e-05
407,pabellones_promedio,0.0008537540553287694
407,tasa_partos,4.968784265369672e-06
407,tasa_prematurez,0.0028611686544226223
407,cv_estancia,0.13763373101316423
407,pct_estancia_larga,0.131007416071701
408,egresos_por_anio,0.34531876017729307
408,estancia_media,0.0007158762984942965
408,estancia_mediana,3.0804542132587044e-05
408,peso_medio_grd,0.0031207225692046607
408,severidad_media,0.001571874098602713
408,mortalidad_media,0.00012758686907126326
408,entropia_grd,0.00025235407687765104
408,comorbilidades_promedio,0.008317594661809662
408,tasa_cma,0.0031207225692046607
408,peso_medio_cma,0.001122864209332216
408,pct_pediatrico,1.3463209400996154e-05
408,pct_geriatrico,5.291227675568984e-07
408,pct_femenino_fertil,5.469874563176437e-05
408,edad_mediana,5.291227675568984e-07
408,pct_urgencia,2.792914543317021e-06
408,pct_programada,7.991733736799484e-07
408,pct_obstetrica_ingreso,5.496470813361919e-06
408,pct_alta_domicilio,0.0001921146896015428
408,pct_alta_fallecido,7.76064728940048e-07
408,pct_alta_traslado,0.025671669114605066
408,pct_origen_emergencia,2.792914543317021e-06
408,pct_origen_referencia,5.469874563176437e-05
408,pct_uso_pabellon,0.00018594979298167355
408,pabellones_promedio,0.004604367048105709
408,tasa_partos,5.291227675568984e-07
408,tasa_prematurez,0.03315471459550231
408,cv_estancia,0.012960135994461911
408,pct_estancia_larga,0.003153036131061993
409,egresos_por_anio,0.3251815231544254
409,estancia_media,0.07918431274419604
409,estancia_mediana,0.005267039965184033
409,peso_medio_grd,0.003560986372906592
409,severidad_media,0.0007127369460164799
409,mortalidad_media,0.07918431274419604
409,entropia_grd,0.3251815231544254
409,comorbilidades_promedio,0.000694928030470966
409,tasa_cma,0.016461828279750117
409,peso_medio_cma,0.0011736639610978364
409,pct_pediatrico,7.136495427933752e-09
409,pct_geriatrico,1.0230560175495814e-08
409,pct_femenino_fertil,5.15807824886233e-05
409,edad_mediana,6.0123248337732025e-09
409,pct_urgencia,5.15807824886233e-05
409,pct_programada,7.204576757686964e-07
409,pct_obstetrica_ingreso,9.449195075651297e-05
409,pct_alta_domicilio,8.057229275273265e-05
409,pct_alta_fallecido,1.757329327967214e-06
409,pct_alta_traslado,0.009917638937359367
409,pct_origen_emergencia,6.588166871852298e-06
409,pct_origen_referencia,0.002336078038912549
409,pct_uso_pabellon,0.14405459559705489
409,pabellones_promedio,0.04484096340054187
409,tasa_partos,8.057229275273265e-05
409,tasa_prematurez,0.089440520214723
409,cv_estancia,0.024389938850154603
409,pct_estancia_larga,0.14104718901087676
410,egresos_por_anio,0.01437302810058953
410,estancia_media,0.00747112389038976
410,estancia_mediana,0.001128781381787284
410,peso_medio_grd,0.000941323037151682
410,severidad_media,0.6611478564539583
410,mortalidad_media,0.11655656459984373
410,entropia_grd,0.03817907692508769
410,comorbilidades_promedio,0.0008564351355350772
410,tasa_cma,0.005829732410051852
410,peso_medio_cma,0.0005325007216265596
410,pct_pediatrico,3.5754718711277634e-08
410,pct_geriatrico,3.057166556545957e-09
410,pct_femenino_fertil,0.4930878002251106
410,edad_mediana,3.057166556545957e-09
410,pct_urgencia,0.008868347600572275
410,pct_programada,0.002259144208195695
410,pct_obstetrica_ingreso,0.19095160086062665
410,pct_alta_domicilio,1.8135641734409648e-06
410,pct_alta_fallecido,7.71575691649623e-08
410,pct_alta_traslado,0.004523218545413746
410,pct_origen_emergencia,0.004523218545413746
410,pct_origen_referencia,0.008749694239922409
410,pct_uso_pabellon,0.0013567922829976979
410,pabellones_promedio,0.013876064482639502
410,tasa_partos,0.0782725024378511
410,tasa_prematurez,0.019733580764194302
410,cv_estancia,0.0035865143294748023
410,pct_estancia_larga,0.015700325005488864
411,egresos_por_anio,0.6668112799988389
411,estancia_media,0.6770260064897059
411,estancia_mediana,0.4259379825978233
411,peso_medio_grd,8.212207924460573e-05
411,severidad_media,0.06942811323110364
411,mortalidad_media,0.1341974308872705
411,entropia_grd,0.04931015891660392
411,comorbilidades_promedio,0.4683457004961779
411,tasa_cma,0.005498999996114411
411,peso_medio_cma,0.0580231608654173
411,pct_pediatrico,6.651976290496389e-10
411,pct_geriatrico,3.1914439007756564e-07
411,pct_femenino_fertil,0.0001648672686489095
411,edad_mediana,1.2622267868669523e-08
411,pct_urgencia,3.978013629881093e-07
411,pct_programada,5.0092241214069926e-08
411,pct_obstetrica_ingreso,0.005498999996114411
411,pct_alta_domicilio,0.002085155098544654
411,pct_alta_fallecido,9.301667775595529e-05
411,pct_alta_traslado,0.013370243133819484
411,pct_origen_emergencia,3.6791233498441245e-05
411,pct_origen_referencia,0.033762866729883476
411,pct_uso_pabellon,0.00014573779954422415
411,pabellones_promedio,0.0001648672686489095
411,tasa_partos,0.03321090584329808
411,tasa_prematurez,0.7221034764504679
411,cv_estancia,0.15808449511154402
411,pct_estancia_larga,0.23301296272952104
412,egresos_por_anio,0.03135490174945323
412,estancia_media,7.919204213857266e-05
412,estancia_mediana,7.919204213857266e-05
412,peso_medio_grd,4.865665719503287e-06
412,severidad_media,5.7225731860028216e-05
412,mortalidad_media,2.917323115594697e-06
412,entropia_grd,0.00010487127057160579
412,comorbilidades_promedio,0.007755046111768585
412,tasa_cma,0.09187274166191584
412,peso_medio_cma,0.5887616153095232
412,pct_pediatrico,9.902369031919498e-08
412,pct_geriatrico,2.6857900528376136e-07
412,pct_femenino_fertil,3.371002109995149e-07
412,edad_mediana,9.902369031919498e-08
412,pct_urgencia,0.0004596389435599858
412,pct_programada,3.1491506296721857e-06
412,pct_obstetrica_ingreso,2.6857900528376136e-07
412,pct_alta_domicilio,0.0004596389435599858
412,pct_alta_fallecido,0.0015556891789062393
412,pct_alta_traslado,0.08116296393441005
412,pct_origen_emergencia,0.009919962045273845
412,pct_origen_referencia,0.0036697425716353546
412,pct_uso_pabellon,0.007755046111768585
412,pabellones_promedio,0.05203709983426139
412,tasa_partos,5.823205170866479e-07
412,tasa_prematurez,0.006238375416923952
412,cv_estancia,0.11513948650515099
412,pct_estancia_larga,0.0004596389435599858
413,egresos_por_anio,0.0015280366345093842
413,estancia_media,0.0011758424104683306
413,estancia_mediana,0.0011758424104683306
413,peso_medio_grd,6.373677273588331e-06
413,severidad_media,0.002390414306131122
413,mortalidad_media,0.0015280366345093842
413,entropia_grd,0.0007895132008989023
413,comorbilidades_promedio,0.029731324735859748
413,tasa_cma,0.10183292585925736
413,peso_medio_cma,0.0011758424104683306
413,pct_pediatrico,9.116527698825648e-08
413,pct_geriatrico,8.210146813432944e-07
413,pct_femenino_fertil,1.8104839863214513e-06
413,edad_mediana,1.1378628932605399e-07
413,pct_urgencia,0.001634027074277786
413,pct_programada,0.00020374504952815588
413,pct_obstetrica_ingreso,2.1363388576094237e-06
413,pct_alta_domicilio,0.011265408552369025
413,pct_alta_fallecido,0.0006933032985855527
413,pct_alta_traslado,0.17282514657900236
413,pct_origen_emergencia,0.0007895132008989023
413,pct_origen_referencia,0.0018808486318301046
413,pct_uso_pabellon,0.02274558894680799
413,pabellones_promedio,0.11230832800104297
413,tasa_partos,2.1363388576094237e-06
413,tasa_prematurez,0.001993094420039364
413,cv_estancia,0.008167232585576804
413,pct_estancia_larga,0.003379367828649853
414,egresos_por_anio,0.012120295853659526
414,estancia_media,0.18233446928601268
414,estancia_mediana,0.4020721815787517
414,peso_medio_grd,0.0016795871393488337
414,severidad_media,0.010540502565011147
414,mortalidad_media,0.025558168059592004
414,entropia_grd,0.18233446928601268
414,comorbilidades_promedio,0.011579620670338192
414,tasa_cma,0.6931925612132004
414,peso_medio_cma,0.012120295853659526
414,pct_pediatrico,3.432575854220005e-09
414,pct_geriatrico,5.015826018203493e-06
414,pct_femenino_fertil,5.843204557863912e-06
414,edad_mediana,3.9857317060873205e-07
414,pct_urgencia,0.011579620670338192
414,pct_programada,0.00024071654026291874
414,pct_obstetrica_ingreso,0.00013841251422092807
414,pct_alta_domicilio,0.004167973395924027
414,pct_alta_fallecido,0.0021939744033372946
414,pct_alta_traslado,0.06459267071689435
414,pct_origen_emergencia,0.0032821062413579518
414,pct_origen_referencia,0.08436064464492396
414,pct_uso_pabellon,0.004036090841398033
414,pabellones_promedio,0.02080702001041389
414,tasa_partos,0.0005091553054535745
414,tasa_prematurez,0.014098534731023106
414,cv_estancia,0.16327075851685247
414,pct_estancia_larga,0.19720532327375725
415,egresos_por_anio,0.025011216588834165
415,estancia_media,5.8064334051582476e-05
415,estancia_mediana,0.00018995400700010445
415,peso_medio_grd,2.006422198336027e-05
415,severidad_media,2.006422198336027e-05
415,mortalidad_media,1.174316567787727e-05
415,entropia_grd,0.016428065423126286
415,comorbilidades_promedio,0.0009162901320528789
415,tasa_cma,2.2664970534588584e-05
415,peso_medio_cma,0.024537693222407835
415,pct_pediatrico,4.2295085582816925e-06
415,pct_geriatrico,1.0220697388460443e-05
415,pct_femenino_fertil,4.57488526452571e-06
415,edad_mediana,6.951886288448814e-06
415,pct_urgencia,0.008794858332379875
415,pct_programada,0.03783719510780912
415,pct_obstetrica_ingreso,1.0220697388460443e-05
415,pct_alta_domicilio,0.007219328057362396
415,pct_alta_fallecido,0.00010376929945395718
415,pct_alta_traslado,0.055895669259172324
415,pct_origen_emergencia,0.1758621760272799
415,pct_origen_referencia,0.04301380178721812
415,pct_uso_pabellon,0.0003618353422121653
415,pabellones_promedio,0.007219328057362396
415,tasa_partos,1.350080194734852e-05
415,tasa_prematurez,0.050568286990486704
415,cv_estancia,0.017089139000105107
415,pct_estancia_larga,0.0002748330986922015
416,egresos_por_anio,0.0015491573692179655
416,estancia_media,0.00912651775297517
416,estancia_mediana,0.0015491573692179655
416,peso_medio_grd,1.1989298620257103e-07
416,severidad_media,0.029843517269987994
416,mortalidad_media,0.0005402225833679092
416,entropia_grd,0.17898865697159522
416,comorbilidades_promedio,0.025241240170827513
416,tasa_cma,0.011567752184118905
416,peso_medio_cma,0.0006904352205858827
416,pct_pediatrico,4.042382745995225e-05
416,pct_geriatrico,6.017522140908271e-07
416,pct_femenino_fertil,4.042382745995225e-05
416,edad_mediana,9.176498924487848e-07
416,pct_urgencia,0.00011279486284916183
416,pct_programada,1.0315013360543015e-07
416,pct_obstetrica_ingreso,2.996413407694286e-06
416,pct_alta_domicilio,5.494722351326023e-05
416,pct_alta_fallecido,0.009596310411879133
416,pct_alta_traslado,0.0011068491297981117
416,pct_origen_emergencia,7.832695166449682e-06
416,pct_origen_referencia,0.0015491573692179655
416,pct_uso_pabellon,0.0011068491297981117
416,pabellones_promedio,0.0005321704119767908
416,tasa_partos,0.00019970552138623302
416,tasa_prematurez,0.0026086080703498506
416,cv_estancia,0.0008347647477100502
416,pct_estancia_larga,0.00822687942632632
417,egresos_por_anio,0.543587715620734
417,estancia_media,0.011847211055768608
417,estancia_mediana,0.0005198849084844766
417,peso_medio_grd,1.6879128578322156e-07
417,severidad_media,0.11539581294504285
417,mortalidad_media,0.0002754337717528114
417,entropia_grd,0.0009284979505765477
417,comorbilidades_promedio,0.007141677483709176
417,tasa_cma,0.058022713681299555
417,peso_medio_cma,0.0005198849084844766
417,pct_pediatrico,3.520116765096695e-07
417,pct_geriatrico,1.1306531958181153e-07
417,pct_femenino_fertil,7.760919146013484e-05
417,edad_mediana,1.1306531958181153e-07
417,pct_urgencia,0.0002754337717528114
417,pct_programada,3.520116765096695e-07
417,pct_obstetrica_ingreso,3.474783746378462e-05
417,pct_alta_domicilio,3.460391902253445e-05
417,pct_alta_fallecido,8.575770941851433e-07
417,pct_alta_traslado,0.011681843718301603
417,pct_origen_emergencia,0.0035617877364500323
417,pct_origen_referencia,0.06809884311128
417,pct_uso_pabellon,0.02244428198120349
417,pabellones_promedio,0.014382369142144127
417,tasa_partos,0.01326667302322189
417,tasa_prematurez,0.08439237834517599
417,cv_estancia,0.01326667302322189
417,pct_estancia_larga,0.007066320355825303
418,egresos_por_anio,0.1678956372036964
418,estancia_media,0.0004361841662765478
418,estancia_mediana,0.002842454973292758
418,peso_medio_grd,1.6461934403695647e-07
418,severidad_media,0.0007760302699716436
418,mortalidad_media,0.009452749449046293
418,entropia_grd,0.0031211027560129148
418,comorbilidades_promedio,0.9686023292915323
418,tasa_cma,0.23538758589701342
418,peso_medio_cma,0.11019729861207957
418,pct_pediatrico,6.67298278633039e-09
418,pct_geriatrico,1.573220545441103e-08
418,pct_femenino_fertil,5.444870663173257e-07
418,edad_mediana,5.460017077295643e-09
418,pct_urgencia,0.008373782424643098
418,pct_programada,4.398629095868733e-06
418,pct_obstetrica_ingreso,5.517907174979073e-06
418,pct_alta_domicilio,0.006979230179926531
418,pct_alta_fallecido,9.41299462357604e-07
418,pct_alta_traslado,0.19231918979866577
418,pct_origen_emergencia,0.0010808534237318776
418,pct_origen_referencia,0.020312928453299715
418,pct_uso_pabellon,0.020312928453299715
418,pabellones_promedio,0.6062240685692696
418,tasa_partos,9.79461031724806e-05
418,tasa_prematurez,0.23538758589701342
418,cv_estancia,0.0028077454490823264
418,pct_estancia_larga,0.00032831056375174484
419,egresos_por_anio,0.4576547931199425
419,estancia_media,0.04826481306421627
419,estancia_mediana,0.04826481306421627
419,peso_medio_grd,0.00023046716232918236
419,severidad_media,0.005515533719388498
419,mortalidad_media,0.3707646195888504
419,entropia_grd,0.1604857881706981
419,comorbilidades_promedio,0.20283880276876534
419,tasa_cma,0.0023506219613695888
419,peso_medio_cma,0.000434935707451728
419,pct_pediatrico,5.736873887284707e-09
419,pct_geriatrico,7.129437576167296e-08
419,pct_femenino_fertil,5.836525900124099e-07
419,edad_mediana,8.453555993975425e-09
419,pct_urgencia,0.003913677409471285
419,pct_programada,5.25893331204833e-07
419,pct_obstetrica_ingreso,4.808174695825009e-06
419,pct_alta_domicilio,4.697115397797432e-05
419,pct_alta_fallecido,5.836525900124099e-07
419,pct_alta_traslado,0.20283880276876534
419,pct_origen_emergencia,0.0024315954855538757
419,pct_origen_referencia,0.18871576362611892
419,pct_uso_pabellon,0.0022774131024095564
419,pabellones_promedio,0.07412320964484187
419,tasa_partos,0.0002323481022465873
419,tasa_prematurez,0.07351357302851738
419,cv_estancia,0.03784355153013425
419,pct_estancia_larga,0.07412320964484187
420,egresos_por_anio,0.0005166645789872977
420,estancia_media,0.002424446396837344
420,estancia_mediana,0.02137188950883722
420,peso_medio_grd,0.0003499635764807232
420,severidad_media,0.0007066797602648361
420,mortalidad_media,0.0003499635764807232
420,entropia_grd,0.22409296890785874
420,comorbilidades_promedio,0.0035285964605803097
420,tasa_cma,0.0012293848427328462
420,peso_medio_cma,0.11902345133901364
420,pct_pediatrico,3.755627603558573e-09
420,pct_geriatrico,9.350504249081687e-07
420,pct_femenino_fertil,3.892541331695368e-06
420,edad_mediana,1.924869689546569e-07
420,pct_urgencia,0.12834093885481557
420,pct_programada,0.000741726770986683
420,pct_obstetrica_ingreso,9.186020677322008e-05
420,pct_alta_domicilio,2.081752164192118e-05
420,pct_alta_fallecido,8.578520283220273e-05
420,pct_alta_traslado,0.0011261403790783025
420,pct_origen_emergencia,0.019434418617905843
420,pct_origen_referencia,0.009008469518704846
420,pct_uso_pabellon,0.004916102163784527
420,pabellones_promedio,0.002166197648048619
420,tasa_partos,0.0003499635764807232
420,tasa_prematurez,0.0008270883297445814
420,cv_estancia,0.1688576479517181
420,pct_estancia_larga,0.0017394193608334411
421,egresos_por_anio,0.033703339293816165
421,estancia_media,6.0007322435413056e-05
421,estancia_mediana,3.2672561031768455e-05
421,peso_medio_grd,0.00047716816676062385
421,severidad_media,0.0003561914544879292
421,mortalidad_media,0.0001323651103802845
421,entropia_grd,0.03521384999873163
421,comorbilidades_promedio,2.9884390097542282e-05
421,tasa_cma,0.19459366719232976
421,peso_medio_cma,0.002006474512204567
421,pct_pediatrico,4.439621081728469e-09
421,pct_geriatrico,6.106560483292838e-09
421,pct_femenino_fertil,0.0001434289698723549
421,edad_mediana,2.3381251353636824e-09
421,pct_urgencia,0.32540139013125424
421,pct_programada,0.00016998899765394867
421,pct_obstetrica_ingreso,0.000117758160758445
421,pct_alta_domicilio,0.002223733037983849
421,pct_alta_fallecido,5.670132350435963e-05
421,pct_alta_traslado,0.06148705246296494
421,pct_origen_emergencia,0.00027490454969872005
421,pct_origen_referencia,0.0006323460273585973
421,pct_uso_pabellon,0.7549992708914336
421,pabellones_promedio,0.89807942807212
421,tasa_partos,0.003915749882211035
421,tasa_prematurez,0.259986305370134
421,cv_estancia,0.15662679551908015
421,pct_estancia_larga,0.0001342305686049686
422,egresos_por_anio,0.1274018063580781
422,estancia_media,0.00102147174723806
422,estancia_mediana,0.0006667315102923516
422,peso_medio_grd,4.4820202874949536e-06
422,severidad_media,0.0037437691049922906
422,mortalidad_media,7.9511275226594e-05
422,entropia_grd,0.0009692358675148394
422,comorbilidades_promedio,0.016766368735705722
422,tasa_cma,0.003647724142462052
422,peso_medio_cma,0.015000495368291867
422,pct_pediatrico,0.05425448843827374
422,pct_geriatrico,0.0067491011114608705
422,pct_femenino_fertil,8.40493563110916e-08
422,edad_mediana,0.0252270362400112
422,pct_urgencia,1.4165204329420368e-05
422,pct_programada,1.3110934729760215e-06
422,pct_obstetrica_ingreso,5.119087277753236e-08
422,pct_alta_domicilio,0.008161147550001488
422,pct_alta_fallecido,0.0036441369803825847
422,pct_alta_traslado,0.277798930467341
422,pct_origen_emergencia,9.740406397860958e-05
422,pct_origen_referencia,0.09659000808301965
422,pct_uso_pabellon,4.4820202874949536e-06
422,pabellones_promedio,5.6405217642616446e-05
422,tasa_partos,5.119087277753236e-08
422,tasa_prematurez,0.07451555501747581
422,cv_estancia,0.5088288844912288
422,pct_estancia_larga,0.003167350810804062
423,egresos_por_anio,0.10784965382358085
423,estancia_media,0.0013406427419615614
423,estancia_mediana,0.0013406427419615614
423,peso_medio_grd,0.0003626475831469328
423,severidad_media,0.027810542127548313
423,mortalidad_media,0.012826786537614257
423,entropia_grd,0.0006665506447295528
423,comorbilidades_promedio,0.0006017091217546768
423,tasa_cma,0.1188952893340405
423,peso_medio_cma,0.00036407163589429224
423,pct_pediatrico,1.3206004950832948e-07
423,pct_geriatrico,3.1376001387103155e-08
423,pct_femenino_fertil,0.3157342860474014
423,edad_mediana,6.631800676692964e-09
423,pct_urgencia,3.5768749416956545e-05
423,pct_programada,3.361786899946695e-06
423,pct_obstetrica_ingreso,0.05041021605086526
423,pct_alta_domicilio,0.012826786537614257
423,pct_alta_fallecido,1.8410639289369873e-07
423,pct_alta_traslado,0.5671610714045403
423,pct_origen_emergencia,0.00029091892452144
423,pct_origen_referencia,0.06003230210530227
423,pct_uso_pabellon,0.0011949557702143946
423,pabellones_promedio,0.006665295270124105
423,tasa_partos,0.013862984233697093
423,tasa_prematurez,0.16278956689340066
423,cv_estancia,0.005387750436969287
423,pct_estancia_larga,0.006372641792319037
424,egresos_por_anio,0.021638937282415033
424,estancia_media,0.0007898030423709758
424,estancia_mediana,0.0022493580307437594
424,peso_medio_grd,6.208131636140715e-06
424,severidad_media,0.06354501931043513
424,mortalidad_media,0.030584986066230828
424,entropia_grd,0.008398200068141078
424,comorbilidades_promedio,0.0070805259517874
424,tasa_cma,5.3002655923960815e-05
424,peso_medio_cma,0.010016735757928849
424,pct_pediatrico,1.1119028145216473e-06
424,pct_geriatrico,7.139611478595367e-07
424,pct_femenino_fertil,0.021638937282415033
424,edad_mediana,7.139611478595367e-07
424,pct_urgencia,0.0011464640194974616
424,pct_programada,3.611840822359442e-05
424,pct_obstetrica_ingreso,0.024453031101086205
424,pct_alta_domicilio,4.322422033352487e-06
424,pct_alta_fallecido,2.343733439953859e-06
424,pct_alta_traslado,0.0018216255647667424
424,pct_origen_emergencia,0.0009680664603945249
424,pct_origen_referencia,0.1751670551213266
424,pct_uso_pabellon,3.888342164768127e-06
424,pabellones_promedio,0.00016248445669595111
424,tasa_partos,0.2093805823808118
424,tasa_prematurez,0.0626319335538208
424,cv_estancia,0.010016735757928849
424,pct_estancia_larga,0.0013958033321253547
425,egresos_por_anio,0.0004446970797904507
425,estancia_media,0.008209384099524425
425,estancia_mediana,3.627652312358297e-05
425,peso_medio_grd,0.44033190232387476
425,severidad_media,0.010200500464139877
425,mortalidad_media,0.0022785618014839523
425,entropia_grd,0.9610958055783434
425,comorbilidades_promedio,0.00015396163760802143
425,tasa_cma,0.03912684618758999
425,peso_medio_cma,0.009046032750181296
425,pct_pediatrico,2.1539465502579162e-08
425,pct_geriatrico,2.1539465502579162e-08
425,pct_femenino_fertil,0.0003895211024090606
425,edad_mediana,3.864913582872207e-09
425,pct_urgencia,3.627652312358297e-05
425,pct_programada,0.000998679081878703
425,pct_obstetrica_ingreso,0.0013377233708377367
425,pct_alta_domicilio,0.0009114516543778003
425,pct_alta_fallecido,0.00019185872644116736
425,pct_alta_traslado,0.03912684618758999
425,pct_origen_emergencia,0.000998679081878703
425,pct_origen_referencia,0.0007272861418604785
425,pct_uso_pabellon,0.00037880412255878425
425,pabellones_promedio,0.004925782520476878
425,tasa_partos,0.00376719922765137
425,tasa_prematurez,0.00015773506740428047
425,cv_estancia,0.03963235047614902
425,pct_estancia_larga,0.08884611821538475
426,egresos_por_anio,0.028388471083887316
426,estancia_media,0.008850678576787584
426,estancia_mediana,0.0001194095551635142
426,peso_medio_grd,0.0006926430478287824
426,severidad_media,8.141366161276643e-05
426,mortalidad_media,8.141366161276643e-05
426,entropia_grd,0.022697171217434968
426,comorbilidades_promedio,0.0006926430478287824
426,tasa_cma,0.006684994319746142
426,peso_medio_cma,0.00035039157584832483
426,pct_pediatrico,4.357609510581814e-08
426,pct_geriatrico,7.025477768615901e-07
426,pct_femenino_fertil,0.0002881705880215316
426,edad_mediana,5.7274316273831057e-08
426,pct_urgencia,0.005778783258155212
426,pct_programada,5.7252705131652605e-05
426,pct_obstetrica_ingreso,0.0011202693488243137
426,pct_alta_domicilio,0.0001194095551635142
426,pct_alta_fallecido,0.00022692773518869853
426,pct_alta_traslado,0.06809907561971806
426,pct_origen_emergencia,1.1277942914093444e-05
426,pct_origen_referencia,4.191234749991148e-05
426,pct_uso_pabellon,8.57237461504115e-05
426,pabellones_promedio,0.0002880912057132211
426,tasa_partos,0.0009406352792075057
426,tasa_prematurez,0.02743023489661877
426,cv_estancia,0.02352706578370257
426,pct_estancia_larga,0.028388471083887316
427,egresos_por_anio,0.4349346180267257
427,estancia_media,0.00019265060423048877
427,estancia_mediana,0.00019265060423048877
427,peso_medio_grd,3.3359319018053955e-05
427,severidad_media,0.0016301290865155108
427,mortalidad_media,0.04676030967153968
427,entropia_grd,0.024153787317917955
427,comorbilidades_promedio,0.5465921558663882
427,tasa_cma,0.03390583868837485
427,peso_medio_cma,0.01686796408092959
427,pct_pediatrico,2.615648177072113e-08
427,pct_geriatrico,4.115733859645619e-08
427,pct_femenino_fertil,6.942126063072368e-05
427,edad_mediana,4.115733859645619e-08
427,pct_urgencia,0.083080376106196
427,pct_programada,0.00017157473960186372
427,pct_obstetrica_ingreso,0.00017157473960186372
427,pct_alta_domicilio,0.0010157890823986621
427,pct_alta_fallecido,8.514482401061102e-05
427,pct_alta_traslado,0.01157044156084319
427,pct_origen_emergencia,0.04589292600382795
427,pct_origen_referencia,0.7513042275822861
427,pct_uso_pabellon,0.0007096690633128423
427,pabellones_promedio,0.0008398462726963035
427,tasa_partos,0.0013504477776365628
427,tasa_prematurez,0.27208790917606296
427,cv_estancia,0.01686796408092959
427,pct_estancia_larga,0.0007096690633128423
428,egresos_por_anio,0.5006369193636644
428,estancia_media,3.9388724051293515e-06
428,estancia_mediana,7.298098644457801e-08
428,peso_medio_grd,0.008935372922110931
428,severidad_media,0.0015213264439708492
428,mortalidad_media,3.542998301988827e-05
428,entropia_grd,4.713068148306041e-05
428,comorbilidades_promedio,0.028889687492643944
428,tasa_cma,0.36725452135118586
428,peso_medio_cma,0.16878572941033032
428,pct_pediatrico,1.50316964185466e-08
428,pct_geriatrico,5.171897913876301e-09
428,pct_femenino_fertil,2.036620767312617e-05
428,edad_mediana,1.50316964185466e-08
428,pct_urgencia,0.0013808010581827742
428,pct_programada,0.004057747531055417
428,pct_obstetrica_ingreso,2.653837015386957e-05
428,pct_alta_domicilio,9.890014644517064e-08
428,pct_alta_fallecido,5.1965061260555316e-09
428,pct_alta_traslado,0.0011724437976377271
428,pct_origen_emergencia,0.17168998615989595
428,pct_origen_referencia,0.8817529087530036
428,pct_uso_pabellon,0.5837031947648125
428,pabellones_promedio,0.22880512457873844
428,tasa_partos,0.00013713446753781686
428,tasa_prematurez,0.8361010094192294
428,cv_estancia,0.001522803911437756
428,pct_estancia_larga,0.0012670085683159824
429,egresos_por_anio,0.14978089653003104
429,estancia_media,1.8133331461812913e-05
429,estancia_mediana,3.352348391181751e-05
429,peso_medio_grd,1.4781939181107314e-07
429,severidad_media,2.6623187388799164e-06
429,mortalidad_media,2.5133352158732076e-07
429,entropia_grd,0.01705017734051723
429,comorbilidades_promedio,0.14978089653003104
429,tasa_cma,0.23195036016409235
429,peso_medio_cma,0.0011020796735842404
429,pct_pediatrico,6.179730936984e-05
429,pct_geriatrico,1.7247327763639503e-07
429,pct_femenino_fertil,6.9964199307798125e-09
429,edad_mediana,2.5133352158732076e-07
429,pct_urgencia,0.02147417910363874
429,pct_programada,7.287855592850927e-06
429,pct_obstetrica_ingreso,6.9964199307798125e-09
429,pct_alta_domicilio,0.6788802598372423
429,pct_alta_fallecido,0.010165910628477638
429,pct_alta_traslado,0.6045260214923343
429,pct_origen_emergencia,0.002697764925443793
429,pct_origen_referencia,0.017064749665388682
429,pct_uso_pabellon,0.11355107813028796
429,pabellones_promedio,0.10578353672004039
429,tasa_partos,2.7189597324702677e-08
429,tasa_prematurez,0.001456140712408355
429,cv_estancia,0.08933375227165964
429,pct_estancia_larga,0.00029257977361142715
430,egresos_por_anio,0.0789213362250326
430,estancia_media,0.004198194261435405
430,estancia_mediana,0.03198695570723762
430,peso_medio_grd,1.4699060903867474e-05
430,severidad_media,0.006480328538540846
430,mortalidad_media,0.0030914181743130057
430,entropia_grd,0.006480328538540846
430,comorbilidades_promedio,0.12496660067891613
430,tasa_cma,0.06181847635922757
430,peso_medio_cma,0.20437834046226014
430,pct_pediatrico,4.1711415692175385e-08
430,pct_geriatrico,5.920570350614518e-07
430,pct_femenino_fertil,0.00032574965260733
430,edad_mediana,7.967762277224997e-08
430,pct_urgencia,2.5807947361967623e-06
430,pct_programada,6.561630847281201e-07
430,pct_obstetrica_ingreso,0.0025311464798711525
430,pct_alta_domicilio,0.0025311464798711525
430,pct_alta_fallecido,0.0003107346022757147
430,pct_alta_traslado,0.048019918716853315
430,pct_origen_emergencia,0.001293565876620318
430,pct_origen_referencia,0.20437834046226014
430,pct_uso_pabellon,1.9461108570425818e-05
430,pabellones_promedio,0.005086856464830241
430,tasa_partos,0.003778710110886767
430,tasa_prematurez,0.40240706637672363
430,cv_estancia,0.40240706637672363
430,pct_estancia_larga,0.0009735472260390938
431,egresos_por_anio,0.0004162767972788109
431,estancia_media,0.1966079034464677
431,estancia_mediana,0.011493572579530641
431,peso_medio_grd,0.001403222295397114
431,severidad_media,0.08983785213002328
431,mortalidad_media,0.27466515462290714
431,entropia_grd,0.00024722124782681115
431,comorbilidades_promedio,0.18648265647045598
431,tasa_cma,0.0017732716006240371
431,peso_medio_cma,0.1966079034464677
431,pct_pediatrico,8.790896124203056e-09
431,pct_geriatrico,2.857944488352506e-06
431,pct_femenino_fertil,0.007200322904358364
431,edad_mediana,5.134026269907027e-07
431,pct_urgencia,7.808505066905353e-07
431,pct_programada,1.6163273541721391e-06
431,pct_obstetrica_ingreso,0.13503413270281325
431,pct_alta_domicilio,0.000314026280004662
431,pct_alta_fallecido,9.329149340944626e-05
431,pct_alta_traslado,0.003163999263142863
431,pct_origen_emergencia,0.00039004164321830337
431,pct_origen_referencia,0.006883136567616054
431,pct_uso_pabellon,1.6163273541721391e-06
431,pabellones_promedio,4.5551027534869965e-05
431,tasa_partos,0.16660504217912292
431,tasa_prematurez,0.002703169914261095
431,cv_estancia,0.05241792309870348
431,pct_estancia_larga,0.7070228134959398
432,egresos_por_anio,0.1501595026832852
432,estancia_media,0.0004501909104667778
432,estancia_mediana,0.018520844859883267
432,peso_medio_grd,4.582540662320545e-07
432,severidad_media,0.0068144042573399935
432,mortalidad_media,0.08494970139194642
432,entropia_grd,0.8950548019396215
432,comorbilidades_promedio,0.005284936217998413
432,tasa_cma,0.01639726026409974
432,peso_medio_cma,0.00027666105647481217
432,pct_pediatrico,1.0426906000052712e-08
432,pct_geriatrico,5.268675970044322e-08
432,pct_femenino_fertil,0.0002593164542153657
432,edad_mediana,1.0426906000052712e-08
432,pct_urgencia,0.0017803329637328979
432,pct_programada,1.6749651722069227e-06
432,pct_obstetrica_ingreso,0.000504490736854049
432,pct_alta_domicilio,0.0012958319819800707
432,pct_alta_fallecido,5.391883120207368e-05
432,pct_alta_traslado,0.12951426026989243
432,pct_origen_emergencia,0.0001351280571175972
432,pct_origen_referencia,0.005461779816526943
432,pct_uso_pabellon,0.0005253168740028306
432,pabellones_promedio,0.005461779816526943
432,tasa_partos,0.0017803329637328979
432,tasa_prematurez,0.1823022247806459
432,cv_estancia,0.35134088523700463
432,pct_estancia_larga,0.00029857072152103493
433,egresos_por_anio,0.5464025866371767
433,estancia_media,0.013866113097714955
433,estancia_mediana,0.002247310520183801
433,peso_medio_grd,0.0008749378657308869
433,severidad_media,0.028364779409732595
433,mortalidad_media,0.02193555632653146
433,entropia_grd,0.008439668456586814
433,comorbilidades_promedio,4.46832408353737e-06
433,tasa_cma,0.012259845843473357
433,peso_medio_cma,0.031290196105608736
433,pct_pediatrico,2.08085885851251e-08
433,pct_geriatrico,6.663570476309873e-09
433,pct_femenino_fertil,0.02193555632653146
433,edad_mediana,6.663570476309873e-09
433,pct_urgencia,0.0011565136647028506
433,pct_programada,9.048395336669652e-05
433,pct_obstetrica_ingreso,0.028364779409732595
433,pct_alta_domicilio,2.806264301914946e-07
433,pct_alta_fallecido,0.00013332506530692223
433,pct_alta_traslado,0.013866113097714955
433,pct_origen_emergencia,0.01905080193480539
433,pct_origen_referencia,0.08355235534485068
433,pct_uso_pabellon,0.00032058504676036947
433,pabellones_promedio,0.000196236692866993
433,tasa_partos,0.12999121002093766
433,tasa_prematurez,0.9336776414232649
433,cv_estancia,9.852785775728893e-05
433,pct_estancia_larga,0.02193555632653146
434,egresos_por_anio,0.2905610176998462
434,estancia_media,0.002005711895832667
434,estancia_mediana,0.002005711895832667
434,peso_medio_grd,2.6477605877038697e-06
434,severidad_media,0.032154635569295945
434,mortalidad_media,0.0021256090645532335
434,entropia_grd,0.00482344297760074
434,comorbilidades_promedio,0.004344101227381922
434,tasa_cma,0.002005711895832667
434,peso_medio_cma,0.009853958429744404
434,pct_pediatrico,1.877558548291372e-09
434,pct_geriatrico,5.0600937269155096e-09
434,pct_femenino_fertil,1.2783805762799086e-06
434,edad_mediana,1.877558548291372e-09
434,pct_urgencia,0.6105196189306348
434,pct_programada,0.002005711895832667
434,pct_obstetrica_ingreso,1.2783805762799086e-06
434,pct_alta_domicilio,0.00482344297760074
434,pct_alta_fallecido,0.002005711895832667
434,pct_alta_traslado,0.0070907210930811395
434,pct_origen_emergencia,0.023915844993039254
434,pct_origen_referencia,0.009853958429744404
434,pct_uso_pabellon,0.04957398790977738
434,pabellones_promedio,0.053953875300786575
434,tasa_partos,4.787063421721192e-06
434,tasa_prematurez,0.047629590508932736
434,cv_estancia,0.0018724263795491449
434,pct_estancia_larga,0.003069172582426291
435,egresos_por_anio,0.0169288504729714
435,estancia_media,0.03183840942725791
435,estancia_mediana,0.016894077213145894
435,peso_medio_grd,2.1296050168059217e-06
435,severidad_media,0.034545562148167425
435,mortalidad_media,0.0169288504729714
435,entropia_grd,0.004661706614786077
435,comorbilidades_promedio,0.0169288504729714
435,tasa_cma,0.6141900417350985
435,peso_medio_cma,0.0001418415979296594
435,pct_pediatrico,3.0709968946008964e-07
435,pct_geriatrico,1.4933716048832628e-07
435,pct_femenino_fertil,3.420611977240045e-05
435,edad_mediana,3.245870545554305e-07
435,pct_urgencia,0.004648379801718668
435,pct_programada,1.0626472200048283e-06
435,pct_obstetrica_ingreso,1.0820408932443163e-05
435,pct_alta_domicilio,0.004102075214389833
435,pct_alta_fallecido,2.2122565479897963e-05
435,pct_alta_traslado,0.002341817908492801
435,pct_origen_emergencia,0.00010158185606954555
435,pct_origen_referencia,0.008734272877357141
435,pct_uso_pabellon,0.00019680679557284176
435,pabellones_promedio,0.018565461452846033
435,tasa_partos,3.833213283351434e-05
435,tasa_prematurez,0.006888330172950689
435,cv_estancia,0.1727280183712569
435,pct_estancia_larga,0.0447437548725365
436,egresos_por_anio,0.00636403051971212
436,estancia_media,0.00013643862050868362
436,estancia_mediana,9.517805416650195e-06
436,peso_medio_grd,3.196700695033447e-05
436,severidad_media,0.35919236189471204
436,mortalidad_media,0.0005628850755919874
436,entropia_grd,0.005542720847854261
436,comorbilidades_promedio,0.009932624032637848
436,tasa_cma,0.06998164643085052
436,peso_medio_cma,0.006544029936335878
436,pct_pediatrico,8.978152716747114e-07
436,pct_geriatrico,1.0407123068618425e-08
436,pct_femenino_fertil,9.067323388238728e-05
436,edad_mediana,1.51258453617714e-08
436,pct_urgencia,0.0009528125049547369
436,pct_programada,0.0003078314013949326
436,pct_obstetrica_ingreso,2.4477311455371286e-05
436,pct_alta_domicilio,1.0140348841235618e-05
436,pct_alta_fallecido,1.0053436186879114e-07
436,pct_alta_traslado,0.006789844283250337
436,pct_origen_emergencia,0.08346854371817045
436,pct_origen_referencia,0.042556535964119874
436,pct_uso_pabellon,9.014552859075553e-05
436,pabellones_promedio,9.014552859075553e-05
436,tasa_partos,9.014552859075553e-05
436,tasa_prematurez,8.566848618802241e-05
436,cv_estancia,0.04613378664832148
436,pct_estancia_larga,0.000528350656661334
437,egresos_por_anio,0.0031730453088818426
437,estancia_media,0.37597798677185185
437,estancia_mediana,0.001792538102072338
437,peso_medio_grd,0.0005121493355136669
437,severidad_media,0.5073984146932122
437,mortalidad_media,0.3763809956697926
437,entropia_grd,0.7312044183520656
437,comorbilidades_promedio,0.13870965356467874
437,tasa_cma,0.006483909493916341
437,peso_medio_cma,0.0009112414728131185
437,pct_pediatrico,8.747884904111012e-08
437,pct_geriatrico,3.2311391461217764e-08
437,pct_femenino_fertil,0.0008001761000778192
437,edad_mediana,1.64866476741771e-08
437,pct_urgencia,0.08000746983273632
437,pct_programada,0.00011090108481451883
437,pct_obstetrica_ingreso,9.897948238848536e-05
437,pct_alta_domicilio,0.0008001761000778192
437,pct_alta_fallecido,0.00011090108481451883
437,pct_alta_traslado,0.0179827778561364
437,pct_origen_emergencia,0.008397241634989715
437,pct_origen_referencia,0.06039349789328433
437,pct_uso_pabellon,0.002869416436120025
437,pabellones_promedio,0.0021868056662915163
437,tasa_partos,0.0008001761000778192
437,tasa_prematurez,0.00011090108481451883
437,cv_estancia,0.30030497183344096
437,pct_estancia_larga,0.7312044183520656
438,egresos_por_anio,0.06160894341700959
438,estancia_media,0.024519689232066322
438,estancia_mediana,0.005082659283646067
438,peso_medio_grd,0.0009051093989930331
438,severidad_media,0.1323409829282459
438,mortalidad_media,0.024519689232066322
438,entropia_grd,0.3709298373084956
438,comorbilidades_promedio,0.004012167867581738
438,tasa_cma,0.0009051093989930331
438,peso_medio_cma,1.659909190800499e-05
438,pct_pediatrico,6.240281324472437e-08
438,pct_geriatrico,2.9827367840523293e-07
438,pct_femenino_fertil,2.6465163768540353e-05
438,edad_mediana,8.842996161805496e-08
438,pct_urgencia,4.250233642392836e-05
438,pct_programada,0.0009752328588278914
438,pct_obstetrica_ingreso,0.0001905554458822884
438,pct_alta_domicilio,0.012826814368631674
438,pct_alta_fallecido,9.888054448144724e-06
438,pct_alta_traslado,0.13652389328837383
438,pct_origen_emergencia,0.0009051093989930331
438,pct_origen_referencia,0.0009634226521764315
438,pct_uso_pabellon,4.5434310122694884e-05
438,pabellones_promedio,0.002670343460004615
438,tasa_partos,5.187538574554873e-05
438,tasa_prematurez,0.06160894341700959
438,cv_estancia,0.14263503401607183
438,pct_estancia_larga,0.03399532628613109
439,egresos_por_anio,0.2553446030951722
439,estancia_media,0.0002156792294557602
439,estancia_mediana,0.0015428323011383743
439,peso_medio_grd,0.0015428323011383743
439,severidad_media,0.2518626645378409
439,mortalidad_media,0.005300605264167408
439,entropia_grd,0.027868686699016765
439,comorbilidades_promedio,0.037428952681895396
439,tasa_cma,0.07947358827341101
439,peso_medio_cma,0.0018936686367489115
439,pct_pediatrico,8.112019650154926e-07
439,pct_geriatrico,2.621540683437461e-06
439,pct_femenino_fertil,0.005300605264167408
439,edad_mediana,1.070966625351884e-07
439,pct_urgencia,2.7712764236513727e-06
439,pct_programada,1.070966625351884e-07
439,pct_obstetrica_ingreso,0.015896156367143116
439,pct_alta_domicilio,0.0001442957641057613
439,pct_alta_fallecido,1.1489397697866065e-06
439,pct_alta_traslado,0.2553446030951722
439,pct_origen_emergencia,7.258525802974614e-06
439,pct_origen_referencia,0.003151850737568354
439,pct_uso_pabellon,1.8539491490510857e-05
439,pabellones_promedio,0.0024341178389950518
439,tasa_partos,0.0008430178817818791
439,tasa_prematurez,0.10708890308493828
439,cv_estancia,0.16544100808685117
439,pct_estancia_larga,0.0007392270509032956
440,egresos_por_anio,0.6694865851623106
440,estancia_media,0.006890865105786827
440,estancia_mediana,0.0005905233584389229
440,peso_medio_grd,0.0005509946918497928
440,severidad_media,0.6063434752508761
440,mortalidad_media,0.11294304289226141
440,entropia_grd,0.12156149349796558
440,comorbilidades_promedio,0.12156149349796558
440,tasa_cma,0.0007482944265954984
440,peso_medio_cma,0.00877842803850854
440,pct_pediatrico,8.870529964210737e-06
440,pct_geriatrico,1.63946621429282e-05
440,pct_femenino_fertil,0.008973630862460688
440,edad_mediana,1.644516093776964e-05
440,pct_urgencia,5.366676582405895e-06
440,pct_programada,1.1286657119555894e-06
440,pct_obstetrica_ingreso,0.014790007815620758
440,pct_alta_domicilio,4.593538726698609e-05
440,pct_alta_fallecido,1.644516093776964e-05
440,pct_alta_traslado,0.013860718209773778
440,pct_origen_emergencia,6.521352674916253e-05
440,pct_origen_referencia,0.03701469200811002
440,pct_uso_pabellon,5.366676582405895e-06
440,pabellones_promedio,8.816629958988824e-05
440,tasa_partos,0.0754784509272772
440,tasa_prematurez,0.6694865851623106
440,cv_estancia,0.008973630862460688
440,pct_estancia_larga,0.009430880236012155
441,egresos_por_anio,0.41103752903495583
441,estancia_media,9.422361525904935e-06
441,estancia_mediana,8.320151915072064e-07
441,peso_medio_grd,0.000187302593048729
441,severidad_media,0.000187302593048729
441,mortalidad_media,3.882401994780799e-05
441,entropia_grd,0.014020420166122082
441,comorbilidades_promedio,3.7626938135510173e-07
441,tasa_cma,0.009155978656267055
441,peso_medio_cma,0.003196950462867596
441,pct_pediatrico,3.8931666989466546e-07
441,pct_geriatrico,1.3075073294124622e-08
441,pct_femenino_fertil,1.2901845628013214e-05
441,edad_mediana,1.4355178873766613e-08
441,pct_urgencia,0.0804370218119916
441,pct_programada,0.00018545100827836717
441,pct_obstetrica_ingreso,6.496798111661953e-06
441,pct_alta_domicilio,2.1114579060771902e-07
441,pct_alta_fallecido,1.0349874383070076e-05
441,pct_alta_traslado,0.0007135056735331532
441,pct_origen_emergencia,0.000187302593048729
441,pct_origen_referencia,0.0007178859942066094
441,pct_uso_pabellon,0.001224423230638714
441,pabellones_promedio,0.006079350241790174
441,tasa_partos,5.266429627599576e-06
441,tasa_prematurez,0.23515516948585125
441,cv_estancia,0.0009026411685709062
441,pct_estancia_larga,0.0003488123676809906
442,egresos_por_anio,0.14726701572404396
442,estancia_media,0.21911488691684475
442,estancia_mediana,0.3320351680639686
442,peso_medio_grd,0.017507345804709213
442,severidad_media,0.0030909508958789165
442,mortalidad_media,0.001420084453695985
442,entropia_grd,0.0027414492635804916
442,comorbilidades_promedio,0.006863431405089291
442,tasa_cma,0.17710367801950433
442,peso_medio_cma,0.00107064452480592
442,pct_pediatrico,1.6687112160126176e-09
442,pct_geriatrico,1.0339371437613112e-06
442,pct_femenino_fertil,4.92610696819218e-06
442,edad_mediana,2.853081645629675e-08
442,pct_urgencia,1.0339371437613112e-06
442,pct_programada,9.105466951201083e-06
442,pct_obstetrica_ingreso,0.0006032672745324799
442,pct_alta_domicilio,9.105466951201083e-06
442,pct_alta_fallecido,0.00012335647316246578
442,pct_alta_traslado,0.03233401236433214
442,pct_origen_emergencia,0.0010037247330664872
442,pct_origen_referencia,0.21911488691684475
442,pct_uso_pabellon,0.000698473316799426
442,pabellones_promedio,0.037029763577989316
442,tasa_partos,0.000698473316799426
442,tasa_prematurez,0.08366460685146275
442,cv_estancia,0.05635048330319276
442,pct_estancia_larga,0.28248845208456225
443,egresos_por_anio,0.09140189674182807
443,estancia_media,0.0021364645442874873
443,estancia_mediana,0.01735179001062641
443,peso_medio_grd,3.3522692256096337e-07
443,severidad_media,0.0463302193040269
443,mortalidad_media,0.03776559155435007
443,entropia_grd,0.21554676693458438
443,comorbilidades_promedio,0.010546651199329357
443,tasa_cma,0.029930250043613143
443,peso_medio_cma,0.0003757387576590826
443,pct_pediatrico,1.1788161098533808e-06
443,pct_geriatrico,5.457639309302318e-06
443,pct_femenino_fertil,5.457639309302318e-06
443,edad_mediana,3.3522692256096337e-07
443,pct_urgencia,0.0001528959761324452
443,pct_programada,5.457639309302318e-06
443,pct_obstetrica_ingreso,1.2969469058712072e-05
443,pct_alta_domicilio,0.004197452684122168
443,pct_alta_fallecido,3.9739644571046216e-05
443,pct_alta_traslado,0.13087501409495983
443,pct_origen_emergencia,3.456241183108526e-05
443,pct_origen_referencia,0.02900776814670257
443,pct_uso_pabellon,0.003864427198139307
443,pabellones_promedio,0.0003757387576590826
443,tasa_partos,3.690788090504465e-05
443,tasa_prematurez,0.41660839816337314
443,cv_estancia,0.25546346362201366
443,pct_estancia_larga,0.0021819024227027555
444,egresos_por_anio,0.4305837895899201
444,estancia_media,0.005006187398563322
444,estancia_mediana,1.3206428085619779e-05
444,peso_medio_grd,0.0007191415393122033
444,severidad_media,0.1554020400604383
444,mortalidad_media,0.009967957708421717
444,entropia_grd,0.0024228871253965303
444,comorbilidades_promedio,0.0004770707256662045
444,tasa_cma,0.09102394468581555
444,peso_medio_cma,0.001251916656491662
444,pct_pediatrico,1.0791313890229458e-09
444,pct_geriatrico,1.1399455226832935e-09
444,pct_femenino_fertil,0.0002863462007599531
444,edad_mediana,1.0791313890229458e-09
444,pct_urgencia,0.4159547598503067
444,pct_programada,0.004898078157264877
444,pct_obstetrica_ingreso,0.0027096892791713357
444,pct_alta_domicilio,0.005363085208522546
444,pct_alta_fallecido,5.3417289322644204e-08
444,pct_alta_traslado,0.44711545156529947
444,pct_origen_emergencia,0.06152457494047615
444,pct_origen_referencia,0.02659229398202891
444,pct_uso_pabellon,0.1011602055972806
444,pabellones_promedio,0.012399462035139362
444,tasa_partos,0.029175395037022225
444,tasa_prematurez,0.6316765367319161
444,cv_estancia,0.0027096892791713357
444,pct_estancia_larga,0.02659229398202891
445,egresos_por_anio,0.17804122171168635
445,estancia_media,0.00016648776875441003
445,estancia_mediana,8.117301735149421e-05
445,peso_medio_grd,0.0007076651867047707
445,severidad_media,0.014842552825123723
445,mortalidad_media,0.0012336680214736244
445,entropia_grd,0.10933258787639405
445,comorbilidades_promedio,0.00176923637475897
445,tasa_cma,0.03522241818217723
445,peso_medio_cma,0.0005137178604932748
445,pct_pediatrico,9.058458314087293e-08
445,pct_geriatrico,3.2612197056692055e-08
445,pct_femenino_fertil,4.977446388969167e-05
445,edad_mediana,2.5478615084115936e-08
445,pct_urgencia,0.0005137178604932748
445,pct_programada,0.0015182757672980026
445,pct_obstetrica_ingreso,4.977446388969167e-05
445,pct_alta_domicilio,0.0007076651867047707
445,pct_alta_fallecido,8.117301735149421e-05
445,pct_alta_traslado,0.06358973136816273
445,pct_origen_emergencia,0.0002382237060262441
445,pct_origen_referencia,0.00040541472529755015
445,pct_uso_pabellon,0.04178312411401023
445,pabellones_promedio,0.045541129826194265
445,tasa_partos,1.0838587508514191e-05
445,tasa_prematurez,0.002278848066974474
445,cv_estancia,0.08009365637005113
445,pct_estancia_larga,0.001661940878517487
446,egresos_por_anio,0.4521466289488439
446,estancia_media,0.00015452952090814107
446,estancia_mediana,3.3897793096264766e-05
446,peso_medio_grd,0.06921553296473963
446,severidad_media,0.00021808031772932706
446,mortalidad_media,0.002872081889771692
446,entropia_grd,0.0038589919936612405
446,comorbilidades_promedio,4.2305259755719676e-05
446,tasa_cma,0.6080286193445378
446,peso_medio_cma,0.0004959700695842037
446,pct_pediatrico,5.934180061591278e-10
446,pct_geriatrico,9.18206758980535e-10
446,pct_femenino_fertil,0.04190972338749542
446,edad_mediana,5.934180061591278e-10
446,pct_urgencia,0.6676594362282935
446,pct_programada,0.6676594362282935
446,pct_obstetrica_ingreso,0.10220710309289933
446,pct_alta_domicilio,0.00029040977529395034
446,pct_alta_fallecido,5.46654352895418e-06
446,pct_alta_traslado,0.06024496985973005
446,pct_origen_emergencia,0.03865692849197837
446,pct_origen_referencia,0.0013367876000994596
446,pct_uso_pabellon,0.01167687229075209
446,pabellones_promedio,0.1475000768771914
446,tasa_partos,0.058837252247935436
446,tasa_prematurez,0.017819723539236453
446,cv_estancia,0.0350690412123704
446,pct_estancia_larga,0.001653335320691918
447,egresos_por_anio,0.7559730690830834
447,estancia_media,1.057814151236746e-05
447,estancia_mediana,6.4608599753931e-06
447,peso_medio_grd,0.00012781666140793666
447,severidad_media,0.0001187577100440353
447,mortalidad_media,4.184182165340952e-06
447,entropia_grd,0.018895384664726143
447,comorbilidades_promedio,0.0011200377104142315
447,tasa_cma,0.44336667822417314
447,peso_medio_cma,0.002810941832498678
447,pct_pediatrico,2.2521380830630603e-09
447,pct_geriatrico,7.118174048438759e-08
447,pct_femenino_fertil,7.118174048438759e-08
447,edad_mediana,4.2888410901287384e-08
447,pct_urgencia,0.00536444385308571
447,pct_programada,0.001924091614787057
447,pct_obstetrica_ingreso,8.418494237852453e-08
447,pct_alta_domicilio,0.001579134271372241
447,pct_alta_fallecido,7.405469918756275e-06
447,pct_alta_traslado,0.44941672813842465
447,pct_origen_emergencia,0.03245973799610286
447,pct_origen_referencia,0.0582962770784555
447,pct_uso_pabellon,0.3212338564790177
447,pabellones_promedio,0.35063110925011787
447,tasa_partos,2.1812820420615438e-06
447,tasa_prematurez,0.245571779096207
447,cv_estancia,0.018895384664726143
447,pct_estancia_larga,3.493257629892787e-05
448,egresos_por_anio,0.04226586090602072
448,estancia_media,0.0010137926146522355
448,estancia_mediana,0.013553059779482481
448,peso_medio_grd,0.0002987566203485499
448,severidad_media,0.0669587120937127
448,mortalidad_media,0.04226586090602072
448,entropia_grd,0.008000735704258733
448,comorbilidades_promedio,0.008068850607519829
448,tasa_cma,0.028753298623663284
448,peso_medio_cma,0.0008314732474848629
448,pct_pediatrico,7.477919911379934e-08
448,pct_geriatrico,8.604379930587754e-09
448,pct_femenino_fertil,0.00023985665988882584
448,edad_mediana,5.8525807749456306e-09
448,pct_urgencia,0.4926359123245422
448,pct_programada,0.004151780500615999
448,pct_obstetrica_ingreso,0.0010137926146522355
448,pct_alta_domicilio,0.0008314732474848629
448,pct_alta_fallecido,0.0002847334750316761
448,pct_alta_traslado,0.02758796590473285
448,pct_origen_emergencia,0.025125162730347046
448,pct_origen_referencia,0.3223945610776335
448,pct_uso_pabellon,0.16096397911279436
448,pabellones_promedio,0.22476066856329502
448,tasa_partos,0.004151780500615999
448,tasa_prematurez,0.23757127983461782
448,cv_estancia,0.1662513631167358
448,pct_estancia_larga,0.0019523972701131881
449,egresos_por_anio,0.21305076147013646
449,estancia_media,9.96347477816515e-07
449,estancia_mediana,6.922805656480484e-07
449,peso_medio_grd,3.1936421142432593e-06
449,severidad_media,5.180034018703359e-05
449,mortalidad_media,4.938379072599789e-07
449,entropia_grd,0.00020510762292087162
449,comorbilidades_promedio,0.0006504805029999714
449,tasa_cma,0.14076644281887027
449,peso_medio_cma,0.00019867837649892235
449,pct_pediatrico,1.1806441787351634e-08
449,pct_geriatrico,1.1806441787351634e-08
449,pct_femenino_fertil,8.420743548961928e-06
449,edad_mediana,1.1806441787351634e-08
449,pct_urgencia,0.15258257935332598
449,pct_programada,0.0010054870464016534
449,pct_obstetrica_ingreso,1.227249697938686e-05
449,pct_alta_domicilio,0.004113335245797538
449,pct_alta_fallecido,1.3433585210480168e-07
449,pct_alta_traslado,0.4830325025874894
449,pct_origen_emergencia,0.0007562227963494758
449,pct_origen_referencia,0.0014533265461261259
449,pct_uso_pabellon,0.17695346630452044
449,pabellones_promedio,0.19466656054604672
449,tasa_partos,2.0317260084128698e-05
449,tasa_prematurez,0.3500189815565137
449,cv_estancia,0.15258257935332598
449,pct_estancia_larga,2.9789532264329775e-06
450,egresos_por_anio,0.17289718258304076
450,estancia_media,0.013703584048309998
450,estancia_mediana,0.000549627315945123
450,peso_medio_grd,0.0014094174272011443
450,severidad_media,0.00431038105455347
450,mortalidad_media,0.0014371594784233627
450,entropia_grd,0.20012724214266564
450,comorbilidades_promedio,0.055986290517066745
450,tasa_cma,0.31621919897138745
450,peso_medio_cma,0.010385332509832878
450,pct_pediatrico,3.91650246863617e-09
450,pct_geriatrico,1.4099490704913712e-06
450,pct_femenino_fertil,2.0665757062462435e-06
450,edad_mediana,1.4099490704913712e-06
450,pct_urgencia,0.6330449398125724
450,pct_programada,0.0052638366836268375
450,pct_obstetrica_ingreso,9.104585283045961e-06
450,pct_alta_domicilio,0.005239169695695872
450,pct_alta_fallecido,0.0002108641138046805
450,pct_alta_traslado,0.17558356704056588
450,pct_origen_emergencia,0.035432744676402284
450,pct_origen_referencia,0.013584789968423853
450,pct_uso_pabellon,0.05519225757597832
450,pabellones_promedio,0.17558356704056588
450,tasa_partos,4.154205902645338e-05
450,tasa_prematurez,0.03775665703582632
450,cv_estancia,0.00431038105455347
450,pct_estancia_larga,0.048878833204921285
451,egresos_por_anio,0.3195744608168095
451,estancia_media,0.0019636365207190646
451,estancia_mediana,0.005023161158144132
451,peso_medio_grd,3.437098239944928e-05
451,severidad_media,0.00023924501463658404
451,mortalidad_media,3.2958452694201215e-05
451,entropia_grd,0.10534264498283702
451,comorbilidades_promedio,0.012508086783747771
451,tasa_cma,0.029359599537808583
451,peso_medio_cma,0.01588988034190812
451,pct_pediatrico,4.047940515415624e-08
451,pct_geriatrico,8.01367429516443e-07
451,pct_femenino_fertil,3.062749178046022e-07
451,edad_mediana,1.126420510847845e-06
451,pct_urgencia,0.00015629002556006146
451,pct_programada,8.908601348730982e-06
451,pct_obstetrica_ingreso,1.126420510847845e-06
451,pct_alta_domicilio,5.750208960988701e-07
451,pct_alta_fallecido,8.908601348730982e-06
451,pct_alta_traslado,0.0007965215439033831
451,pct_origen_emergencia,0.0013042609097922591
451,pct_origen_referencia,0.012508086783747771
451,pct_uso_pabellon,0.000545203607710211
451,pabellones_promedio,0.03393339613606188
451,tasa_partos,2.649466930603208e-05
451,tasa_prematurez,0.07778122422540062
451,cv_estancia,0.07778122422540062
451,pct_estancia_larga,0.0011837062091899111
452,egresos_por_anio,0.0037395224297423956
452,estancia_media,0.02126144646847164
452,estancia_mediana,0.10351739762732111
452,peso_medio_grd,0.0003018277188583872
452,severidad_media,0.003274423849075718
452,mortalidad_media,0.0029951624697143677
452,entropia_grd,0.005927108114709747
452,comorbilidades_promedio,0.060929684509381105
452,tasa_cma,0.17640715827526232
452,peso_medio_cma,0.0393003196304244
452,pct_pediatrico,4.659732713526302e-08
452,pct_geriatrico,1.1263146431813681e-05
452,pct_femenino_fertil,1.4330313206962036e-07
452,edad_mediana,3.1865385577620877e-06
452,pct_urgencia,0.0006700900477202172
452,pct_programada,2.7318281298743466e-05
452,pct_obstetrica_ingreso,5.521431486093196e-07
452,pct_alta_domicilio,0.10351739762732111
452,pct_alta_fallecido,1.4298198819991838e-05
452,pct_alta_traslado,0.20477719393069962
452,pct_origen_emergencia,3.9224124531560725e-05
452,pct_origen_referencia,0.0037395224297423956
452,pct_uso_pabellon,0.0008923465693740952
452,pabellones_promedio,0.00509000729793554
452,tasa_partos,2.911834888642439e-07
452,tasa_prematurez,0.0005628624218729296
452,cv_estancia,0.04024342612382606
452,pct_estancia_larga,0.00509000729793554
453,egresos_por_anio,0.014680929509692223
453,estancia_media,0.030786114138452385
453,estancia_mediana,0.02570076845320426
453,peso_medio_grd,3.261090964730023e-07
453,severidad_media,0.00019356877148735553
453,mortalidad_media,0.009431393039484539
453,entropia_grd,0.2222143151898812
453,comorbilidades_promedio,0.030786114138452385
453,tasa_cma,0.0023411828656730877
453,peso_medio_cma,0.02535436446454941
453,pct_pediatrico,2.620018651535114e-07
453,pct_geriatrico,1.1113239318940174e-06
453,pct_femenino_fertil,1.3368927001996283e-05
453,edad_mediana,2.620018651535114e-07
453,pct_urgencia,0.00016255934758106297
453,pct_programada,2.4873449234817105e-06
453,pct_obstetrica_ingreso,2.4782720554399416e-05
453,pct_alta_domicilio,0.00014403240810537867
453,pct_alta_fallecido,0.00010668099431102859
453,pct_alta_traslado,0.11060855839963563
453,pct_origen_emergencia,0.00019356877148735553
453,pct_origen_referencia,0.11060855839963563
453,pct_uso_pabellon,0.00021730536026566322
453,pabellones_promedio,0.00453855248989187
453,tasa_partos,0.00014403240810537867
453,tasa_prematurez,0.003091138162106144
453,cv_estancia,0.11060855839963563
453,pct_estancia_larga,0.030786114138452385
454,egresos_por_anio,3.647425483943098e-05
454,estancia_media,0.46970124566832355
454,estancia_mediana,0.036161026888111
454,peso_medio_grd,1.8760814992911177e-05
454,severidad_media,0.18651082616693357
454,mortalidad_media,0.12256849182718976
454,entropia_grd,5.1873877451124085e-06
454,comorbilidades_promedio,0.0024145635685283973
454,tasa_cma,0.011786802027045953
454,peso_medio_cma,0.025997903452316246
454,pct_pediatrico,9.388626128800123e-09
454,pct_geriatrico,3.684279738025979e-08
454,pct_femenino_fertil,4.861339963297633e-07
454,edad_mediana,1.6580920616009934e-08
454,pct_urgencia,0.0017241228589317179
454,pct_programada,2.150534045657742e-07
454,pct_obstetrica_ingreso,2.150534045657742e-07
454,pct_alta_domicilio,0.00013316357024608413
454,pct_alta_fallecido,3.751644505261036e-05
454,pct_alta_traslado,0.0004897270789505169
454,pct_origen_emergencia,2.851845642801268e-07
454,pct_origen_referencia,1.4524292571075543e-05
454,pct_uso_pabellon,0.23073142435078567
454,pabellones_promedio,0.07738139178461848
454,tasa_partos,1.1894063827330664e-06
454,tasa_prematurez,0.0004284826994804501
454,cv_estancia,5.2843874793990083e-05
454,pct_estancia_larga,0.5826304829950613
455,egresos_por_anio,0.6976286692518043
455,estancia_media,0.0021352818394631897
455,estancia_mediana,0.0003154050207821028
455,peso_medio_grd,0.021073265299907426
455,severidad_media,0.0003154050207821028
455,mortalidad_media,0.0175600479705894
455,entropia_grd,0.0008020466649120111
455,comorbilidades_promedio,0.0003154050207821028
455,tasa_cma,0.002270612139687577
455,peso_medio_cma,0.00522253367040218
455,pct_pediatrico,4.8601729984439734e-08
455,pct_geriatrico,3.846518458171795e-07
455,pct_femenino_fertil,8.582169535268631e-05
455,edad_mediana,6.804947204395428e-08
455,pct_urgencia,0.00025477465876641163
455,pct_programada,0.005320245730176321
455,pct_obstetrica_ingreso,0.0012633058838325436
455,pct_alta_domicilio,0.0003154050207821028
455,pct_alta_fallecido,0.0003154050207821028
455,pct_alta_traslado,0.019253317892816563
455,pct_origen_emergencia,0.023700997337547516
455,pct_origen_referencia,0.0139071120948397
455,pct_uso_pabellon,8.582169535268631e-05
455,pabellones_promedio,0.009553474992751125
455,tasa_partos,0.0012633058838325436
455,tasa_prematurez,0.5601470931802844
455,cv_estancia,0.22553343905587522
455,pct_estancia_larga,0.008637080083261802
456,egresos_por_anio,0.021139588382382835
456,estancia_media,0.013910413104101904
456,estancia_mediana,0.003654767527521909
456,peso_medio_grd,0.007741449855343328
456,severidad_media,3.1791397224184604e-05
456,mortalidad_media,7.868400169515022e-06
456,entropia_grd,0.007686191759493522
456,comorbilidades_promedio,0.054886094971659916
456,tasa_cma,0.04756231692017117
456,peso_medio_cma,0.0005685192197716476
456,pct_pediatrico,3.890420545913388e-08
456,pct_geriatrico,4.714294636056369e-08
456,pct_femenino_fertil,5.0075403913947e-07
456,edad_mediana,4.714294636056369e-08
456,pct_urgencia,4.558185363550659e-06
456,pct_programada,0.00014778874602324724
456,pct_obstetrica_ingreso,1.0567852998268561e-06
456,pct_alta_domicilio,7.694170382464618e-06
456,pct_alta_fallecido,0.0006049258478229523
456,pct_alta_traslado,0.00033343456939703166
456,pct_origen_emergencia,0.007686191759493522
456,pct_origen_referencia,0.054886094971659916
456,pct_uso_pabellon,0.015860435456422763
456,pabellones_promedio,0.07113900770220753
456,tasa_partos,9.273078988151884e-07
456,tasa_prematurez,0.008808241396457802
456,cv_estancia,0.0710186226991502
456,pct_estancia_larga,0.024128789757532704
457,egresos_por_anio,0.12584917463356715
457,estancia_media,0.002774565488460782
457,estancia_mediana,0.002774565488460782
457,peso_medio_grd,0.00030594420749649535
457,severidad_media,8.928184710145599e-05
457,mortalidad_media,9.11691730661487e-06
457,entropia_grd,0.4053920683970613
457,comorbilidades_promedio,0.005093371678001328
457,tasa_cma,0.011403456883005503
457,peso_medio_cma,2.6521546206833315e-06
457,pct_pediatrico,3.51317377070898e-09
457,pct_geriatrico,1.4495826544609422e-08
457,pct_femenino_fertil,1.2850645246069844e-08
457,edad_mediana,3.51317377070898e-09
457,pct_urgencia,0.04096630894033647
457,pct_programada,0.08882823664601668
457,pct_obstetrica_ingreso,1.3303699375622578e-07
457,pct_alta_domicilio,0.0076691971444656825
457,pct_alta_fallecido,0.0001305088746084388
457,pct_alta_traslado,0.005801342064839374
457,pct_origen_emergencia,0.03184957807625744
457,pct_origen_referencia,0.01640146913232455
457,pct_uso_pabellon,0.08842846200464695
457,pabellones_promedio,0.577804625219043
457,tasa_partos,1.2850645246069844e-08
457,tasa_prematurez,0.01640146913232455
457,cv_estancia,0.06583529255146398
457,pct_estancia_larga,0.0273400070946397
458,egresos_por_anio,0.10411446484273158
458,estancia_media,0.0002062500284642334
458,estancia_mediana,0.00532341718216711
458,peso_medio_grd,9.049264321212733e-07
458,severidad_media,1.480296574079988e-05
458,mortalidad_media,5.4413293202921586e-05
458,entropia_grd,0.06080346188538574
458,comorbilidades_promedio,0.00532341718216711
458,tasa_cma,0.1497266013920256
458,peso_medio_cma,6.42282924475298e-05
458,pct_pediatrico,1.863870915728267e-08
458,pct_geriatrico,9.049264321212733e-07
458,pct_femenino_fertil,9.049264321212733e-07
458,edad_mediana,2.0466867024160308e-07
458,pct_urgencia,0.00873413750174388
458,pct_programada,1.3469529994287323e-05
458,pct_obstetrica_ingreso,9.049264321212733e-07
458,pct_alta_domicilio,0.3219686403200045
458,pct_alta_fallecido,0.00016589629873325416
458,pct_alta_traslado,0.7285104610859818
458,pct_origen_emergencia,0.00038484973817586255
458,pct_origen_referencia,0.04490399446653039
458,pct_uso_pabellon,0.04490399446653039
458,pabellones_promedio,0.1497266013920256
458,tasa_partos,1.1883475818024551e-05
458,tasa_prematurez,0.04771695648530231
458,cv_estancia,0.0432674459132128
458,pct_estancia_larga,6.214570415345947e-05
459,egresos_por_anio,0.19683054051787616
459,estancia_media,0.05320591445113948
459,estancia_mediana,0.0030683218174292768
459,peso_medio_grd,0.00018264084701839441
459,severidad_media,0.0005091107313916208
459,mortalidad_media,0.00023026074130049647
459,entropia_grd,0.045787535281593364
459,comorbilidades_promedio,0.5627962162176124
459,tasa_cma,0.21448803740240413
459,peso_medio_cma,0.0006398003978158199
459,pct_pediatrico,3.028611883754299e-09
459,pct_geriatrico,2.9186608748852997e-08
459,pct_femenino_fertil,1.0591110006457223e-07
459,edad_mediana,2.9186608748852997e-08
459,pct_urgencia,0.0006398003978158199
459,pct_programada,9.63294374752625e-05
459,pct_obstetrica_ingreso,8.179607793795181e-07
459,pct_alta_domicilio,1.5756688460871695e-05
459,pct_alta_fallecido,3.7338291486751852e-06
459,pct_alta_traslado,0.00010341366964581789
459,pct_origen_emergencia,0.0023563141083273167
459,pct_origen_referencia,0.006282170859655511
459,pct_uso_pabellon,0.012576615301069446
459,pabellones_promedio,0.0337712791279194
459,tasa_partos,9.302262478808498e-06
459,tasa_prematurez,0.0024945702235105007
459,cv_estancia,0.792144168264944
459,pct_estancia_larga,0.07870258773843986
460,egresos_por_anio,0.0008916559872842932
460,estancia_media,0.023558373984501176
460,estancia_mediana,0.03357310040810046
460,peso_medio_grd,0.0076721956846143
460,severidad_media,0.08987419937243728
460,mortalidad_media,0.5542550833319421
460,entropia_grd,0.017245620959666887
460,comorbilidades_promedio,0.024363132942052602
460,tasa_cma,0.02252615432284196
460,peso_medio_cma,0.013403727314844608
460,pct_pediatrico,7.056113616463471e-09
460,pct_geriatrico,4.928744837984827e-07
460,pct_femenino_fertil,0.0016106531602306903
460,edad_mediana,4.3193165091759686e-08
460,pct_urgencia,0.026203442673812537
460,pct_programada,0.024363132942052602
460,pct_obstetrica_ingreso,0.018274126538744894
460,pct_alta_domicilio,0.07141381316475243
460,pct_alta_fallecido,3.4090932185605277e-06
460,pct_alta_traslado,0.636664115560315
460,pct_origen_emergencia,0.012182834880172303
460,pct_origen_referencia,0.012083112114540117
460,pct_uso_pabellon,2.4867438075053742e-05
460,pabellones_promedio,0.0003722449585246323
460,tasa_partos,0.008483556676550402
460,tasa_prematurez,0.003933546659952263
460,cv_estancia,0.019847155887017725
460,pct_estancia_larga,0.05992022547939129
461,egresos_por_anio,0.07052682160002496
461,estancia_media,0.38564912221910674
461,estancia_mediana,0.004023863908238886
461,peso_medio_grd,0.060623358844492915
461,severidad_media,0.036336429500857303
461,mortalidad_media,0.021145085382615426
461,entropia_grd,0.059643724960216186
461,comorbilidades_promedio,0.010935824277958254
461,tasa_cma,0.43423613544541084
461,peso_medio_cma,0.039834697508720436
461,pct_pediatrico,3.4400260854084643e-09
461,pct_geriatrico,1.4564445075347396e-08
461,pct_femenino_fertil,0.00016424542896754962
461,edad_mediana,7.288004861714312e-09
461,pct_urgencia,0.0016915976191498503
461,pct_programada,0.0005255505399967343
461,pct_obstetrica_ingreso,0.002034819019081663
461,pct_alta_domicilio,0.0008566273081357712
461,pct_alta_fallecido,8.120202257917285e-05
461,pct_alta_traslado,0.017278480447728714
461,pct_origen_emergencia,0.00048138792309893107
461,pct_origen_referencia,0.00048138792309893107
461,pct_uso_pabellon,0.011537531682720885
461,pabellones_promedio,0.06705018599955832
461,tasa_partos,0.00048138792309893107
461,tasa_prematurez,0.020954197486078983
461,cv_estancia,0.0008004457661681434
461,pct_estancia_larga,0.22972768927279955
462,egresos_por_anio,0.08140312683695576
462,estancia_media,0.0004185162565640382
462,estancia_mediana,0.0002318602047288166
462,peso_medio_grd,0.0002415836946122791
462,severidad_media,4.1352130982018205e-06
462,mortalidad_media,7.83569835000746e-06
462,entropia_grd,0.40183963505729303
462,comorbilidades_promedio,7.116722986557675e-05
462,tasa_cma,0.06519170685888197
462,peso_medio_cma,0.0002115057910003285
462,pct_pediatrico,8.356476712278474e-09
462,pct_geriatrico,2.1215765643728723e-07
462,pct_femenino_fertil,4.059632788429096e-06
462,edad_mediana,2.8236246506187723e-07
462,pct_urgencia,0.06433111238099573
462,pct_programada,0.4423124959621405
462,pct_obstetrica_ingreso,6.231856443507502e-05
462,pct_alta_domicilio,0.004624975807120372
462,pct_alta_fallecido,7.116722986557675e-05
462,pct_alta_traslado,0.33867527266469244
462,pct_origen_emergencia,0.7273921385248445
462,pct_origen_referencia,0.06433111238099573
462,pct_uso_pabellon,0.31263380810762476
462,pabellones_promedio,0.20493703719657638
462,tasa_partos,0.0002115057910003285
462,tasa_prematurez,0.6370379739364408
462,cv_estancia,7.116722986557675e-05
462,pct_estancia_larga,0.0010947898979681188
463,egresos_por_anio,0.16796298759895187
463,estancia_media,0.26462245314422095
463,estancia_mediana,0.26462245314422095
463,peso_medio_grd,4.399090531520338e-05
463,severidad_media,0.007360101613553275
463,mortalidad_media,0.013252756583185725
463,entropia_grd,0.1910701460423968
463,comorbilidades_promedio,0.7936783906052846
463,tasa_cma,0.2706412758087118
463,peso_medio_cma,0.21799513757956868
463,pct_pediatrico,9.751559869622779e-09
463,pct_geriatrico,0.0001462778892195118
463,pct_femenino_fertil,1.522244813305217e-05
463,edad_mediana,2.5140999511886352e-06
463,pct_urgencia,0.0020922840020638845
463,pct_programada,3.7738658219200803e-07
463,pct_obstetrica_ingreso,6.718576026423687e-05
463,pct_alta_domicilio,0.0003834316081586041
463,pct_alta_fallecido,0.003167148181808425
463,pct_alta_traslado,0.08566552513537715
463,pct_origen_emergencia,2.5140999511886352e-06
463,pct_origen_referencia,0.003167148181808425
463,pct_uso_pabellon,9.92872489220876e-05
463,pabellones_promedio,9.078118172129616e-05
463,tasa_partos,4.399090531520338e-05
463,tasa_prematurez,0.17227212315718946
463,cv_estancia,0.028193983327184244
463,pct_estancia_larga,0.2598615895426815
464,egresos_por_anio,0.05120884488995876
464,estancia_media,0.00100987601569758
464,estancia_mediana,0.0001370495341234803
464,peso_medio_grd,9.954330958232994e-06
464,severidad_media,0.0028435245976724402
464,mortalidad_media,0.003556855705247997
464,entropia_grd,0.0066988198859320655
464,comorbilidades_promedio,0.029926369293858265
464,tasa_cma,0.27089750428895676
464,peso_medio_cma,0.0001370495341234803
464,pct_pediatrico,1.4509614070159865e-09
464,pct_geriatrico,1.2573435452553752e-08
464,pct_femenino_fertil,9.410689090436847e-06
464,edad_mediana,1.4509614070159865e-09
464,pct_urgencia,0.0007442292469987264
464,pct_programada,5.518055336854493e-06
464,pct_obstetrica_ingreso,5.007673268581556e-05
464,pct_alta_domicilio,9.991290444994957e-05
464,pct_alta_fallecido,1.770173993577577e-07
464,pct_alta_traslado,0.03323900485254025
464,pct_origen_emergencia,0.00023479857618252965
464,pct_origen_referencia,0.009618193607742829
464,pct_uso_pabellon,0.0017380162252284182
464,pabellones_promedio,0.0009144269770353204
464,tasa_partos,0.0009605087029612532
464,tasa_prematurez,0.4828988344140245
464,cv_estancia,0.17680623877706433
464,pct_estancia_larga,0.0019878575501931428
465,egresos_por_anio,0.21784123572301856
465,estancia_media,0.001320868376048323
465,estancia_mediana,5.175259447355755e-05
465,peso_medio_grd,3.390117582453005e-06
465,severidad_media,4.291384183289476e-05
465,mortalidad_media,5.175259447355755e-05
465,entropia_grd,0.015918421445620005
465,comorbilidades_promedio,3.390117582453005e-06
465,tasa_cma,0.3995059426317019
465,peso_medio_cma,4.96427171448653e-05
465,pct_pediatrico,1.141755267424343e-07
465,pct_geriatrico,1.141755267424343e-07
465,pct_femenino_fertil,0.00014044364558815658
465,edad_mediana,1.141755267424343e-07
465,pct_urgencia,3.011905906774712e-05
465,pct_programada,3.390117582453005e-06
465,pct_obstetrica_ingreso,0.0003352215525449537
465,pct_alta_domicilio,0.00013480480489220915
465,pct_alta_fallecido,5.75099286682868e-05
465,pct_alta_traslado,0.003580914205987051
465,pct_origen_emergencia,0.0007026496744472503
465,pct_origen_referencia,0.000851127731898033
465,pct_uso_pabellon,3.070358346706114e-06
465,pabellones_promedio,0.00011462822015169662
465,tasa_partos,0.0003416312790186203
465,tasa_prematurez,0.01044303579291544
465,cv_estancia,0.06455469142811877
465,pct_estancia_larga,0.0014222957612343484
466,egresos_por_anio,0.21389120288240748
466,estancia_media,0.03378933999370634
466,estancia_mediana,0.0012729244790409629
466,peso_medio_grd,9.151548447439613e-05
466,severidad_media,0.3671897672143972
466,mortalidad_media,0.3396939709889035
466,entropia_grd,0.009834692778188147
466,comorbilidades_promedio,0.024920462163838888
466,tasa_cma,0.34857888746256543
466,peso_medio_cma,0.014057631526028718
466,pct_pediatrico,4.90703528762724e-06
466,pct_geriatrico,4.90703528762724e-06
466,pct_femenino_fertil,0.11352855177434618
466,edad_mediana,1.0921043301797545e-05
466,pct_urgencia,0.0008932535351353116
466,pct_programada,3.9618400825445445e-05
466,pct_obstetrica_ingreso,0.22187354781569685
466,pct_alta_domicilio,0.00025199881658059933
466,pct_alta_fallecido,0.0013761104704987487
466,pct_alta_traslado,0.026603308680781177
466,pct_origen_emergencia,0.024920462163838888
466,pct_origen_referencia,0.024920462163838888
466,pct_uso_pabellon,0.0013761104704987487
466,pabellones_promedio,0.0002651290142698251
466,tasa_partos,0.5272308691807905
466,tasa_prematurez,0.004854674737155828
466,cv_estancia,0.24924083351685597
466,pct_estancia_larga,0.06818735227760186
467,egresos_por_anio,0.00768120026456618
467,estancia_media,0.0003776587366017642
467,estancia_mediana,0.00023714446628483895
467,peso_medio_grd,0.003434641990615493
467,severidad_media,0.0008994659332134824
467,mortalidad_media,5.1352807982811624e-05
467,entropia_grd,0.019086086386020266
467,comorbilidades_promedio,0.14528499879621629
467,tasa_cma,0.4276083538852801
467,peso_medio_cma,0.1819585944672204
467,pct_pediatrico,1.1598210449234115e-07
467,pct_geriatrico,1.8177234956951972e-07
467,pct_femenino_fertil,1.9041735525619207e-07
467,edad_mediana,1.8177234956951972e-07
467,pct_urgencia,0.0069375695910068955
467,pct_programada,0.0019116672454289377
467,pct_obstetrica_ingreso,1.3612300120263192e-06
467,pct_alta_domicilio,0.0012170736092769305
467,pct_alta_fallecido,0.00042005147249366356
467,pct_alta_traslado,0.08226760892284501
467,pct_origen_emergencia,0.0012170736092769305
467,pct_origen_referencia,0.0011217868084489743
467,pct_uso_pabellon,0.2608604068443064
467,pabellones_promedio,0.8181637650548572
467,tasa_partos,1.9041735525619207e-07
467,tasa_prematurez,0.0034343528929368324
467,cv_estancia,0.10463435617561079
467,pct_estancia_larga,0.0034051938812484257
468,egresos_por_anio,0.7047440011663797
468,estancia_media,7.114523946543702e-07
468,estancia_mediana,1.0369048200936176e-06
468,peso_medio_grd,6.749167530671381e-05
468,severidad_media,0.0002867718607920484
468,mortalidad_media,9.493075488767568e-06
468,entropia_grd,0.03611755196651131
468,comorbilidades_promedio,0.001377133412624282
468,tasa_cma,0.5283682425800593
468,peso_medio_cma,0.005963880079346074
468,pct_pediatrico,3.5685457231192878e-09
468,pct_geriatrico,2.7487280971358984e-09
468,pct_femenino_fertil,9.770549832658787e-05
468,edad_mediana,3.5685457231192878e-09
468,pct_urgencia,0.9621075429323555
468,pct_programada,0.05883276951839308
468,pct_obstetrica_ingreso,0.0002814278333011696
468,pct_alta_domicilio,9.493075488767568e-06
468,pct_alta_fallecido,1.956705006263324e-06
468,pct_alta_traslado,0.004383737848241415
468,pct_origen_emergencia,0.04514196166211797
468,pct_origen_referencia,0.013356771937385555
468,pct_uso_pabellon,0.00859296315347098
468,pabellones_promedio,0.03840042314852015
468,tasa_partos,0.00040154173836199735
468,tasa_prematurez,0.004862303386158991
468,cv_estancia,0.05883276951839308
468,pct_estancia_larga,1.956705006263324e-06
469,egresos_por_anio,0.005532375548990049
469,estancia_media,0.0009835035918549552
469,estancia_mediana,0.0006248616568168138
469,peso_medio_grd,0.000553242022719059
469,severidad_media,0.0013986909330299824
469,mortalidad_media,0.00010382230739690289
469,entropia_grd,0.004612695409189376
469,comorbilidades_promedio,0.00520739806447972
469,tasa_cma,0.016166692436821607
469,peso_medio_cma,0.21690878473045525
469,pct_pediatrico,1.8197554963763688e-08
469,pct_geriatrico,4.23763413106958e-08
469,pct_femenino_fertil,4.23763413106958e-08
469,edad_mediana,4.23763413106958e-08
469,pct_urgencia,0.12625835861382295
469,pct_programada,0.0009835035918549552
469,pct_obstetrica_ingreso,6.912491545446736e-08
469,pct_alta_domicilio,0.00018980336208230863
469,pct_alta_fallecido,5.162051306213722e-07
469,pct_alta_traslado,0.016918223627565218
469,pct_origen_emergencia,0.01721488033484804
469,pct_origen_referencia,0.0011893028246506999
469,pct_uso_pabellon,0.045398561725385506
469,pabellones_promedio,0.0821401448328591
469,tasa_partos,4.23763413106958e-08
469,tasa_prematurez,0.0008953575786900919
469,cv_estancia,0.1277561583829547
469,pct_estancia_larga,0.011079220669988435
470,egresos_por_anio,0.15678997716170165
470,estancia_media,0.005314071158653568
470,estancia_mediana,0.005225707687633979
470,peso_medio_grd,0.0009077481849748019
470,severidad_media,0.015807889341317913
470,mortalidad_media,0.025048273664618904
470,entropia_grd,0.4076158826116896
470,comorbilidades_promedio,0.019944850891707087
470,tasa_cma,0.019944850891707087
470,peso_medio_cma,0.006836388426750794
470,pct_pediatrico,2.733551707661675e-07
470,pct_geriatrico,7.38645593534862e-07
470,pct_femenino_fertil,0.0009077481849748019
470,edad_mediana,2.733551707661675e-07
470,pct_urgencia,0.007291047589000342
470,pct_programada,5.17420059222853e-06
470,pct_obstetrica_ingreso,0.0009077481849748019
470,pct_alta_domicilio,0.0009077481849748019
470,pct_alta_fallecido,1.0821501477601649e-05
470,pct_alta_traslado,0.29656151145539866
470,pct_origen_emergencia,8.130482109440992e-05
470,pct_origen_referencia,0.0011078178481960979
470,pct_uso_pabellon,0.028059257523530057
470,pabellones_promedio,0.08204088885638314
470,tasa_partos,0.0009077481849748019
470,tasa_prematurez,0.012255126022755074
470,cv_estancia,0.002287273761760876
470,pct_estancia_larga,0.025048273664618904
471,egresos_por_anio,0.24563357427214572
471,estancia_media,0.04454251249083249
471,estancia_mediana,0.14160438355258967
471,peso_medio_grd,1.5347446501613723e-06
471,severidad_media,0.24563357427214572
471,mortalidad_media,0.06628712155324883
471,entropia_grd,0.17401462576970603
471,comorbilidades_promedio,0.020323102553897517
471,tasa_cma,0.91450448444103
471,peso_medio_cma,0.0012897068240014674
471,pct_pediatrico,1.2379649000673375e-09
471,pct_geriatrico,9.066003678171274e-09
471,pct_femenino_fertil,0.0012897068240014674
471,edad_mediana,1.0334498673791233e-09
471,pct_urgencia,0.0016659585470793147
471,pct_programada,1.3525275827721942e-05
471,pct_obstetrica_ingreso,0.028339838265315997
471,pct_alta_domicilio,0.006324318606528842
471,pct_alta_fallecido,5.41321731456312e-05
471,pct_alta_traslado,0.030015388622708996
471,pct_origen_emergencia,0.010271929194554125
471,pct_origen_referencia,0.9231581317406816
471,pct_uso_pabellon,0.00037272625216598355
471,pabellones_promedio,0.00037272625216598355
471,tasa_partos,0.05263386270699135
471,tasa_prematurez,0.40235250768225506
471,cv_estancia,0.17977457998568555
471,pct_estancia_larga,0.01726422793890157
472,egresos_por_anio,0.04570568113521014
472,estancia_media,0.0046802336860555
472,estancia_mediana,0.001113096250556471
472,peso_medio_grd,0.0005368774034595303
472,severidad_media,0.00010303299987376042
472,mortalidad_media,0.00022209665298714477
472,entropia_grd,0.0027090223818572903
472,comorbilidades_promedio,0.18011890383693024
472,tasa_cma,0.01583301457577934
472,peso_medio_cma,0.7695305126849298
472,pct_pediatrico,2.8613578104025327e-07
472,pct_geriatrico,2.245417451439167e-06
472,pct_femenino_fertil,2.540283008827808e-06
472,edad_mediana,2.245417451439167e-06
472,pct_urgencia,0.0005368774034595303
472,pct_programada,0.0027090223818572903
472,pct_obstetrica_ingreso,1.7900296805393347e-05
472,pct_alta_domicilio,0.0041908483007805745
472,pct_alta_fallecido,2.337734843493895e-05
472,pct_alta_traslado,0.7145408761338494
472,pct_origen_emergencia,0.005441494716898565
472,pct_origen_referencia,0.1332960181535965
472,pct_uso_pabellon,0.015766183090371724
472,pabellones_promedio,0.06693297060302336
472,tasa_partos,0.00014152670873752776
472,tasa_prematurez,0.0027090223818572903
472,cv_estancia,0.060678172619396585
472,pct_estancia_larga,0.09862057192686302
473,egresos_por_anio,0.4799743538384601
473,estancia_media,3.5127789378439456e-05
473,estancia_mediana,3.908383537721173e-06
473,peso_medio_grd,5.414977095387683e-07
473,severidad_media,2.620995983656429e-06
473,mortalidad_media,9.202268204904758e-06
473,entropia_grd,0.02531213112110488
473,comorbilidades_promedio,0.0063379387889308456
473,tasa_cma,0.012489454398534126
473,peso_medio_cma,0.00015539563350475905
473,pct_pediatrico,2.406689585924979e-07
473,pct_geriatrico,2.406689585924979e-07
473,pct_femenino_fertil,1.6368000643453495e-06
473,edad_mediana,6.822936086936078e-08
473,pct_urgencia,0.013088351731901256
473,pct_programada,1.8382564943622114e-05
473,pct_obstetrica_ingreso,5.592995678084238e-06
473,pct_alta_domicilio,0.001813008834286261
473,pct_alta_fallecido,3.856327307182341e-06
473,pct_alta_traslado,0.4799743538384601
473,pct_origen_emergencia,7.22196562032113e-05
473,pct_origen_referencia,0.00015539563350475905
473,pct_uso_pabellon,0.00474886804755975
473,pabellones_promedio,0.0024198760715736373
473,tasa_partos,0.00026351927917687154
473,tasa_prematurez,0.19059740136392522
473,cv_estancia,0.3136330537510623
473,pct_estancia_larga,0.0007887756762939855
474,egresos_por_anio,0.011325479918840885
474,estancia_media,0.2379607754234234
474,estancia_mediana,0.08965264958407922
474,peso_medio_grd,0.0021295269344056744
474,severidad_media,0.6941874361923016
474,mortalidad_media,0.4504773736828146
474,entropia_grd,0.008239299205905336
474,comorbilidades_promedio,0.0021295269344056744
474,tasa_cma,0.9129990709807376
474,peso_medio_cma,0.008663426804789699
474,pct_pediatrico,1.0255205127869758e-06
474,pct_geriatrico,4.4606200246289964e-08
474,pct_femenino_fertil,0.008239299205905336
474,edad_mediana,4.4606200246289964e-08
474,pct_urgencia,0.00012097604390223652
474,pct_programada,2.070772104820637e-05
474,pct_obstetrica_ingreso,0.005943486274185436
474,pct_alta_domicilio,2.070772104820637e-05
474,pct_alta_fallecido,2.070772104820637e-05
474,pct_alta_traslado,0.004726995431489597
474,pct_origen_emergencia,0.0007358079779683167
474,pct_origen_referencia,0.005943486274185436
474,pct_uso_pabellon,0.10559643165814855
474,pabellones_promedio,0.08243461142821397
474,tasa_partos,0.01642503747061263
474,tasa_prematurez,0.04745975573774113
474,cv_estancia,0.1220597894880106
474,pct_estancia_larga,0.3168924925652909
475,egresos_por_anio,0.06866736673236018
475,estancia_media,0.004226044653056334
475,estancia_mediana,0.0013315912475429814
475,peso_medio_grd,0.0032747068532418756
475,severidad_media,0.27940587677523937
475,mortalidad_media,0.8989273738121448
475,entropia_grd,0.8064152203545776
475,comorbilidades_promedio,0.0013315912475429814
475,tasa_cma,0.3384478494107645
475,peso_medio_cma,3.760245891167722e-05
475,pct_pediatrico,3.3073567122472645e-09
475,pct_geriatrico,3.132634810485512e-08
475,pct_femenino_fertil,0.007018779704721277
475,edad_mediana,8.691952009983409e-09
475,pct_urgencia,0.005047824045689482
475,pct_programada,5.592710547446909e-05
475,pct_obstetrica_ingreso,0.02543521868015204
475,pct_alta_domicilio,0.01413214012171017
475,pct_alta_fallecido,2.372148658230047e-06
475,pct_alta_traslado,0.028182364597150626
475,pct_origen_emergencia,7.255143681617721e-07
475,pct_origen_referencia,3.115327160952577e-05
475,pct_uso_pabellon,0.009412650389846218
475,pabellones_promedio,0.098163304133446
475,tasa_partos,0.01413214012171017
475,tasa_prematurez,0.03396056205377574
475,cv_estancia,0.3062564311833154
475,pct_estancia_larga,0.02768726182887694
476,egresos_por_anio,0.2923169040612854
476,estancia_media,0.2281598665001348
476,estancia_mediana,0.033265599548546104
476,peso_medio_grd,0.0010407598028563299
476,severidad_media,0.012748275360922103
476,mortalidad_media,0.033265599548546104
476,entropia_grd,0.0012722867945776162
476,comorbilidades_promedio,0.6790504440017258
476,tasa_cma,0.0006513775158742653
476,peso_medio_cma,0.0030533561418779
476,pct_pediatrico,3.8276390913859674e-08
476,pct_geriatrico,4.593067152369648e-07
476,pct_femenino_fertil,0.005369836464529737
476,edad_mediana,3.0159837360804104e-07
476,pct_urgencia,3.2715685153569094e-05
476,pct_programada,0.0007788471267769293
476,pct_obstetrica_ingreso,0.011069023462418772
476,pct_alta_domicilio,0.0030533561418779
476,pct_alta_fallecido,9.816231812288644e-06
476,pct_alta_traslado,0.2511232552853619
476,pct_origen_emergencia,0.033265599548546104
476,pct_origen_referencia,0.29459053139055663
476,pct_uso_pabellon,8.694367575047563e-06
476,pabellones_promedio,3.0057928522960854e-05
476,tasa_partos,0.02454256066923979
476,tasa_prematurez,0.05815435340967259
476,cv_estancia,0.0012722867945776162
476,pct_estancia_larga,0.2923169040612854
477,egresos_por_anio,0.7763049536728127
477,estancia_media,0.014365575826120526
477,estancia_mediana,0.0007808743787258485
477,peso_medio_grd,1.6807851947157008e-06
477,severidad_media,0.0004132960067268102
477,mortalidad_media,0.00047816060204481644
477,entropia_grd,0.013435588165116948
477,comorbilidades_promedio,0.006059945099445909
477,tasa_cma,0.013665742756864925
477,peso_medio_cma,0.024046775775667897
477,pct_pediatrico,7.490631727219275e-09
477,pct_geriatrico,7.806865440112971e-08
477,pct_femenino_fertil,7.806865440112971e-08
477,edad_mediana,3.188263977864052e-08
477,pct_urgencia,0.041905546007171425
477,pct_programada,5.580928844153047e-05
477,pct_obstetrica_ingreso,8.884223171615851e-08
477,pct_alta_domicilio,0.004838785970137126
477,pct_alta_fallecido,0.0004782194539471205
477,pct_alta_traslado,0.8448757567802012
477,pct_origen_emergencia,0.09928507205192377
477,pct_origen_referencia,0.021660435712733444
477,pct_uso_pabellon,0.06296877320676295
477,pabellones_promedio,0.013665742756864925
477,tasa_partos,4.3637804257886124e-07
477,tasa_prematurez,0.003795587386335334
477,cv_estancia,0.002394280355889707
477,pct_estancia_larga,0.11372805568382868
478,egresos_por_anio,0.595616056552996
478,estancia_media,0.012798141129693838
478,estancia_mediana,0.0836136233221357
478,peso_medio_grd,6.034958432929827e-06
478,severidad_media,0.0009290825505314937
478,mortalidad_media,0.005907387127336263
478,entropia_grd,0.0020678711238426247
478,comorbilidades_promedio,0.00015124614802601485
478,tasa_cma,0.052110493051389296
478,peso_medio_cma,0.0034423111985122847
478,pct_pediatrico,4.3743510807375727e-07
478,pct_geriatrico,7.777042531986604e-08
478,pct_femenino_fertil,0.0020678711238426247
478,edad_mediana,7.777042531986604e-08
478,pct_urgencia,0.0020678711238426247
478,pct_programada,6.780278648192418e-07
478,pct_obstetrica_ingreso,0.0017569501747698541
478,pct_alta_domicilio,3.038796946674994e-05
478,pct_alta_fallecido,7.971902694518975e-05
478,pct_alta_traslado,0.0009290825505314937
478,pct_origen_emergencia,0.0003245836896950884
478,pct_origen_referencia,0.0836136233221357
478,pct_uso_pabellon,0.0009290825505314937
478,pabellones_promedio,0.013322438557607152
478,tasa_partos,0.017373352895632996
478,tasa_prematurez,0.03916058505206379
478,cv_estancia,0.001490601231074447
478,pct_estancia_larga,0.005907387127336263
479,egresos_por_anio,0.17740038597902943
479,estancia_media,0.00020121658887006316
479,estancia_mediana,0.00028405531996158995
479,peso_medio_grd,3.277787315084132e-06
479,severidad_media,0.10218002240192174
479,mortalidad_media,0.009927087808388179
479,entropia_grd,0.002744797537922542
479,comorbilidades_promedio,0.004707989249345089
479,tasa_cma,0.06567769110254192
479,peso_medio_cma,0.0014533406145805408
479,pct_pediatrico,1.855119701412267e-06
479,pct_geriatrico,1.855119701412267e-06
479,pct_femenino_fertil,0.0009359714240447529
479,edad_mediana,1.855119701412267e-06
479,pct_urgencia,0.0006264363780232795
479,pct_programada,1.3586779142044053e-06
479,pct_obstetrica_ingreso,0.0018781508331580908
479,pct_alta_domicilio,0.00047304386541407474
479,pct_alta_fallecido,0.00028405531996158995
479,pct_alta_traslado,0.4508451553787921
479,pct_origen_emergencia,1.855119701412267e-06
479,pct_origen_referencia,7.758316125126884e-05
479,pct_uso_pabellon,0.0004877398897717194
479,pabellones_promedio,0.0001591364576017926
479,tasa_partos,0.005397782069507119
479,tasa_prematurez,0.04745499660897616
479,cv_estancia,0.09753967364334931
479,pct_estancia_larga,0.00044468727649805945
480,egresos_por_anio,0.0457496364965453
480,estancia_media,0.06008483047281353
480,estancia_mediana,0.0002868266004474291
480,peso_medio_grd,0.0008301008956538134
480,severidad_media,0.012462202660720473
480,mortalidad_media,0.0009555247233467525
480,entropia_grd,0.003907009532656404
480,comorbilidades_promedio,0.026318230154398065
480,tasa_cma,0.00576242955000487
480,peso_medio_cma,0.00434222351014801
480,pct_pediatrico,5.225549084208435e-08
480,pct_geriatrico,3.9876054428167315e-07
480,pct_femenino_fertil,6.105110768794783e-05
480,edad_mediana,3.9876054428167315e-07
480,pct_urgencia,0.0002868266004474291
480,pct_programada,0.0003289562455363425
480,pct_obstetrica_ingreso,0.0002868266004474291
480,pct_alta_domicilio,8.004965154112442e-06
480,pct_alta_fallecido,1.8399311655393222e-06
480,pct_alta_traslado,0.012410438516052419
480,pct_origen_emergencia,0.33404338539728456
480,pct_origen_referencia,0.656526046870723
480,pct_uso_pabellon,0.00037755067664397185
480,pabellones_promedio,0.0002868266004474291
480,tasa_partos,0.0017030642246173607
480,tasa_prematurez,0.0332007519931518
480,cv_estancia,0.10505793956989408
480,pct_estancia_larga,0.10209731283870335
481,egresos_por_anio,0.18296477858855012
481,estancia_media,0.0317892006745305
481,estancia_mediana,0.4125934628201863
481,peso_medio_grd,3.860077129907889e-06
481,severidad_media,0.00023568866917211077
481,mortalidad_media,0.0027228075209012326
481,entropia_grd,0.08267350942606662
481,comorbilidades_promedio,0.6828572608643495
481,tasa_cma,0.10246686757571312
481,peso_medio_cma,0.0027228075209012326
481,pct_pediatrico,2.3398816606427797e-09
481,pct_geriatrico,9.502331050931953e-07
481,pct_femenino_fertil,8.287589970424495e-08
481,edad_mediana,8.287589970424495e-08
481,pct_urgencia,0.00015679678616520188
481,pct_programada,2.5355477470235308e-06
481,pct_obstetrica_ingreso,8.89751278193042e-07
481,pct_alta_domicilio,0.004205413230859393
481,pct_alta_fallecido,0.0002779614161102003
481,pct_alta_traslado,0.4125934628201863
481,pct_origen_emergencia,0.00015679678616520188
481,pct_origen_referencia,0.015041087484518325
481,pct_uso_pabellon,0.008030283015147592
481,pabellones_promedio,0.0010864154521127414
481,tasa_partos,2.5355477470235308e-06
481,tasa_prematurez,0.07316892981358204
481,cv_estancia,0.08267350942606662
481,pct_estancia_larga,0.01378051594686834
482,egresos_por_anio,0.003948999985956265
482,estancia_media,0.04073073453691459
482,estancia_mediana,0.007519950906546321
482,peso_medio_grd,0.0002567633525833054
482,severidad_media,0.343990718936588
482,mortalidad_media,0.43136392093295384
482,entropia_grd,0.3416018322467255
482,comorbilidades_promedio,0.01117259438644521
482,tasa_cma,0.1470902132364441
482,peso_medio_cma,0.0010641537881382179
482,pct_pediatrico,5.328748125309781e-08
482,pct_geriatrico,4.3360388210139087e-07
482,pct_femenino_fertil,0.0002460080871613406
482,edad_mediana,6.332880734498474e-08
482,pct_urgencia,0.004281933090606413
482,pct_programada,6.957665293074312e-07
482,pct_obstetrica_ingreso,0.00014328453235788163
482,pct_alta_domicilio,0.00035150953999749725
482,pct_alta_fallecido,0.0004325781762015201
482,pct_alta_traslado,0.0714091894093271
482,pct_origen_emergencia,0.0004325781762015201
482,pct_origen_referencia,0.009818937730146984
482,pct_uso_pabellon,0.0018733285829966551
482,pabellones_promedio,0.0003097273850149956
482,tasa_partos,0.0005180634491524344
482,tasa_prematurez,0.0009241899337036558
482,cv_estancia,0.00020377973720258496
482,pct_estancia_larga,0.1470902132364441
483,egresos_por_anio,0.0012308500453593269
483,estancia_media,0.03401718726454706
483,estancia_mediana,0.0008260236207896225
483,peso_medio_grd,0.43345488150959355
483,severidad_media,0.0001525491952265791
483,mortalidad_media,0.00019881744317273002
483,entropia_grd,0.4909048216334125
483,comorbilidades_promedio,0.23280256443769795
483,tasa_cma,0.6325036049229035
483,peso_medio_cma,0.020528574188537284
483,pct_pediatrico,3.671992472162158e-10
483,pct_geriatrico,2.0573832721127371e-07
483,pct_femenino_fertil,2.1339813765400233e-06
483,edad_mediana,2.0224180959943383e-08
483,pct_urgencia,0.03354687786211362
483,pct_programada,0.6721745705956583
483,pct_obstetrica_ingreso,8.25358607511485e-05
483,pct_alta_domicilio,0.05687940787350326
483,pct_alta_fallecido,3.4052351700007054e-05
483,pct_alta_traslado,0.0056392004245104125
483,pct_origen_emergencia,0.48773656154730577
483,pct_origen_referencia,0.008689866783417401
483,pct_uso_pabellon,0.0016591656619181223
483,pabellones_promedio,0.21648620346062697
483,tasa_partos,0.00019881744317273002
483,tasa_prematurez,0.04179754685603548
483,cv_estancia,0.0015695457008222259
483,pct_estancia_larga,0.23950252099326316
484,egresos_por_anio,0.3660006434786382
484,estancia_media,0.18078443924894927
484,estancia_mediana,0.018115203781628564
484,peso_medio_grd,0.006148579801786254
484,severidad_media,4.065056242920753e-05
484,mortalidad_media,0.000371747498241192
484,entropia_grd,0.0029375258757098313
484,comorbilidades_promedio,0.0006112314409294714
484,tasa_cma,0.04357856575383235
484,peso_medio_cma,0.032644685664696395
484,pct_pediatrico,7.892638725229664e-09
484,pct_geriatrico,1.7329984462782022e-05
484,pct_femenino_fertil,2.0092922729393243e-06
484,edad_mediana,4.062581996652503e-06
484,pct_urgencia,0.010720144042278773
484,pct_programada,0.003150660360732232
484,pct_obstetrica_ingreso,1.2788930277171026e-05
484,pct_alta_domicilio,6.68198761920152e-06
484,pct_alta_fallecido,0.00016509035032404655
484,pct_alta_traslado,0.0029375258757098313
484,pct_origen_emergencia,0.24763246214899046
484,pct_origen_referencia,0.08796915713324537
484,pct_uso_pabellon,0.031609057664014194
484,pabellones_promedio,0.02249099652685262
484,tasa_partos,2.7837820573889953e-05
484,tasa_prematurez,0.3000140746232255
484,cv_estancia,0.0020595011435725987
484,pct_estancia_larga,0.3524986588235837
485,egresos_por_anio,0.0020252724664552584
485,estancia_media,0.07611906721974034
485,estancia_mediana,0.0039031148705325007
485,peso_medio_grd,5.174900907351929e-05
485,severidad_media,2.4245279439094374e-05
485,mortalidad_media,2.9640339691055778e-06
485,entropia_grd,0.2245463510405637
485,comorbilidades_promedio,0.006299422231702829
485,tasa_cma,0.12607338499465007
485,peso_medio_cma,0.0027348595099393274
485,pct_pediatrico,3.0118167000758666e-08
485,pct_geriatrico,1.9667537920049297e-07
485,pct_femenino_fertil,2.086227798297853e-06
485,edad_mediana,2.7837083016750616e-06
485,pct_urgencia,0.00039820933687577506
485,pct_programada,0.09315998344400071
485,pct_obstetrica_ingreso,1.4387316804258413e-05
485,pct_alta_domicilio,4.243421665423813e-06
485,pct_alta_fallecido,1.403634015768251e-05
485,pct_alta_traslado,0.002934687059357476
485,pct_origen_emergencia,0.9929806448830844
485,pct_origen_referencia,0.2245463510405637
485,pct_uso_pabellon,0.08396654781080826
485,pabellones_promedio,0.4397001881961435
485,tasa_partos,1.4603734155526318e-05
485,tasa_prematurez,0.09315998344400071
485,cv_estancia,0.005091916253828946
485,pct_estancia_larga,0.15561083566390735
486,egresos_por_anio,0.21940670134816934
486,estancia_media,0.0033862048331122253
486,estancia_mediana,0.00014256774558636434
486,peso_medio_grd,0.0007862823630272785
486,severidad_media,6.9456025251733705e-06
486,mortalidad_media,7.193855295375532e-07
486,entropia_grd,0.001131916129898224
486,comorbilidades_promedio,0.0029470883844247013
486,tasa_cma,0.5511726964524308
486,peso_medio_cma,0.0010403618424472388
486,pct_pediatrico,2.0991841071075306e-06
486,pct_geriatrico,6.448146433866362e-07
486,pct_femenino_fertil,2.136696428880903e-06
486,edad_mediana,6.448146433866362e-07
486,pct_urgencia,0.0007862823630272785
486,pct_programada,0.01181138963877408
486,pct_obstetrica_ingreso,2.136696428880903e-06
486,pct_alta_domicilio,0.000516784878411167
486,pct_alta_fallecido,0.0007862823630272785
486,pct_alta_traslado,0.06288770510822078
486,pct_origen_emergencia,0.0008520193455192876
486,pct_origen_referencia,0.0004883594564898682
486,pct_uso_pabellon,0.001131916129898224
486,pabellones_promedio,0.054183603510928234
486,tasa_partos,5.972287882829111e-06
486,tasa_prematurez,0.14579381476564007
486,cv_estancia,0.007071387133757432
486,pct_estancia_larga,0.0027029953457424396
487,egresos_por_anio,0.0003808940275986923
487,estancia_media,0.07009315223287708
487,estancia_mediana,0.06308570518657457
487,peso_medio_grd,0.0013938765243240345
487,severidad_media,0.14473766509594707
487,mortalidad_media,0.030262273158558603
487,entropia_grd,0.18655514036961116
487,comorbilidades_promedio,0.001911700460274757
487,tasa_cma,0.07009315223287708
487,peso_medio_cma,0.25550997230715744
487,pct_pediatrico,4.006118431312249e-07
487,pct_geriatrico,2.3793251043214917e-05
487,pct_femenino_fertil,0.002766331021360323
487,edad_mediana,4.621706133969761e-06
487,pct_urgencia,0.00059607201145696
487,pct_programada,3.994565966537645e-05
487,pct_obstetrica_ingreso,0.013097249677445705
487,pct_alta_domicilio,2.3793251043214917e-05
487,pct_alta_fallecido,0.00059607201145696
487,pct_alta_traslado,5.722137918572398e-06
487,pct_origen_emergencia,0.0009697748709032318
487,pct_origen_referencia,8.574083329183785e-05
487,pct_uso_pabellon,1.4903374254288047e-05
487,pabellones_promedio,0.00024321245955356152
487,tasa_partos,0.0021987005765462535
487,tasa_prematurez,0.001911700460274757
487,cv_estancia,0.0012335485430905989
487,pct_estancia_larga,0.08077615488823514
488,egresos_por_anio,0.03992350265884158
488,estancia_media,0.005872202995658269
488,estancia_mediana,0.10442816985796397
488,peso_medio_grd,5.04128127635849e-07
488,severidad_media,0.0024736758566687093
488,mortalidad_media,0.01176850879823765
488,entropia_grd,0.1486883271419074
488,comorbilidades_promedio,0.23755415697805646
488,tasa_cma,0.7459593499757231
488,peso_medio_cma,0.06423286734287646
488,pct_pediatrico,6.742562837344809e-09
488,pct_geriatrico,4.392283791055855e-06
488,pct_femenino_fertil,5.04128127635849e-07
488,edad_mediana,6.931714849022666e-08
488,pct_urgencia,0.00022451308662961746
488,pct_programada,1.2947043825672426e-07
488,pct_obstetrica_ingreso,1.3738987471944573e-06
488,pct_alta_domicilio,0.005439740726387352
488,pct_alta_fallecido,0.004012492557387569
488,pct_alta_traslado,0.07008720172545092
488,pct_origen_emergencia,6.447832462889571e-07
488,pct_origen_referencia,0.0024736758566687093
488,pct_uso_pabellon,0.0004936298467887215
488,pabellones_promedio,0.0027837211314238218
488,tasa_partos,1.635460571564226e-05
488,tasa_prematurez,0.06447984605229015
488,cv_estancia,0.1956204876372131
488,pct_estancia_larga,0.0024736758566687093
489,egresos_por_anio,0.16225174901026093
489,estancia_media,0.0002340626129133246
489,estancia_mediana,0.00313437652148164
489,peso_medio_grd,8.171034834428697e-08
489,severidad_media,0.0008126778761462846
489,mortalidad_media,0.001141176940790761
489,entropia_grd,0.05198415506604309
489,comorbilidades_promedio,0.023925524245992497
489,tasa_cma,0.2131877216801201
489,peso_medio_cma,2.6172060131921025e-05
489,pct_pediatrico,6.762213988739041e-08
489,pct_geriatrico,1.8572520665840624e-07
489,pct_femenino_fertil,0.0005452477305974609
489,edad_mediana,3.3957103206271886e-08
489,pct_urgencia,0.00033919049610677747
489,pct_programada,1.8572520665840624e-07
489,pct_obstetrica_ingreso,0.0005452477305974609
489,pct_alta_domicilio,0.005464459775051766
489,pct_alta_fallecido,4.250863217030151e-06
489,pct_alta_traslado,0.09020880210577159
489,pct_origen_emergencia,3.812315326795467e-07
489,pct_origen_referencia,0.000648378425731994
489,pct_uso_pabellon,0.0008126778761462846
489,pabellones_promedio,0.004239179403737748
489,tasa_partos,0.000648378425731994
489,tasa_prematurez,0.019350385919757785
489,cv_estancia,0.0011872668368789112
489,pct_estancia_larga,0.00013746810991857695
490,egresos_por_anio,0.045801657872740174
490,estancia_media,0.0038546689829516857
490,estancia_mediana,0.0038546689829516857
490,peso_medio_grd,7.00810942254524e-05
490,severidad_media,0.05244209662999356
490,mortalidad_media,7.00810942254524e-05
490,entropia_grd,0.014896086407917288
490,comorbilidades_promedio,0.045801657872740174
490,tasa_cma,0.13786712122793052
490,peso_medio_cma,0.0003062221591037287
490,pct_pediatrico,2.059897010709924e-08
490,pct_geriatrico,2.155634190649731e-07
490,pct_femenino_fertil,1.9432919913623416e-06
490,edad_mediana,3.412231237953455e-07
490,pct_urgencia,0.06600143581603948
490,pct_programada,0.0006142245096539551
490,pct_obstetrica_ingreso,5.1853055773024735e-05
490,pct_alta_domicilio,7.00810942254524e-05
490,pct_alta_fallecido,2.155634190649731e-07
490,pct_alta_traslado,0.009326838779996351
490,pct_origen_emergencia,0.0001518394661089746
490,pct_origen_referencia,9.783866059447166e-05
490,pct_uso_pabellon,0.045801657872740174
490,pabellones_promedio,0.044533204863247085
490,tasa_partos,7.00810942254524e-05
490,tasa_prematurez,0.0023703537707407446
490,cv_estancia,0.0025231664771952073
490,pct_estancia_larga,0.0042493746903666425
491,egresos_por_anio,0.04157438201140639
491,estancia_media,0.0037630172903346548
491,estancia_mediana,0.010968367057283407
491,peso_medio_grd,2.8295312755665686e-07
491,severidad_media,0.00022226843747589535
491,mortalidad_media,0.00013541189885691687
491,entropia_grd,0.00986323516439853
491,comorbilidades_promedio,5.881973179998285e-05
491,tasa_cma,0.11580587546530793
491,peso_medio_cma,2.7785526645872158e-05
491,pct_pediatrico,9.055684543739405e-09
491,pct_geriatrico,9.225457220666363e-09
491,pct_femenino_fertil,6.463255508730133e-07
491,edad_mediana,9.055684543739405e-09
491,pct_urgencia,0.023972304042600773
491,pct_programada,1.824774735849267e-05
491,pct_obstetrica_ingreso,1.5425577085537416e-06
491,pct_alta_domicilio,0.0013400782910887481
491,pct_alta_fallecido,2.1040300819382454e-05
491,pct_alta_traslado,0.04222180583477657
491,pct_origen_emergencia,6.573922848651664e-05
491,pct_origen_referencia,0.0002973192442351927
491,pct_uso_pabellon,0.007212258659306863
491,pabellones_promedio,0.010163556355272165
491,tasa_partos,1.0253523200515146e-05
491,tasa_prematurez,0.07977560197918558
491,cv_estancia,0.00986323516439853
491,pct_estancia_larga,0.0004519358514800775
492,egresos_por_anio,0.3687700562435827
492,estancia_media,0.0031817998109529553
492,estancia_mediana,0.00013573149182805703
492,peso_medio_grd,0.0010550684027635891
492,severidad_media,0.25708489174804006
492,mortalidad_media,0.1481104873208793
492,entropia_grd,0.00038428728017925813
492,comorbilidades_promedio,0.20452470054355015
492,tasa_cma,0.689343589552686
492,peso_medio_cma,0.002398637410070902
492,pct_pediatrico,1.0024353551190377e-09
492,pct_geriatrico,8.991059536285431e-10
492,pct_femenino_fertil,0.00042615722511213985
492,edad_mediana,8.991059536285431e-10
492,pct_urgencia,0.002960857987218274
492,pct_programada,0.00013573149182805703
492,pct_obstetrica_ingreso,0.0014581432505034755
492,pct_alta_domicilio,0.00013573149182805703
492,pct_alta_fallecido,1.4854450067947702e-07
492,pct_alta_traslado,0.1670991568611235
492,pct_origen_emergencia,0.2832972079587495
492,pct_origen_referencia,0.3371008467856883
492,pct_uso_pabellon,0.0026637421147891528
492,pabellones_promedio,0.04445123322563414
492,tasa_partos,0.04863644229112921
492,tasa_prematurez,0.5812588996718647
492,cv_estancia,0.07838222510915713
492,pct_estancia_larga,0.04863644229112921
493,egresos_por_anio,0.23705113872691785
493,estancia_media,0.00018993937041932488
493,estancia_mediana,0.00018993937041932488
493,peso_medio_grd,1.8208470542830278e-05
493,severidad_media,8.03555889459369e-05
493,mortalidad_media,2.8628329506393614e-05
493,entropia_grd,0.02120060021102501
493,comorbilidades_promedio,0.08046845683373845
493,tasa_cma,0.4619450422627163
493,peso_medio_cma,0.0007650099664768006
493,pct_pediatrico,3.9038608882192686e-08
493,pct_geriatrico,3.9038608882192686e-08
493,pct_femenino_fertil,7.091630979584925e-07
493,edad_mediana,3.9038608882192686e-08
493,pct_urgencia,0.25773245117963
493,pct_programada,0.01601762537529168
493,pct_obstetrica_ingreso,1.9780398338443893e-06
493,pct_alta_domicilio,7.606294631915507e-05
493,pct_alta_fallecido,1.2399928964002932e-05
493,pct_alta_traslado,0.08046845683373845
493,pct_origen_emergencia,0.23705113872691785
493,pct_origen_referencia,0.11142306697401472
493,pct_uso_pabellon,0.0002000142153135198
493,pabellones_promedio,0.0001958087274459538
493,tasa_partos,7.188982679278119e-05
493,tasa_prematurez,0.5972527592087733
493,cv_estancia,0.11142306697401472
493,pct_estancia_larga,0.0016265889634841488
494,egresos_por_anio,0.07473267207792848
494,estancia_media,0.12319346568129337
494,estancia_mediana,0.016049051958898736
494,peso_medio_grd,4.5442264164936815e-05
494,severidad_media,1.0674584436868906e-06
494,mortalidad_media,1.2588298154852745e-06
494,entropia_grd,0.0006244957736002335
494,comorbilidades_promedio,0.05240674527745218
494,tasa_cma,0.01871239800195474
494,peso_medio_cma,0.4135969903254787
494,pct_pediatrico,3.207350636193577e-07
494,pct_geriatrico,2.3687360958666001e-07
494,pct_femenino_fertil,2.3687360958666001e-07
494,edad_mediana,6.017013875385826e-06
494,pct_urgencia,0.0006244957736002335
494,pct_programada,3.5556224077312095e-05
494,pct_obstetrica_ingreso,2.3687360958666001e-07
494,pct_alta_domicilio,0.00964779184873481
494,pct_alta_fallecido,4.4934249570422867e-07
494,pct_alta_traslado,0.21593102273915135
494,pct_origen_emergencia,0.005745088155056879
494,pct_origen_referencia,0.10535721073278932
494,pct_uso_pabellon,0.07473267207792848
494,pabellones_promedio,0.05240674527745218
494,tasa_partos,2.3687360958666001e-07
494,tasa_prematurez,0.005379853977660298
494,cv_estancia,0.001212044979143066
494,pct_estancia_larga,0.05933133386937253
495,egresos_por_anio,0.04063425774801059
495,estancia_media,0.0006074428723223761
495,estancia_mediana,8.70791986983933e-05
495,peso_medio_grd,1.4907730750197081e-05
495,severidad_media,0.06323924564482059
495,mortalidad_media,0.015413385015765885
495,entropia_grd,0.000565081400510563
495,comorbilidades_promedio,0.041382098179780016
495,tasa_cma,0.3231446048171424
495,peso_medio_cma,0.0021627010183054834
495,pct_pediatrico,2.8688173798267243e-08
495,pct_geriatrico,2.338809285374924e-09
495,pct_femenino_fertil,0.008163780977386903
495,edad_mediana,2.338809285374924e-09
495,pct_urgencia,0.00014786629918484573
495,pct_programada,2.611518855606393e-06
495,pct_obstetrica_ingreso,0.005237050748553007
495,pct_alta_domicilio,0.0002773918647529869
495,pct_alta_fallecido,0.00014786629918484573
495,pct_alta_traslado,0.008120683900363891
495,pct_origen_emergencia,3.117907073889406e-05
495,pct_origen_referencia,0.0009945552626796747
495,pct_uso_pabellon,2.426285406331447e-05
495,pabellones_promedio,0.001573220909274737
495,tasa_partos,0.003524118330676423
495,tasa_prematurez,0.08312055007285865
495,cv_estancia,0.11921595927686801
495,pct_estancia_larga,0.015497796685389803
496,egresos_por_anio,0.2839160923796279
496,estancia_media,0.0003815086940556419
496,estancia_mediana,2.4875270852165323e-05
496,peso_medio_grd,0.00032063669696896844
496,severidad_media,0.0018913642684321589
496,mortalidad_media,0.00019528270748649917
496,entropia_grd,0.11110914937567724
496,comorbilidades_promedio,0.019838086195746417
496,tasa_cma,0.0033954537546273464
496,peso_medio_cma,0.0025413940645771303
496,pct_pediatrico,1.504639047299237e-06
496,pct_geriatrico,5.6270599567286845e-06
496,pct_femenino_fertil,5.6270599567286845e-06
496,edad_mediana,1.504639047299237e-06
496,pct_urgencia,3.868595062259036e-06
496,pct_programada,5.6270599567286845e-06
496,pct_obstetrica_ingreso,4.244334171601787e-06
496,pct_alta_domicilio,3.457199996179539e-05
496,pct_alta_fallecido,0.00032063669696896844
496,pct_alta_traslado,0.014634884447887566
496,pct_origen_emergencia,8.972848926111502e-06
496,pct_origen_referencia,0.0003583822885590666
496,pct_uso_pabellon,1.2437601594567705e-05
496,pabellones_promedio,0.000573881487710595
496,tasa_partos,3.872348685875981e-06
496,tasa_prematurez,0.09477053051881075
496,cv_estancia,0.14853584101090844
496,pct_estancia_larga,0.012225818497204662
497,egresos_por_anio,0.0001527127543995593
497,estancia_media,1.66363768909811e-05
497,estancia_mediana,2.8055061332813287e-05
497,peso_medio_grd,0.0001077226348932642
497,severidad_media,1.66363768909811e-05
497,mortalidad_media,4.763884864788683e-06
497,entropia_grd,0.04712267305302683
497,comorbilidades_promedio,0.0001527127543995593
497,tasa_cma,0.02228880899574917
497,peso_medio_cma,0.00680625131260426
497,pct_pediatrico,2.6229009703897388e-08
497,pct_geriatrico,8.685856240768549e-08
497,pct_femenino_fertil,3.5078973157030316e-07
497,edad_mediana,8.685856240768549e-08
497,pct_urgencia,0.032110705227143925
497,pct_programada,0.01906701464845653
497,pct_obstetrica_ingreso,1.66363768909811e-05
497,pct_alta_domicilio,4.6885785084801393e-07
497,pct_alta_fallecido,8.685856240768549e-08
497,pct_alta_traslado,4.696068420727374e-05
497,pct_origen_emergencia,0.00446156946622376
497,pct_origen_referencia,0.0006278514958669704
497,pct_uso_pabellon,0.0069019923033520605
497,pabellones_promedio,0.10791472730572005
497,tasa_partos,1.761469881216013e-05
497,tasa_prematurez,0.00037777375485190925
497,cv_estancia,0.05169432669728776
497,pct_estancia_larga,1.759852757666203e-05
498,egresos_por_anio,0.9414411803895061
498,estancia_media,0.0225530442548934
498,estancia_mediana,0.027931547403087793
498,peso_medio_grd,0.00021890734912924633
498,severidad_media,0.01351533812963773
498,mortalidad_media,0.0036660095603063803
498,entropia_grd,0.004396828897091935
498,comorbilidades_promedio,0.011097025722569822
498,tasa_cma,0.16793924039745306
498,peso_medio_cma,0.007453309862400263
498,pct_pediatrico,2.7808830898464377e-08
498,pct_geriatrico,3.512206044771465e-06
498,pct_femenino_fertil,6.2954383014606e-05
498,edad_mediana,3.7438695112787885e-07
498,pct_urgencia,3.512206044771465e-06
498,pct_programada,0.0005598045575622863
498,pct_obstetrica_ingreso,0.00034018752967794835
498,pct_alta_domicilio,0.004396828897091935
498,pct_alta_fallecido,6.142958201410503e-06
498,pct_alta_traslado,0.08185279531157374
498,pct_origen_emergencia,0.011097025722569822
498,pct_origen_referencia,0.3152907319798502
498,pct_uso_pabellon,0.0006620815581722919
498,pabellones_promedio,0.011097025722569822
498,tasa_partos,0.004396828897091935
498,tasa_prematurez,0.49347075934686563
498,cv_estancia,0.022030923068783695
498,pct_estancia_larga,0.01715842347922037
499,egresos_por_anio,0.7665508989684495
499,estancia_media,0.012127739088682522
499,estancia_mediana,0.013885814403128008
499,peso_medio_grd,0.6212377189742948
499,severidad_media,6.563577674877895e-07
499,mortalidad_media,3.819943708917284e-06
499,entropia_grd,0.00038556685693427517
499,comorbilidades_promedio,0.0004283677253598838
499,tasa_cma,0.5143332735231646
499,peso_medio_cma,0.013885814403128008
499,pct_pediatrico,3.0839823301232666e-08
499,pct_geriatrico,7.995227341917062e-08
499,pct_femenino_fertil,0.00012069628471114038
499,edad_mediana,2.757217118173437e-08
499,pct_urgencia,1.2053679980954152e-07
499,pct_programada,0.03941174071294538
499,pct_obstetrica_ingreso,0.00038556685693427517
499,pct_alta_domicilio,0.0004283677253598838
499,pct_alta_fallecido,2.270299905789415e-05
499,pct_alta_traslado,0.00890433006942357
499,pct_origen_emergencia,0.008448765983744833
499,pct_origen_referencia,0.014325262603163082
499,pct_uso_pabellon,0.038232896513383983
499,pabellones_promedio,0.3017300175759341
499,tasa_partos,0.0004022491113509592
499,tasa_prematurez,0.4009623541816048
499,cv_estancia,0.1138361902875859
499,pct_estancia_larga,0.054265023148138254
