rep,variable,p_valor_ajustado_BH
0,egresos_por_anio,0.9250953773933004
0,estancia_media,0.380883086871031
0,estancia_mediana,0.9250953773933004
0,peso_medio_grd,0.9401908135405139
0,severidad_media,0.9401908135405139
0,mortalidad_media,0.380883086871031
0,entropia_grd,0.9250953773933004
0,comorbilidades_promedio,0.9250953773933004
0,tasa_cma,0.48990356582612476
0,peso_medio_cma,0.9401908135405139
0,pct_pediatrico,0.2526348982878934
0,pct_geriatrico,0.2526348982878934
0,pct_femenino_fertil,0.2526348982878934
0,edad_mediana,0.380883086871031
0,pct_urgencia,0.6480632446763005
0,pct_programada,0.9250953773933004
0,pct_obstetrica_ingreso,0.9250953773933004
0,pct_alta_domicilio,0.938802864279149
0,pct_alta_fallecido,0.5090852081358069
0,pct_alta_traslado,0.747230325817454
0,pct_origen_emergencia,0.747230325817454
0,pct_origen_referencia,0.9401908135405139
0,pct_uso_pabellon,0.9250953773933004
0,pabellones_promedio,0.9250953773933004
0,tasa_partos,0.938802864279149
0,tasa_prematurez,0.832209303760091
0,cv_estancia,0.9250953773933004
0,pct_estancia_larga,0.3731634598174065
1,egresos_por_anio,0.11406104860628968
1,estancia_media,0.9926767311324374
1,estancia_mediana,0.9435087501691024
1,peso_medio_grd,0.98011277351405
1,severidad_media,0.3257818973535939
1,mortalidad_media,0.9926767311324374
1,entropia_grd,0.46662347873251314
1,comorbilidades_promedio,0.46662347873251314
1,tasa_cma,0.9926767311324374
1,peso_medio_cma,0.46662347873251314
1,pct_pediatrico,0.031126372858322596
1,pct_geriatrico,0.031126372858322596
1,pct_femenino_fertil,0.6925447737519672
1,edad_mediana,0.19629232542748723
1,pct_urgencia,0.19629232542748723
1,pct_programada,0.11202564854412855
1,pct_obstetrica_ingreso,0.9199145770498898
1,pct_alta_domicilio,0.9199145770498898
1,pct_alta_fallecido,0.17701655537555624
1,pct_alta_traslado,0.9199145770498898
1,pct_origen_emergencia,0.3257818973535939
1,pct_origen_referencia,0.3257818973535939
1,pct_uso_pabellon,0.11406104860628968
1,pabellones_promedio,0.697324814436488
1,tasa_partos,0.44028297792588184
1,tasa_prematurez,0.44028297792588184
1,cv_estancia,0.46662347873251314
1,pct_estancia_larga,0.8217674270204468
2,egresos_por_anio,0.1274380837011989
2,estancia_media,0.1274380837011989
2,estancia_mediana,0.3732214602655049
2,peso_medio_grd,0.27813250626525016
2,severidad_media,0.5812176015882026
2,mortalidad_media,0.7433710575459834
2,entropia_grd,0.6341497422257215
2,comorbilidades_promedio,0.3165752697807312
2,tasa_cma,0.3732214602655049
2,peso_medio_cma,0.5904587733925452
2,pct_pediatrico,0.1274380837011989
2,pct_geriatrico,0.1274380837011989
2,pct_femenino_fertil,0.1274380837011989
2,edad_mediana,0.1274380837011989
2,pct_urgencia,0.9469114147541875
2,pct_programada,0.3732214602655049
2,pct_obstetrica_ingreso,0.8931808849066043
2,pct_alta_domicilio,0.8931808849066043
2,pct_alta_fallecido,0.3165752697807312
2,pct_alta_traslado,0.8931808849066043
2,pct_origen_emergencia,0.48551150813229527
2,pct_origen_referencia,0.3732214602655049
2,pct_uso_pabellon,0.18615551259459587
2,pabellones_promedio,0.3165752697807312
2,tasa_partos,0.6540311473065942
2,tasa_prematurez,0.9494990231446504
2,cv_estancia,0.1274380837011989
2,pct_estancia_larga,0.1274380837011989
3,egresos_por_anio,0.5728126823246873
3,estancia_media,0.7974326444754134
3,estancia_mediana,0.75175240866605
3,peso_medio_grd,0.5728126823246873
3,severidad_media,0.26390397807154786
3,mortalidad_media,0.7974326444754134
3,entropia_grd,0.5728126823246873
3,comorbilidades_promedio,0.26390397807154786
3,tasa_cma,0.26390397807154786
3,peso_medio_cma,0.45841406220341463
3,pct_pediatrico,0.1417378934783766
3,pct_geriatrico,0.5592261249696325
3,pct_femenino_fertil,0.26390397807154786
3,edad_mediana,0.1417378934783766
3,pct_urgencia,0.35783652386973686
3,pct_programada,0.35783652386973686
3,pct_obstetrica_ingreso,0.26390397807154786
3,pct_alta_domicilio,0.602645428324375
3,pct_alta_fallecido,0.26390397807154786
3,pct_alta_traslado,0.5728126823246873
3,pct_origen_emergencia,0.26390397807154786
3,pct_origen_referencia,0.7974326444754134
3,pct_uso_pabellon,0.945310223339176
3,pabellones_promedio,0.7974326444754134
3,tasa_partos,0.5728126823246873
3,tasa_prematurez,0.35783652386973686
3,cv_estancia,0.6783764198916362
3,pct_estancia_larga,0.9955984132449528
4,egresos_por_anio,0.7255595566053407
4,estancia_media,0.9263116236603101
4,estancia_mediana,0.701725362200153
4,peso_medio_grd,0.9263116236603101
4,severidad_media,0.8243942593071927
4,mortalidad_media,0.21335681666587467
4,entropia_grd,0.46411967884415894
4,comorbilidades_promedio,0.4839342254468449
4,tasa_cma,0.46411967884415894
4,peso_medio_cma,0.68868645606788
4,pct_pediatrico,0.13215948499394095
4,pct_geriatrico,0.07804267420898182
4,pct_femenino_fertil,0.8243942593071927
4,edad_mediana,0.06014318834634097
4,pct_urgencia,0.8243942593071927
4,pct_programada,0.46411967884415894
4,pct_obstetrica_ingreso,0.8243942593071927
4,pct_alta_domicilio,0.9425323583138265
4,pct_alta_fallecido,0.1535241522414136
4,pct_alta_traslado,0.9425323583138265
4,pct_origen_emergencia,0.7831211904463854
4,pct_origen_referencia,0.2165059040669572
4,pct_uso_pabellon,0.9425323583138265
4,pabellones_promedio,0.8243942593071927
4,tasa_partos,0.21335681666587467
4,tasa_prematurez,0.031536845669007
4,cv_estancia,0.9425323583138265
4,pct_estancia_larga,0.8243942593071927
5,egresos_por_anio,0.677828422463524
5,estancia_media,0.8019161072212704
5,estancia_mediana,0.6780533336162775
5,peso_medio_grd,0.9228581590939514
5,severidad_media,0.5815525415110435
5,mortalidad_media,0.9228581590939514
5,entropia_grd,0.11283798851197455
5,comorbilidades_promedio,0.8019161072212704
5,tasa_cma,0.6465906201887108
5,peso_medio_cma,0.8657431661055945
5,pct_pediatrico,0.10544612426733464
5,pct_geriatrico,0.10544612426733464
5,pct_femenino_fertil,0.46515209684225267
5,edad_mediana,0.10544612426733464
5,pct_urgencia,0.10544612426733464
5,pct_programada,0.9228581590939514
5,pct_obstetrica_ingreso,0.8262618954489988
5,pct_alta_domicilio,0.677828422463524
5,pct_alta_fallecido,0.0016293143886637617
5,pct_alta_traslado,0.8777593423514845
5,pct_origen_emergencia,0.8777593423514845
5,pct_origen_referencia,0.10544612426733464
5,pct_uso_pabellon,0.9663976105915627
5,pabellones_promedio,0.9663976105915627
5,tasa_partos,0.9601646223631313
5,tasa_prematurez,0.8019161072212704
5,cv_estancia,0.5815525415110435
5,pct_estancia_larga,0.46515209684225267
6,egresos_por_anio,0.8461833670431936
6,estancia_media,0.8461833670431936
6,estancia_mediana,0.6004828270341738
6,peso_medio_grd,0.30019692491529937
6,severidad_media,0.6588960542977405
6,mortalidad_media,0.8461833670431936
6,entropia_grd,0.8461833670431936
6,comorbilidades_promedio,0.5848811878486977
6,tasa_cma,0.6692407877891299
6,peso_medio_cma,0.8461833670431936
6,pct_pediatrico,0.30019692491529937
6,pct_geriatrico,0.30019692491529937
6,pct_femenino_fertil,0.9115392367226592
6,edad_mediana,0.5383533044532125
6,pct_urgencia,0.8461833670431936
6,pct_programada,0.30019692491529937
6,pct_obstetrica_ingreso,0.8461833670431936
6,pct_alta_domicilio,0.8461833670431936
6,pct_alta_fallecido,0.30019692491529937
6,pct_alta_traslado,0.6081237334188797
6,pct_origen_emergencia,0.8461833670431936
6,pct_origen_referencia,0.8461833670431936
6,pct_uso_pabellon,0.5848811878486977
6,pabellones_promedio,0.8461833670431936
6,tasa_partos,0.6692407877891299
6,tasa_prematurez,0.7779682186815869
6,cv_estancia,0.8461833670431936
6,pct_estancia_larga,0.8461833670431936
7,egresos_por_anio,0.8997142448661405
7,estancia_media,0.9821641904368529
7,estancia_mediana,0.8997142448661405
7,peso_medio_grd,0.9821641904368529
7,severidad_media,0.8997142448661405
7,mortalidad_media,0.9821641904368529
7,entropia_grd,0.9821641904368529
7,comorbilidades_promedio,0.9821641904368529
7,tasa_cma,0.9821641904368529
7,peso_medio_cma,0.9037193240631056
7,pct_pediatrico,0.0022759371266501253
7,pct_geriatrico,0.9821641904368529
7,pct_femenino_fertil,0.04361461198536709
7,edad_mediana,0.003162211694030191
7,pct_urgencia,0.19110300699712987
7,pct_programada,0.9821641904368529
7,pct_obstetrica_ingreso,0.40557171811778464
7,pct_alta_domicilio,0.8217673019470013
7,pct_alta_fallecido,0.9821641904368529
7,pct_alta_traslado,0.9821641904368529
7,pct_origen_emergencia,0.8217673019470013
7,pct_origen_referencia,0.8217673019470013
7,pct_uso_pabellon,0.8217673019470013
7,pabellones_promedio,0.603046674486988
7,tasa_partos,0.8217673019470013
7,tasa_prematurez,0.603046674486988
7,cv_estancia,0.2345040169075289
7,pct_estancia_larga,0.603046674486988
8,egresos_por_anio,0.25268095737877244
8,estancia_media,0.8077447453743077
8,estancia_mediana,0.8077447453743077
8,peso_medio_grd,0.9276265047701483
8,severidad_media,0.6340753247713601
8,mortalidad_media,0.43736680305425485
8,entropia_grd,0.6491569098619954
8,comorbilidades_promedio,0.8077447453743077
8,tasa_cma,0.8077447453743077
8,peso_medio_cma,0.8077447453743077
8,pct_pediatrico,0.08590633934439677
8,pct_geriatrico,0.9153714900728689
8,pct_femenino_fertil,0.7846986978692755
8,edad_mediana,0.25268095737877244
8,pct_urgencia,0.7846986978692755
8,pct_programada,0.5778412587908641
8,pct_obstetrica_ingreso,0.6205521740330135
8,pct_alta_domicilio,0.8077447453743077
8,pct_alta_fallecido,0.8077447453743077
8,pct_alta_traslado,0.9359532268340612
8,pct_origen_emergencia,0.6491569098619954
8,pct_origen_referencia,0.6491569098619954
8,pct_uso_pabellon,0.1189528665952866
8,pabellones_promedio,0.6491569098619954
8,tasa_partos,0.8077447453743077
8,tasa_prematurez,0.8077447453743077
8,cv_estancia,0.9532503130131178
8,pct_estancia_larga,0.5778412587908641
9,egresos_por_anio,0.9118139114809326
9,estancia_media,0.4929248434632888
9,estancia_mediana,0.0668459348243378
9,peso_medio_grd,0.8583865548415509
9,severidad_media,0.4929248434632888
9,mortalidad_media,0.4929248434632888
9,entropia_grd,0.4929248434632888
9,comorbilidades_promedio,0.07048375953030699
9,tasa_cma,0.6221654262934266
9,peso_medio_cma,0.9599529214511078
9,pct_pediatrico,0.06597966934041907
9,pct_geriatrico,0.06597966934041907
9,pct_femenino_fertil,0.06597966934041907
9,edad_mediana,0.00989695922324876
9,pct_urgencia,0.4929248434632888
9,pct_programada,0.5968658838794569
9,pct_obstetrica_ingreso,0.7390058482462277
9,pct_alta_domicilio,0.7390058482462277
9,pct_alta_fallecido,0.07048375953030699
9,pct_alta_traslado,0.4929248434632888
9,pct_origen_emergencia,0.7175830286699849
9,pct_origen_referencia,0.00989695922324876
9,pct_uso_pabellon,0.9118139114809326
9,pabellones_promedio,0.45058758911691865
9,tasa_partos,0.45058758911691865
9,tasa_prematurez,0.5678732431261637
9,cv_estancia,0.5249807793157876
9,pct_estancia_larga,0.19865834030377896
10,egresos_por_anio,0.578646708997966
10,estancia_media,0.578646708997966
10,estancia_mediana,0.578646708997966
10,peso_medio_grd,0.2761293243762697
10,severidad_media,0.578646708997966
10,mortalidad_media,0.8330150159105935
10,entropia_grd,0.9675477363565842
10,comorbilidades_promedio,0.578646708997966
10,tasa_cma,0.2751209586136792
10,peso_medio_cma,0.9675477363565842
10,pct_pediatrico,0.13277822240203366
10,pct_geriatrico,0.3329541481593871
10,pct_femenino_fertil,0.578646708997966
10,edad_mediana,0.042514698601797254
10,pct_urgencia,0.09949692230511491
10,pct_programada,0.08028807371920797
10,pct_obstetrica_ingreso,0.2088160267567106
10,pct_alta_domicilio,0.23319764638940527
10,pct_alta_fallecido,0.7421357398432299
10,pct_alta_traslado,0.042514698601797254
10,pct_origen_emergencia,0.7421357398432299
10,pct_origen_referencia,0.08028807371920797
10,pct_uso_pabellon,0.9675477363565842
10,pabellones_promedio,0.578646708997966
10,tasa_partos,0.9675477363565842
10,tasa_prematurez,0.578646708997966
10,cv_estancia,0.09949692230511491
10,pct_estancia_larga,0.9282822709115652
11,egresos_por_anio,0.6594033907010133
11,estancia_media,0.8422139350326393
11,estancia_mediana,0.38556178249008083
11,peso_medio_grd,0.8093405291024954
11,severidad_media,0.38556178249008083
11,mortalidad_media,0.6594033907010133
11,entropia_grd,0.8422139350326393
11,comorbilidades_promedio,0.44584671460665626
11,tasa_cma,0.6594033907010133
11,peso_medio_cma,0.7865769258783192
11,pct_pediatrico,0.029786727735644492
11,pct_geriatrico,0.38556178249008083
11,pct_femenino_fertil,0.38556178249008083
11,edad_mediana,0.11139615958141239
11,pct_urgencia,0.7475196903639629
11,pct_programada,0.38556178249008083
11,pct_obstetrica_ingreso,0.38556178249008083
11,pct_alta_domicilio,0.6594033907010133
11,pct_alta_fallecido,0.38556178249008083
11,pct_alta_traslado,0.3717021071756419
11,pct_origen_emergencia,0.3717021071756419
11,pct_origen_referencia,0.17536794572575304
11,pct_uso_pabellon,0.38556178249008083
11,pabellones_promedio,0.38556178249008083
11,tasa_partos,0.43241160017139246
11,tasa_prematurez,0.38556178249008083
11,cv_estancia,0.39655374477023225
11,pct_estancia_larga,0.047604372398602116
12,egresos_por_anio,0.3975944513006802
12,estancia_media,0.1809147163001382
12,estancia_mediana,0.9251477033652215
12,peso_medio_grd,0.9251477033652215
12,severidad_media,0.4619868707295575
12,mortalidad_media,0.6072546015968232
12,entropia_grd,0.398992727260491
12,comorbilidades_promedio,0.9165327483797793
12,tasa_cma,0.6964977811389652
12,peso_medio_cma,0.9251477033652215
12,pct_pediatrico,0.1520759204414485
12,pct_geriatrico,0.08999057888706166
12,pct_femenino_fertil,0.1520759204414485
12,edad_mediana,0.09057124002549989
12,pct_urgencia,0.3975944513006802
12,pct_programada,0.1520759204414485
12,pct_obstetrica_ingreso,0.9165327483797793
12,pct_alta_domicilio,0.8270891144838108
12,pct_alta_fallecido,0.8308798398579538
12,pct_alta_traslado,0.25227106821685846
12,pct_origen_emergencia,0.2585926326730079
12,pct_origen_referencia,0.3975944513006802
12,pct_uso_pabellon,0.09057124002549989
12,pabellones_promedio,0.9165327483797793
12,tasa_partos,0.1520759204414485
12,tasa_prematurez,0.1520759204414485
12,cv_estancia,0.1520759204414485
12,pct_estancia_larga,0.29206770835542156
13,egresos_por_anio,0.6565239507969197
13,estancia_media,0.9381168859647331
13,estancia_mediana,0.9989778770993867
13,peso_medio_grd,0.3223354334798809
13,severidad_media,0.3770458868221034
13,mortalidad_media,0.10570376611126037
13,entropia_grd,0.43711853312628873
13,comorbilidades_promedio,0.34850668091647913
13,tasa_cma,0.332719168514712
13,peso_medio_cma,0.4218939598429537
13,pct_pediatrico,0.10570376611126037
13,pct_geriatrico,0.8849406664421315
13,pct_femenino_fertil,0.3223354334798809
13,edad_mediana,0.10570376611126037
13,pct_urgencia,0.41478682142191214
13,pct_programada,0.10570376611126037
13,pct_obstetrica_ingreso,0.3265746387773181
13,pct_alta_domicilio,0.41478682142191214
13,pct_alta_fallecido,0.3204064784413695
13,pct_alta_traslado,0.9381168859647331
13,pct_origen_emergencia,0.547542808560911
13,pct_origen_referencia,0.3223354334798809
13,pct_uso_pabellon,0.3223354334798809
13,pabellones_promedio,0.3223354334798809
13,tasa_partos,0.34850668091647913
13,tasa_prematurez,0.3770458868221034
13,cv_estancia,0.34850668091647913
13,pct_estancia_larga,0.23265725581145402
14,egresos_por_anio,0.743482506321554
14,estancia_media,0.743482506321554
14,estancia_mediana,0.743482506321554
14,peso_medio_grd,0.5392858330923562
14,severidad_media,0.9371503978031711
14,mortalidad_media,0.8682307000805093
14,entropia_grd,0.743482506321554
14,comorbilidades_promedio,0.9790056009665425
14,tasa_cma,0.5392858330923562
14,peso_medio_cma,0.21128478635179493
14,pct_pediatrico,0.21128478635179493
14,pct_geriatrico,0.743482506321554
14,pct_femenino_fertil,0.2933868881867177
14,edad_mediana,0.21128478635179493
14,pct_urgencia,0.21128478635179493
14,pct_programada,0.5392858330923562
14,pct_obstetrica_ingreso,0.5392858330923562
14,pct_alta_domicilio,0.743482506321554
14,pct_alta_fallecido,0.743482506321554
14,pct_alta_traslado,0.743482506321554
14,pct_origen_emergencia,0.21128478635179493
14,pct_origen_referencia,0.743482506321554
14,pct_uso_pabellon,0.9371503978031711
14,pabellones_promedio,0.5392858330923562
14,tasa_partos,0.007789774407418164
14,tasa_prematurez,0.743482506321554
14,cv_estancia,0.743482506321554
14,pct_estancia_larga,0.743482506321554
15,egresos_por_anio,0.7692997115775253
15,estancia_media,0.37421354510092764
15,estancia_mediana,0.8812755744438052
15,peso_medio_grd,0.5539115739397632
15,severidad_media,0.2942338856887687
15,mortalidad_media,0.5730551068940307
15,entropia_grd,0.2942338856887687
15,comorbilidades_promedio,0.7692997115775253
15,tasa_cma,0.7692997115775253
15,peso_medio_cma,0.5539115739397632
15,pct_pediatrico,0.28086269008840126
15,pct_geriatrico,0.028049635801894613
15,pct_femenino_fertil,0.5730551068940307
15,edad_mediana,0.28086269008840126
15,pct_urgencia,0.7466814614723278
15,pct_programada,0.2942338856887687
15,pct_obstetrica_ingreso,0.35824375825175897
15,pct_alta_domicilio,0.43043261011176553
15,pct_alta_fallecido,0.3014366137054441
15,pct_alta_traslado,0.37421354510092764
15,pct_origen_emergencia,0.6335159858016353
15,pct_origen_referencia,0.2942338856887687
15,pct_uso_pabellon,0.2942338856887687
15,pabellones_promedio,0.33218862309540864
15,tasa_partos,0.2942338856887687
15,tasa_prematurez,0.2942338856887687
15,cv_estancia,0.8812755744438052
15,pct_estancia_larga,0.592857758423992
16,egresos_por_anio,0.7710610237044824
16,estancia_media,0.4865432242620421
16,estancia_mediana,0.47271635595233835
16,peso_medio_grd,0.47271635595233835
16,severidad_media,0.4865432242620421
16,mortalidad_media,0.6634626693773272
16,entropia_grd,0.20144971149997884
16,comorbilidades_promedio,0.6040187478586478
16,tasa_cma,0.6040187478586478
16,peso_medio_cma,0.6040187478586478
16,pct_pediatrico,0.14755060859973476
16,pct_geriatrico,0.12656208216641732
16,pct_femenino_fertil,0.6040187478586478
16,edad_mediana,0.12656208216641732
16,pct_urgencia,0.12656208216641732
16,pct_programada,0.6634626693773272
16,pct_obstetrica_ingreso,0.6634626693773272
16,pct_alta_domicilio,0.6040187478586478
16,pct_alta_fallecido,0.12656208216641732
16,pct_alta_traslado,0.6040187478586478
16,pct_origen_emergencia,0.6040187478586478
16,pct_origen_referencia,0.2813047651490561
16,pct_uso_pabellon,0.7710610237044824
16,pabellones_promedio,0.6040187478586478
16,tasa_partos,0.6040187478586478
16,tasa_prematurez,0.7495901953412399
16,cv_estancia,0.47271635595233835
16,pct_estancia_larga,0.4865432242620421
17,egresos_por_anio,0.9520909662773066
17,estancia_media,0.2735146636199899
17,estancia_mediana,0.9135870886835598
17,peso_medio_grd,0.8509563784470884
17,severidad_media,0.9135870886835598
17,mortalidad_media,0.5004763977148183
17,entropia_grd,0.2735146636199899
17,comorbilidades_promedio,0.6589900303764766
17,tasa_cma,0.9958495685415539
17,peso_medio_cma,0.6612554237674216
17,pct_pediatrico,0.17418943702349152
17,pct_geriatrico,0.2735146636199899
17,pct_femenino_fertil,0.2735146636199899
17,edad_mediana,0.06348024762813596
17,pct_urgencia,0.9958495685415539
17,pct_programada,0.9161670964312048
17,pct_obstetrica_ingreso,0.9135870886835598
17,pct_alta_domicilio,0.8509563784470884
17,pct_alta_fallecido,0.17418943702349152
17,pct_alta_traslado,0.2735146636199899
17,pct_origen_emergencia,0.17418943702349152
17,pct_origen_referencia,0.9135870886835598
17,pct_uso_pabellon,0.8268337447377998
17,pabellones_promedio,0.8509563784470884
17,tasa_partos,0.2735146636199899
17,tasa_prematurez,0.9049105412867764
17,cv_estancia,0.6612554237674216
17,pct_estancia_larga,0.2735146636199899
18,egresos_por_anio,0.9123149303521401
18,estancia_media,0.3273096341710157
18,estancia_mediana,0.4689480449221701
18,peso_medio_grd,0.41094926743535426
18,severidad_media,0.610463025944686
18,mortalidad_media,0.6070844861775396
18,entropia_grd,0.16585011719051956
18,comorbilidades_promedio,0.9123149303521401
18,tasa_cma,0.9556865913662217
18,peso_medio_cma,0.48632563395862094
18,pct_pediatrico,0.048833100114086085
18,pct_geriatrico,0.28693164799764587
18,pct_femenino_fertil,0.022491656476277884
18,edad_mediana,0.3691393280443698
18,pct_urgencia,0.9556865913662217
18,pct_programada,0.4689480449221701
18,pct_obstetrica_ingreso,0.5188641132289992
18,pct_alta_domicilio,0.14657625344975353
18,pct_alta_fallecido,0.03736780564239898
18,pct_alta_traslado,0.03812859823979042
18,pct_origen_emergencia,0.41094926743535426
18,pct_origen_referencia,0.48632563395862094
18,pct_uso_pabellon,0.41094926743535426
18,pabellones_promedio,0.5741395692121799
18,tasa_partos,0.49769956132082177
18,tasa_prematurez,0.23802791887236271
18,cv_estancia,0.5741395692121799
18,pct_estancia_larga,0.9123149303521401
19,egresos_por_anio,0.9199775410056986
19,estancia_media,0.02374451104127717
19,estancia_mediana,0.470803269420749
19,peso_medio_grd,0.3577451417667816
19,severidad_media,0.5827047566898623
19,mortalidad_media,0.5827047566898623
19,entropia_grd,0.10006284365981787
19,comorbilidades_promedio,0.10006284365981787
19,tasa_cma,0.2853538565286037
19,peso_medio_cma,0.59003306042668
19,pct_pediatrico,0.011224940820484367
19,pct_geriatrico,0.05911848042464466
19,pct_femenino_fertil,0.5529876338229295
19,edad_mediana,0.017559122442720874
19,pct_urgencia,0.17824268828594106
19,pct_programada,0.0797084494474032
19,pct_obstetrica_ingreso,0.8680468887917713
19,pct_alta_domicilio,0.3577451417667816
19,pct_alta_fallecido,0.3577451417667816
19,pct_alta_traslado,0.3664667008410649
19,pct_origen_emergencia,0.5827047566898623
19,pct_origen_referencia,0.0797084494474032
19,pct_uso_pabellon,0.095204400408016
19,pabellones_promedio,0.0797084494474032
19,tasa_partos,0.9199775410056986
19,tasa_prematurez,0.5620405640445016
19,cv_estancia,0.9199775410056986
19,pct_estancia_larga,0.4049432543063504
20,egresos_por_anio,0.811776144359961
20,estancia_media,0.6219848530719485
20,estancia_mediana,0.8760071178719995
20,peso_medio_grd,0.25537416397699714
20,severidad_media,0.8869267076729668
20,mortalidad_media,0.31341395421087376
20,entropia_grd,0.6133845581456356
20,comorbilidades_promedio,0.11607452615817342
20,tasa_cma,0.7919832664967498
20,peso_medio_cma,0.6219848530719485
20,pct_pediatrico,0.21105839214901534
20,pct_geriatrico,0.6219848530719485
20,pct_femenino_fertil,0.6219848530719485
20,edad_mediana,0.21105839214901534
20,pct_urgencia,0.2923706384379969
20,pct_programada,0.31341395421087376
20,pct_obstetrica_ingreso,0.37252805170024805
20,pct_alta_domicilio,0.5138577290274848
20,pct_alta_fallecido,0.40100367896305733
20,pct_alta_traslado,0.40100367896305733
20,pct_origen_emergencia,0.8760071178719995
20,pct_origen_referencia,0.21105839214901534
20,pct_uso_pabellon,0.8564644265317622
20,pabellones_promedio,0.21105839214901534
20,tasa_partos,0.6285630600443378
20,tasa_prematurez,0.5367338668104766
20,cv_estancia,0.5359363712730291
20,pct_estancia_larga,0.5359363712730291
21,egresos_por_anio,0.6175335255797108
21,estancia_media,0.6306297874921458
21,estancia_mediana,0.35745611671596744
21,peso_medio_grd,0.35745611671596744
21,severidad_media,0.6954780712026672
21,mortalidad_media,0.6306297874921458
21,entropia_grd,0.35745611671596744
21,comorbilidades_promedio,0.6306297874921458
21,tasa_cma,0.6954780712026672
21,peso_medio_cma,0.6175335255797108
21,pct_pediatrico,0.24134886861732172
21,pct_geriatrico,0.6954780712026672
21,pct_femenino_fertil,0.6306297874921458
21,edad_mediana,0.06347109868530947
21,pct_urgencia,0.24134886861732172
21,pct_programada,0.588441628026733
21,pct_obstetrica_ingreso,0.6306297874921458
21,pct_alta_domicilio,0.6306297874921458
21,pct_alta_fallecido,0.2865812224113339
21,pct_alta_traslado,0.6175335255797108
21,pct_origen_emergencia,0.9223652263854192
21,pct_origen_referencia,0.588441628026733
21,pct_uso_pabellon,0.35745611671596744
21,pabellones_promedio,0.6954780712026672
21,tasa_partos,0.9866065688150832
21,tasa_prematurez,0.6306297874921458
21,cv_estancia,0.6954780712026672
21,pct_estancia_larga,0.9572676758050386
22,egresos_por_anio,0.49897579017815485
22,estancia_media,0.5999167576895615
22,estancia_mediana,0.49897579017815485
22,peso_medio_grd,0.49897579017815485
22,severidad_media,0.17422754630402054
22,mortalidad_media,0.49897579017815485
22,entropia_grd,0.8345736346119386
22,comorbilidades_promedio,0.49897579017815485
22,tasa_cma,0.49897579017815485
22,peso_medio_cma,0.47226857284613727
22,pct_pediatrico,0.05179523886779003
22,pct_geriatrico,0.05179523886779003
22,pct_femenino_fertil,0.5999167576895615
22,edad_mediana,0.5999167576895615
22,pct_urgencia,0.17835359106969736
22,pct_programada,0.07556926411727616
22,pct_obstetrica_ingreso,0.5955235475960579
22,pct_alta_domicilio,0.08012862992903708
22,pct_alta_fallecido,0.8345736346119386
22,pct_alta_traslado,0.9337709017810187
22,pct_origen_emergencia,0.49897579017815485
22,pct_origen_referencia,0.055237154906219874
22,pct_uso_pabellon,0.055237154906219874
22,pabellones_promedio,0.4653575799703458
22,tasa_partos,0.4653575799703458
22,tasa_prematurez,0.8645464824806912
22,cv_estancia,0.43741837457630256
22,pct_estancia_larga,0.43741837457630256
23,egresos_por_anio,0.40597471712771005
23,estancia_media,0.8528084810112215
23,estancia_mediana,0.6032432359216778
23,peso_medio_grd,0.52156622682579
23,severidad_media,0.52156622682579
23,mortalidad_media,0.30247383114577253
23,entropia_grd,0.16151179825277887
23,comorbilidades_promedio,0.09689268445011784
23,tasa_cma,0.0033784307444383625
23,peso_medio_cma,0.645407684227404
23,pct_pediatrico,0.16151179825277887
23,pct_geriatrico,0.30247383114577253
23,pct_femenino_fertil,0.48125916866344526
23,edad_mediana,0.30247383114577253
23,pct_urgencia,0.09689268445011784
23,pct_programada,0.24310107351151233
23,pct_obstetrica_ingreso,0.34294219651965463
23,pct_alta_domicilio,0.645407684227404
23,pct_alta_fallecido,0.645407684227404
23,pct_alta_traslado,0.30247383114577253
23,pct_origen_emergencia,0.8528084810112215
23,pct_origen_referencia,0.5012748138577414
23,pct_uso_pabellon,0.645407684227404
23,pabellones_promedio,0.5012748138577414
23,tasa_partos,0.52156622682579
23,tasa_prematurez,0.5012748138577414
23,cv_estancia,0.30247383114577253
23,pct_estancia_larga,0.645407684227404
24,egresos_por_anio,0.73619571073453
24,estancia_media,0.9461638522666738
24,estancia_mediana,0.7620900361180754
24,peso_medio_grd,0.7166965528255315
24,severidad_media,0.6003965680323208
24,mortalidad_media,0.508082038436099
24,entropia_grd,0.508082038436099
24,comorbilidades_promedio,0.508082038436099
24,tasa_cma,0.5763364235712489
24,peso_medio_cma,0.9201383362499911
24,pct_pediatrico,0.2187131672749213
24,pct_geriatrico,0.508082038436099
24,pct_femenino_fertil,0.508082038436099
24,edad_mediana,0.06698450193142064
24,pct_urgencia,0.7166965528255315
24,pct_programada,0.508082038436099
24,pct_obstetrica_ingreso,0.6003965680323208
24,pct_alta_domicilio,0.6003965680323208
24,pct_alta_fallecido,0.508082038436099
24,pct_alta_traslado,0.49201276321166204
24,pct_origen_emergencia,0.3721951997356571
24,pct_origen_referencia,0.6008463384358439
24,pct_uso_pabellon,0.508082038436099
24,pabellones_promedio,0.7166965528255315
24,tasa_partos,0.9461638522666738
24,tasa_prematurez,0.3721951997356571
24,cv_estancia,0.73619571073453
24,pct_estancia_larga,0.8499011670217766
25,egresos_por_anio,0.4774525782659278
25,estancia_media,0.7151758318431726
25,estancia_mediana,0.40192104538116813
25,peso_medio_grd,0.7151758318431726
25,severidad_media,0.4774525782659278
25,mortalidad_media,0.1407197940108664
25,entropia_grd,0.2619126504298887
25,comorbilidades_promedio,0.7148672028463681
25,tasa_cma,0.032047094176613285
25,peso_medio_cma,0.7461670057756523
25,pct_pediatrico,0.10463532016635164
25,pct_geriatrico,0.04407422635971056
25,pct_femenino_fertil,0.015895754666280834
25,edad_mediana,0.001170241157334178
25,pct_urgencia,0.3364727858410236
25,pct_programada,0.49577617895577636
25,pct_obstetrica_ingreso,0.4389465783730807
25,pct_alta_domicilio,0.801735918084713
25,pct_alta_fallecido,0.032047094176613285
25,pct_alta_traslado,0.3983971326124029
25,pct_origen_emergencia,0.8166299000041352
25,pct_origen_referencia,0.3983971326124029
25,pct_uso_pabellon,0.7148672028463681
25,pabellones_promedio,0.801735918084713
25,tasa_partos,0.0004166855383160749
25,tasa_prematurez,0.1472485864253735
25,cv_estancia,0.3964629746678994
25,pct_estancia_larga,0.7151758318431726
26,egresos_por_anio,0.35054223085285663
26,estancia_media,0.41612557482181683
26,estancia_mediana,0.35054223085285663
26,peso_medio_grd,0.43658800794536146
26,severidad_media,0.8429638118301708
26,mortalidad_media,0.5510178822107924
26,entropia_grd,0.7815018288805898
26,comorbilidades_promedio,0.6951891554759058
26,tasa_cma,0.35054223085285663
26,peso_medio_cma,0.7815018288805898
26,pct_pediatrico,0.08710750232419777
26,pct_geriatrico,0.2849597260818879
26,pct_femenino_fertil,0.45072771082684304
26,edad_mediana,0.08710750232419777
26,pct_urgencia,0.35054223085285663
26,pct_programada,0.40160764999309223
26,pct_obstetrica_ingreso,0.7815018288805898
26,pct_alta_domicilio,0.8850417115765857
26,pct_alta_fallecido,0.08710750232419777
26,pct_alta_traslado,0.6951891554759058
26,pct_origen_emergencia,0.5388985383673479
26,pct_origen_referencia,0.7574393832259831
26,pct_uso_pabellon,0.5654451565950974
26,pabellones_promedio,0.6951891554759058
26,tasa_partos,0.7815018288805898
26,tasa_prematurez,0.45072771082684304
26,cv_estancia,0.8254447957589742
26,pct_estancia_larga,0.5654451565950974
27,egresos_por_anio,0.7979692481151067
27,estancia_media,0.7409201653548986
27,estancia_mediana,0.7409201653548986
27,peso_medio_grd,0.1771109462796355
27,severidad_media,0.7409201653548986
27,mortalidad_media,0.7409201653548986
27,entropia_grd,0.7979692481151067
27,comorbilidades_promedio,0.7409201653548986
27,tasa_cma,0.7409201653548986
27,peso_medio_cma,0.7409201653548986
27,pct_pediatrico,0.19810627838118547
27,pct_geriatrico,0.8795360763512985
27,pct_femenino_fertil,0.8795360763512985
27,edad_mediana,0.1771109462796355
27,pct_urgencia,0.7409201653548986
27,pct_programada,0.5239989898081555
27,pct_obstetrica_ingreso,0.7409201653548986
27,pct_alta_domicilio,0.7496139424746525
27,pct_alta_fallecido,0.7409201653548986
27,pct_alta_traslado,0.7311165331714674
27,pct_origen_emergencia,0.8795360763512985
27,pct_origen_referencia,0.7409201653548986
27,pct_uso_pabellon,0.7979692481151067
27,pabellones_promedio,0.7979692481151067
27,tasa_partos,0.7409201653548986
27,tasa_prematurez,0.7409201653548986
27,cv_estancia,0.7311165331714674
27,pct_estancia_larga,0.2134597069953176
28,egresos_por_anio,0.4863797707877927
28,estancia_media,0.4863797707877927
28,estancia_mediana,0.36136143051132663
28,peso_medio_grd,0.8636803752317254
28,severidad_media,0.300064868282812
28,mortalidad_media,0.7883031355000717
28,entropia_grd,0.08013948571175462
28,comorbilidades_promedio,0.45738573264814786
28,tasa_cma,0.4863797707877927
28,peso_medio_cma,0.4863797707877927
28,pct_pediatrico,0.16302689209916124
28,pct_geriatrico,0.3721710093086384
28,pct_femenino_fertil,0.8636803752317254
28,edad_mediana,0.08013948571175462
28,pct_urgencia,0.316735802554409
28,pct_programada,0.4863797707877927
28,pct_obstetrica_ingreso,0.9034670244623371
28,pct_alta_domicilio,0.3721710093086384
28,pct_alta_fallecido,0.7633882258649327
28,pct_alta_traslado,0.2914298214727369
28,pct_origen_emergencia,0.36136143051132663
28,pct_origen_referencia,0.7883031355000717
28,pct_uso_pabellon,0.9997270598071307
28,pabellones_promedio,0.4863797707877927
28,tasa_partos,0.6783558937405759
28,tasa_prematurez,0.4863797707877927
28,cv_estancia,0.4863797707877927
28,pct_estancia_larga,0.3721710093086384
29,egresos_por_anio,0.9184757523081547
29,estancia_media,0.32957339014914155
29,estancia_mediana,0.931978424986224
29,peso_medio_grd,0.07104846939266156
29,severidad_media,0.600535490949596
29,mortalidad_media,0.4147953064196854
29,entropia_grd,0.3224173157540799
29,comorbilidades_promedio,0.32682368089309566
29,tasa_cma,0.9184757523081547
29,peso_medio_cma,0.2625281111559125
29,pct_pediatrico,0.07104846939266156
29,pct_geriatrico,0.07104846939266156
29,pct_femenino_fertil,0.32957339014914155
29,edad_mediana,0.07104846939266156
29,pct_urgencia,0.6433411923220519
29,pct_programada,0.600535490949596
29,pct_obstetrica_ingreso,0.931978424986224
29,pct_alta_domicilio,0.6433411923220519
29,pct_alta_fallecido,0.16185006095224563
29,pct_alta_traslado,0.38525246260149454
29,pct_origen_emergencia,0.08750100737909482
29,pct_origen_referencia,0.07104846939266156
29,pct_uso_pabellon,0.931978424986224
29,pabellones_promedio,0.8347548078057992
29,tasa_partos,0.6433411923220519
29,tasa_prematurez,0.6433411923220519
29,cv_estancia,0.07104846939266156
29,pct_estancia_larga,0.9184757523081547
30,egresos_por_anio,0.5772718750649166
30,estancia_media,0.6685439201450482
30,estancia_mediana,0.9734361430134982
30,peso_medio_grd,0.1395090804937112
30,severidad_media,0.38473061645075174
30,mortalidad_media,0.9734361430134982
30,entropia_grd,0.22354491294397622
30,comorbilidades_promedio,0.15800087140570357
30,tasa_cma,0.5692738855002984
30,peso_medio_cma,0.6947652574659184
30,pct_pediatrico,0.15664636055396863
30,pct_geriatrico,0.26618281489664025
30,pct_femenino_fertil,0.9975623728841653
30,edad_mediana,0.1395090804937112
30,pct_urgencia,0.9734361430134982
30,pct_programada,0.5772718750649166
30,pct_obstetrica_ingreso,0.5692738855002984
30,pct_alta_domicilio,0.6685439201450482
30,pct_alta_fallecido,0.5692738855002984
30,pct_alta_traslado,0.4099828405425402
30,pct_origen_emergencia,0.9734361430134982
30,pct_origen_referencia,0.9734361430134982
30,pct_uso_pabellon,0.5772718750649166
30,pabellones_promedio,0.5772718750649166
30,tasa_partos,0.1395090804937112
30,tasa_prematurez,0.5692738855002984
30,cv_estancia,0.5772718750649166
30,pct_estancia_larga,0.6619531444097221
31,egresos_por_anio,0.4405104419832705
31,estancia_media,0.8788636257578175
31,estancia_mediana,0.9475567236823647
31,peso_medio_grd,0.9475567236823647
31,severidad_media,0.6413866070916183
31,mortalidad_media,0.7991142419398763
31,entropia_grd,0.6413866070916183
31,comorbilidades_promedio,0.6413866070916183
31,tasa_cma,0.6413866070916183
31,peso_medio_cma,0.6413866070916183
31,pct_pediatrico,0.06254588842345918
31,pct_geriatrico,0.3433629018193305
31,pct_femenino_fertil,0.9475567236823647
31,edad_mediana,0.8788636257578175
31,pct_urgencia,0.3433629018193305
31,pct_programada,0.3433629018193305
31,pct_obstetrica_ingreso,0.7991142419398763
31,pct_alta_domicilio,0.9475567236823647
31,pct_alta_fallecido,0.013026214517490406
31,pct_alta_traslado,0.9475567236823647
31,pct_origen_emergencia,0.6413866070916183
31,pct_origen_referencia,0.008202208336862787
31,pct_uso_pabellon,0.00842029749250233
31,pabellones_promedio,0.6413866070916183
31,tasa_partos,0.8587472418155461
31,tasa_prematurez,0.00842029749250233
31,cv_estancia,0.7991142419398763
31,pct_estancia_larga,0.4843551137351023
32,egresos_por_anio,0.1285641939229548
32,estancia_media,0.38293385076149516
32,estancia_mediana,0.6441599336414743
32,peso_medio_grd,0.38293385076149516
32,severidad_media,0.15843433983912064
32,mortalidad_media,0.15843433983912064
32,entropia_grd,0.3997863329414375
32,comorbilidades_promedio,0.3693178340298448
32,tasa_cma,0.3086941692041125
32,peso_medio_cma,0.164129531054745
32,pct_pediatrico,0.08922054571762218
32,pct_geriatrico,0.013807172661491458
32,pct_femenino_fertil,0.3879344473545871
32,edad_mediana,0.1932243348845461
32,pct_urgencia,0.06666264946053764
32,pct_programada,0.28249805025547936
32,pct_obstetrica_ingreso,0.164129531054745
32,pct_alta_domicilio,0.15843433983912064
32,pct_alta_fallecido,0.6441599336414743
32,pct_alta_traslado,0.3997863329414375
32,pct_origen_emergencia,0.6212334622129142
32,pct_origen_referencia,0.164129531054745
32,pct_uso_pabellon,0.06666264946053764
32,pabellones_promedio,0.164129531054745
32,tasa_partos,0.164129531054745
32,tasa_prematurez,0.15843433983912064
32,cv_estancia,0.2321748497445597
32,pct_estancia_larga,0.9813696571083826
33,egresos_por_anio,0.8026546030196838
33,estancia_media,0.548006244117408
33,estancia_mediana,0.46899915844088996
33,peso_medio_grd,0.548006244117408
33,severidad_media,0.46899915844088996
33,mortalidad_media,0.7497230358122895
33,entropia_grd,0.5491780369357887
33,comorbilidades_promedio,0.46899915844088996
33,tasa_cma,0.7868251412337475
33,peso_medio_cma,0.7432728190405048
33,pct_pediatrico,0.12831804503748578
33,pct_geriatrico,0.7868251412337475
33,pct_femenino_fertil,0.46899915844088996
33,edad_mediana,0.12831804503748578
33,pct_urgencia,0.007086542106390763
33,pct_programada,0.7868251412337475
33,pct_obstetrica_ingreso,0.35209855442449955
33,pct_alta_domicilio,0.46899915844088996
33,pct_alta_fallecido,0.051168778894476685
33,pct_alta_traslado,0.5118285112095955
33,pct_origen_emergencia,0.12831804503748578
33,pct_origen_referencia,0.9361355504678583
33,pct_uso_pabellon,0.7868251412337475
33,pabellones_promedio,0.03778851404760308
33,tasa_partos,0.1836327863283195
33,tasa_prematurez,0.7868251412337475
33,cv_estancia,0.03778851404760308
33,pct_estancia_larga,0.548006244117408
34,egresos_por_anio,0.5226842266337833
34,estancia_media,0.8967692396159761
34,estancia_mediana,0.8615685264347662
34,peso_medio_grd,0.8615685264347662
34,severidad_media,0.675618276259634
34,mortalidad_media,0.7166901692126376
34,entropia_grd,0.675618276259634
34,comorbilidades_promedio,0.5991806053180653
34,tasa_cma,0.3401041708210116
34,peso_medio_cma,0.8651822730625838
34,pct_pediatrico,0.20053386115368507
34,pct_geriatrico,0.041675507150755124
34,pct_femenino_fertil,0.5226842266337833
34,edad_mediana,0.3401041708210116
34,pct_urgencia,0.6304550050163142
34,pct_programada,0.675618276259634
34,pct_obstetrica_ingreso,0.3594963430640938
34,pct_alta_domicilio,0.3594963430640938
34,pct_alta_fallecido,0.5226842266337833
34,pct_alta_traslado,0.8615685264347662
34,pct_origen_emergencia,0.8651822730625838
34,pct_origen_referencia,0.7166901692126376
34,pct_uso_pabellon,0.675618276259634
34,pabellones_promedio,0.3401041708210116
34,tasa_partos,0.17205315182829622
34,tasa_prematurez,0.403658700105833
34,cv_estancia,0.675618276259634
34,pct_estancia_larga,0.5226842266337833
35,egresos_por_anio,0.8287736507224681
35,estancia_media,0.5470994723875008
35,estancia_mediana,0.5391460159313171
35,peso_medio_grd,0.23066222777645937
35,severidad_media,0.8167466422362015
35,mortalidad_media,0.36594733439677124
35,entropia_grd,0.9968682258523514
35,comorbilidades_promedio,0.009714565258966969
35,tasa_cma,0.8167466422362015
35,peso_medio_cma,0.5864982509002609
35,pct_pediatrico,0.18416250335877507
35,pct_geriatrico,0.35179710499834427
35,pct_femenino_fertil,0.34299293481631177
35,edad_mediana,0.0002737317028315703
35,pct_urgencia,0.5470994723875008
35,pct_programada,0.03208403889467286
35,pct_obstetrica_ingreso,0.9968682258523514
35,pct_alta_domicilio,0.38291455949034353
35,pct_alta_fallecido,0.5864982509002609
35,pct_alta_traslado,0.5470994723875008
35,pct_origen_emergencia,0.770368063136698
35,pct_origen_referencia,0.5470994723875008
35,pct_uso_pabellon,0.9968682258523514
35,pabellones_promedio,0.9968682258523514
35,tasa_partos,0.05900578128114398
35,tasa_prematurez,0.5864982509002609
35,cv_estancia,0.36594733439677124
35,pct_estancia_larga,0.6952399135893583
36,egresos_por_anio,0.9211810696144538
36,estancia_media,0.5025837523475147
36,estancia_mediana,0.4029486680476247
36,peso_medio_grd,0.4029486680476247
36,severidad_media,0.4869890632885397
36,mortalidad_media,0.48414977593393843
36,entropia_grd,0.4029486680476247
36,comorbilidades_promedio,0.48414977593393843
36,tasa_cma,0.4029486680476247
36,peso_medio_cma,0.4029486680476247
36,pct_pediatrico,0.4029486680476247
36,pct_geriatrico,0.4029486680476247
36,pct_femenino_fertil,0.4982136480796325
36,edad_mediana,0.1491636888916428
36,pct_urgencia,0.652751580263933
36,pct_programada,0.7885203389068348
36,pct_obstetrica_ingreso,0.9211810696144538
36,pct_alta_domicilio,0.64220460328787
36,pct_alta_fallecido,0.4029486680476247
36,pct_alta_traslado,0.4982136480796325
36,pct_origen_emergencia,0.9880873615391387
36,pct_origen_referencia,0.4029486680476247
36,pct_uso_pabellon,0.48414977593393843
36,pabellones_promedio,0.4869890632885397
36,tasa_partos,0.4869890632885397
36,tasa_prematurez,0.4029486680476247
36,cv_estancia,0.8885604524822852
36,pct_estancia_larga,0.8885604524822852
37,egresos_por_anio,0.17665772435489616
37,estancia_media,0.8353759955360162
37,estancia_mediana,0.4907227188616304
37,peso_medio_grd,0.6308665434422254
37,severidad_media,0.7946176127278805
37,mortalidad_media,0.17665772435489616
37,entropia_grd,0.7490198977742921
37,comorbilidades_promedio,0.4907227188616304
37,tasa_cma,0.4907227188616304
37,peso_medio_cma,0.978402971219694
37,pct_pediatrico,0.17665772435489616
37,pct_geriatrico,0.17665772435489616
37,pct_femenino_fertil,0.4907227188616304
37,edad_mediana,0.17665772435489616
37,pct_urgencia,0.4907227188616304
37,pct_programada,0.7946176127278805
37,pct_obstetrica_ingreso,0.978402971219694
37,pct_alta_domicilio,0.4907227188616304
37,pct_alta_fallecido,0.17665772435489616
37,pct_alta_traslado,0.1888246843445827
37,pct_origen_emergencia,0.4907227188616304
37,pct_origen_referencia,0.477637993606551
37,pct_uso_pabellon,0.8848123075726415
37,pabellones_promedio,0.7961815818180806
37,tasa_partos,0.4907227188616304
37,tasa_prematurez,0.34145405451434674
37,cv_estancia,0.674512779024245
37,pct_estancia_larga,0.8039948811106044
38,egresos_por_anio,0.7173123978868988
38,estancia_media,0.7113355090577345
38,estancia_mediana,0.5430210516804277
38,peso_medio_grd,0.8974749746318337
38,severidad_media,0.8019718305517245
38,mortalidad_media,0.8624625550684465
38,entropia_grd,0.04286732920053645
38,comorbilidades_promedio,0.8582704384946501
38,tasa_cma,0.8019718305517245
38,peso_medio_cma,0.7468162254459658
38,pct_pediatrico,0.044746053379469776
38,pct_geriatrico,0.2864695330595036
38,pct_femenino_fertil,0.4719483998399784
38,edad_mediana,0.04286732920053645
38,pct_urgencia,0.7173123978868988
38,pct_programada,0.20725909180418586
38,pct_obstetrica_ingreso,0.7113355090577345
38,pct_alta_domicilio,0.36727827176571104
38,pct_alta_fallecido,0.2864695330595036
38,pct_alta_traslado,0.09587037600361577
38,pct_origen_emergencia,0.4001042531495971
38,pct_origen_referencia,0.20725909180418586
38,pct_uso_pabellon,0.5066761073757825
38,pabellones_promedio,0.04286732920053645
38,tasa_partos,0.7173123978868988
38,tasa_prematurez,0.2864695330595036
38,cv_estancia,0.7113355090577345
38,pct_estancia_larga,0.8019718305517245
39,egresos_por_anio,0.3416323312560454
39,estancia_media,0.7433323532206924
39,estancia_mediana,0.7541336630745195
39,peso_medio_grd,0.7433323532206924
39,severidad_media,0.7433323532206924
39,mortalidad_media,0.7433323532206924
39,entropia_grd,0.8273404791492615
39,comorbilidades_promedio,0.3699575100419644
39,tasa_cma,0.6785487928702939
39,peso_medio_cma,0.8052177797214098
39,pct_pediatrico,0.09225663171353982
39,pct_geriatrico,0.15783915895758557
39,pct_femenino_fertil,0.9492242170015344
39,edad_mediana,0.15783915895758557
39,pct_urgencia,0.45345375924975795
39,pct_programada,0.6785487928702939
39,pct_obstetrica_ingreso,0.6785487928702939
39,pct_alta_domicilio,0.7433323532206924
39,pct_alta_fallecido,0.1727072645107579
39,pct_alta_traslado,0.09225663171353982
39,pct_origen_emergencia,0.3699575100419644
39,pct_origen_referencia,0.7212130288558747
39,pct_uso_pabellon,0.3416323312560454
39,pabellones_promedio,0.3416323312560454
39,tasa_partos,0.3699575100419644
39,tasa_prematurez,0.09225663171353982
39,cv_estancia,0.8273404791492615
39,pct_estancia_larga,0.21013924504333115
40,egresos_por_anio,0.6921709552615138
40,estancia_media,0.633206573640905
40,estancia_mediana,0.6708925276412074
40,peso_medio_grd,0.12290442301975425
40,severidad_media,0.7917698325468365
40,mortalidad_media,0.4347405527889865
40,entropia_grd,0.556902221314661
40,comorbilidades_promedio,0.5588405456790296
40,tasa_cma,0.45105064974320086
40,peso_medio_cma,0.9214122566090899
40,pct_pediatrico,0.12290442301975425
40,pct_geriatrico,0.004860107778743038
40,pct_femenino_fertil,0.5406459859541635
40,edad_mediana,0.004860107778743038
40,pct_urgencia,0.068177574794391
40,pct_programada,0.12290442301975425
40,pct_obstetrica_ingreso,0.9214122566090899
40,pct_alta_domicilio,0.38252754958258617
40,pct_alta_fallecido,0.14275308841501216
40,pct_alta_traslado,0.13693846341411178
40,pct_origen_emergencia,0.3761436442331162
40,pct_origen_referencia,0.970639467021807
40,pct_uso_pabellon,0.5406459859541635
40,pabellones_promedio,0.7917698325468365
40,tasa_partos,0.556902221314661
40,tasa_prematurez,0.45105064974320086
40,cv_estancia,0.9214122566090899
40,pct_estancia_larga,0.23223031669750105
41,egresos_por_anio,0.5563553728449852
41,estancia_media,0.31271354140936625
41,estancia_mediana,0.8246168164522795
41,peso_medio_grd,0.7944918314881232
41,severidad_media,0.5800436980240389
41,mortalidad_media,0.12115570534294139
41,entropia_grd,0.7944918314881232
41,comorbilidades_promedio,0.8847985003461686
41,tasa_cma,0.28414414732538806
41,peso_medio_cma,0.35452034735818283
41,pct_pediatrico,0.12115570534294139
41,pct_geriatrico,0.5173275633075628
41,pct_femenino_fertil,0.17319391478111826
41,edad_mediana,0.0231358887878934
41,pct_urgencia,0.31271354140936625
41,pct_programada,0.12115570534294139
41,pct_obstetrica_ingreso,0.3423484556603073
41,pct_alta_domicilio,0.9411807533241418
41,pct_alta_fallecido,0.5648907226037765
41,pct_alta_traslado,0.07536799942142393
41,pct_origen_emergencia,0.43155391993108994
41,pct_origen_referencia,0.31271354140936625
41,pct_uso_pabellon,0.00638996171415816
41,pabellones_promedio,0.9411807533241418
41,tasa_partos,0.3021052383756135
41,tasa_prematurez,0.810469160179769
41,cv_estancia,0.5173275633075628
41,pct_estancia_larga,0.6282646991402984
42,egresos_por_anio,0.3165223975959374
42,estancia_media,0.9817867856848224
42,estancia_mediana,0.10691330061776469
42,peso_medio_grd,0.1584086122681593
42,severidad_media,0.6900759301897834
42,mortalidad_media,0.9528141865030927
42,entropia_grd,0.10691330061776469
42,comorbilidades_promedio,0.21599800346451645
42,tasa_cma,0.6900759301897834
42,peso_medio_cma,0.6900759301897834
42,pct_pediatrico,0.10691330061776469
42,pct_geriatrico,0.10691330061776469
42,pct_femenino_fertil,0.21599800346451645
42,edad_mediana,0.10691330061776469
42,pct_urgencia,0.44188773764690653
42,pct_programada,0.21599800346451645
42,pct_obstetrica_ingreso,0.9817867856848224
42,pct_alta_domicilio,0.5235854737997676
42,pct_alta_fallecido,0.9817867856848224
42,pct_alta_traslado,0.4947197900366703
42,pct_origen_emergencia,0.10691330061776469
42,pct_origen_referencia,0.9817867856848224
42,pct_uso_pabellon,0.4388414961327045
42,pabellones_promedio,0.43881235566335813
42,tasa_partos,0.4033568404692793
42,tasa_prematurez,0.10691330061776469
42,cv_estancia,0.9528141865030927
42,pct_estancia_larga,0.31593710961385874
43,egresos_por_anio,0.866726186818128
43,estancia_media,0.5515229764438251
43,estancia_mediana,0.47239589013931343
43,peso_medio_grd,0.16269527330263966
43,severidad_media,0.49949039635157116
43,mortalidad_media,0.09968100702375834
43,entropia_grd,0.8057559451673167
43,comorbilidades_promedio,0.4586158122340542
43,tasa_cma,0.47239589013931343
43,peso_medio_cma,0.8532717366273623
43,pct_pediatrico,0.0005767488015907642
43,pct_geriatrico,0.07128670378520062
43,pct_femenino_fertil,0.4586158122340542
43,edad_mediana,0.19219231763039066
43,pct_urgencia,0.4586158122340542
43,pct_programada,0.4586158122340542
43,pct_obstetrica_ingreso,0.7114767912708615
43,pct_alta_domicilio,0.5515229764438251
43,pct_alta_fallecido,0.0005603949893339458
43,pct_alta_traslado,0.47239589013931343
43,pct_origen_emergencia,0.4586158122340542
43,pct_origen_referencia,0.25942395839533805
43,pct_uso_pabellon,0.19219231763039066
43,pabellones_promedio,0.09968100702375834
43,tasa_partos,0.9190388323057153
43,tasa_prematurez,0.09968100702375834
43,cv_estancia,0.47239589013931343
43,pct_estancia_larga,0.866726186818128
44,egresos_por_anio,0.5768587369723445
44,estancia_media,0.39009947347911345
44,estancia_mediana,0.5225678867381822
44,peso_medio_grd,0.6390896619329286
44,severidad_media,0.85291482423711
44,mortalidad_media,0.5768587369723445
44,entropia_grd,0.945708879075311
44,comorbilidades_promedio,0.8961347695450921
44,tasa_cma,0.7492244587316418
44,peso_medio_cma,0.85291482423711
44,pct_pediatrico,0.0749270807955964
44,pct_geriatrico,0.006918196441259188
44,pct_femenino_fertil,0.888570920079329
44,edad_mediana,0.1308766952469032
44,pct_urgencia,0.0749270807955964
44,pct_programada,0.1815194421305124
44,pct_obstetrica_ingreso,0.39009947347911345
44,pct_alta_domicilio,0.39009947347911345
44,pct_alta_fallecido,0.09726044041019986
44,pct_alta_traslado,0.5768587369723445
44,pct_origen_emergencia,0.8961347695450921
44,pct_origen_referencia,0.5225678867381822
44,pct_uso_pabellon,0.5768587369723445
44,pabellones_promedio,0.85291482423711
44,tasa_partos,0.7492244587316418
44,tasa_prematurez,0.945708879075311
44,cv_estancia,0.5225678867381822
44,pct_estancia_larga,0.5225678867381822
45,egresos_por_anio,0.7977291839420617
45,estancia_media,0.6152884425624394
45,estancia_mediana,0.6836204778990655
45,peso_medio_grd,0.31433408060284784
45,severidad_media,0.7977291839420617
45,mortalidad_media,0.0781448625926894
45,entropia_grd,0.6836204778990655
45,comorbilidades_promedio,0.08078880292574638
45,tasa_cma,0.009366603927949375
45,peso_medio_cma,0.8794311057874813
45,pct_pediatrico,0.09846880426106523
45,pct_geriatrico,0.7977291839420617
45,pct_femenino_fertil,0.34798990529473567
45,edad_mediana,0.08078880292574638
45,pct_urgencia,0.6152884425624394
45,pct_programada,0.7977291839420617
45,pct_obstetrica_ingreso,0.08078880292574638
45,pct_alta_domicilio,0.34798990529473567
45,pct_alta_fallecido,0.7977291839420617
45,pct_alta_traslado,0.14019216341926405
45,pct_origen_emergencia,0.34798990529473567
45,pct_origen_referencia,0.34798990529473567
45,pct_uso_pabellon,0.31433408060284784
45,pabellones_promedio,0.7695991455300503
45,tasa_partos,0.34798990529473567
45,tasa_prematurez,0.31433408060284784
45,cv_estancia,0.09846880426106523
45,pct_estancia_larga,0.34798990529473567
46,egresos_por_anio,0.6707850391358807
46,estancia_media,0.09391864594515223
46,estancia_mediana,0.8123136353957838
46,peso_medio_grd,0.2120851772630254
46,severidad_media,0.6707850391358807
46,mortalidad_media,0.6707850391358807
46,entropia_grd,0.7985177504357505
46,comorbilidades_promedio,0.9733004410501631
46,tasa_cma,0.21114056923756938
46,peso_medio_cma,0.8123136353957838
46,pct_pediatrico,0.10492053620584012
46,pct_geriatrico,0.12377579374349315
46,pct_femenino_fertil,0.19010964814976117
46,edad_mediana,0.05167897751243177
46,pct_urgencia,0.6253793435778183
46,pct_programada,0.8123136353957838
46,pct_obstetrica_ingreso,0.03940513301788789
46,pct_alta_domicilio,0.2120851772630254
46,pct_alta_fallecido,0.6707850391358807
46,pct_alta_traslado,0.3105658158108064
46,pct_origen_emergencia,0.41784730274248005
46,pct_origen_referencia,0.0467468611510503
46,pct_uso_pabellon,0.2120851772630254
46,pabellones_promedio,0.9025879644767553
46,tasa_partos,0.21114056923756938
46,tasa_prematurez,0.12377579374349315
46,cv_estancia,0.09391864594515223
46,pct_estancia_larga,0.6090879531019604
47,egresos_por_anio,0.8210536427566936
47,estancia_media,0.6400050802480415
47,estancia_mediana,0.244907523275083
47,peso_medio_grd,0.033450320291170246
47,severidad_media,0.8325903108339753
47,mortalidad_media,0.5648840235981848
47,entropia_grd,0.6400050802480415
47,comorbilidades_promedio,0.8325903108339753
47,tasa_cma,0.8446401933721401
47,peso_medio_cma,0.6400050802480415
47,pct_pediatrico,0.033450320291170246
47,pct_geriatrico,0.035081816236267306
47,pct_femenino_fertil,0.8153775670811825
47,edad_mediana,0.035081816236267306
47,pct_urgencia,0.23681379799279934
47,pct_programada,0.6400050802480415
47,pct_obstetrica_ingreso,0.8446401933721401
47,pct_alta_domicilio,0.5648840235981848
47,pct_alta_fallecido,0.970525152604655
47,pct_alta_traslado,0.6400050802480415
47,pct_origen_emergencia,0.14092453252165144
47,pct_origen_referencia,0.8325903108339753
47,pct_uso_pabellon,0.8325903108339753
47,pabellones_promedio,0.6400050802480415
47,tasa_partos,0.8446401933721401
47,tasa_prematurez,0.8153775670811825
47,cv_estancia,0.5648840235981848
47,pct_estancia_larga,0.5648840235981848
48,egresos_por_anio,0.6906171184499366
48,estancia_media,0.8077067425868312
48,estancia_mediana,0.8077067425868312
48,peso_medio_grd,0.8077067425868312
48,severidad_media,0.8077067425868312
48,mortalidad_media,0.8502834593219741
48,entropia_grd,0.6662066492883725
48,comorbilidades_promedio,0.6888703446012648
48,tasa_cma,0.6906171184499366
48,peso_medio_cma,0.6906171184499366
48,pct_pediatrico,0.1888304872752548
48,pct_geriatrico,0.05436309698672032
48,pct_femenino_fertil,0.6527067727986661
48,edad_mediana,0.1888304872752548
48,pct_urgencia,0.6555625382432063
48,pct_programada,0.6888703446012648
48,pct_obstetrica_ingreso,0.6906171184499366
48,pct_alta_domicilio,0.40475481806257174
48,pct_alta_fallecido,0.555119822987656
48,pct_alta_traslado,0.8502834593219741
48,pct_origen_emergencia,0.40475481806257174
48,pct_origen_referencia,0.6662066492883725
48,pct_uso_pabellon,0.555119822987656
48,pabellones_promedio,0.9699095932188786
48,tasa_partos,0.6906171184499366
48,tasa_prematurez,0.6906171184499366
48,cv_estancia,0.04450879896295047
48,pct_estancia_larga,0.6906171184499366
49,egresos_por_anio,0.9018423623311927
49,estancia_media,0.7755648541496644
49,estancia_mediana,0.8994052446781882
49,peso_medio_grd,0.5828021954407925
49,severidad_media,0.9018423623311927
49,mortalidad_media,0.758233616050066
49,entropia_grd,0.8267966940865493
49,comorbilidades_promedio,0.8267966940865493
49,tasa_cma,0.7755648541496644
49,peso_medio_cma,0.7755648541496644
49,pct_pediatrico,0.28207527743810473
49,pct_geriatrico,0.40027371175530474
49,pct_femenino_fertil,0.5828021954407925
49,edad_mediana,0.011162846698447904
49,pct_urgencia,0.9018423623311927
49,pct_programada,0.5828021954407925
49,pct_obstetrica_ingreso,0.8267966940865493
49,pct_alta_domicilio,0.8267966940865493
49,pct_alta_fallecido,0.468913723880854
49,pct_alta_traslado,0.7755648541496644
49,pct_origen_emergencia,0.5828021954407925
49,pct_origen_referencia,0.8267966940865493
49,pct_uso_pabellon,0.9011625316899307
49,pabellones_promedio,0.7755648541496644
49,tasa_partos,0.7755648541496644
49,tasa_prematurez,0.7755648541496644
49,cv_estancia,0.5828021954407925
49,pct_estancia_larga,0.5828021954407925
50,egresos_por_anio,0.808353159338279
50,estancia_media,0.651051234743776
50,estancia_mediana,0.8784040158507767
50,peso_medio_grd,0.28441484633207137
50,severidad_media,0.808353159338279
50,mortalidad_media,0.3852668392529872
50,entropia_grd,0.8784040158507767
50,comorbilidades_promedio,0.42566111002150986
50,tasa_cma,0.808353159338279
50,peso_medio_cma,0.808353159338279
50,pct_pediatrico,0.28441484633207137
50,pct_geriatrico,0.808353159338279
50,pct_femenino_fertil,0.651051234743776
50,edad_mediana,0.28441484633207137
50,pct_urgencia,0.28441484633207137
50,pct_programada,0.808353159338279
50,pct_obstetrica_ingreso,0.808353159338279
50,pct_alta_domicilio,0.9832542253382899
50,pct_alta_fallecido,0.808353159338279
50,pct_alta_traslado,0.808353159338279
50,pct_origen_emergencia,0.808353159338279
50,pct_origen_referencia,0.9832542253382899
50,pct_uso_pabellon,0.808353159338279
50,pabellones_promedio,0.808353159338279
50,tasa_partos,0.808353159338279
50,tasa_prematurez,0.808353159338279
50,cv_estancia,0.808353159338279
50,pct_estancia_larga,0.9832542253382899
51,egresos_por_anio,0.9477091351097422
51,estancia_media,0.7034945622278871
51,estancia_mediana,0.3619377080055793
51,peso_medio_grd,0.14926382200738747
51,severidad_media,0.2449527332549285
51,mortalidad_media,0.7295959699173322
51,entropia_grd,0.4440406230898355
51,comorbilidades_promedio,0.9753563600870183
51,tasa_cma,0.2731817756959443
51,peso_medio_cma,0.7295959699173322
51,pct_pediatrico,0.17326667852262448
51,pct_geriatrico,0.2475733664530864
51,pct_femenino_fertil,0.2731817756959443
51,edad_mediana,0.03840532661889195
51,pct_urgencia,0.9753563600870183
51,pct_programada,0.38480528274160214
51,pct_obstetrica_ingreso,0.9753563600870183
51,pct_alta_domicilio,0.19982259608245567
51,pct_alta_fallecido,0.03840532661889195
51,pct_alta_traslado,0.03840532661889195
51,pct_origen_emergencia,0.6330399360694956
51,pct_origen_referencia,0.9477091351097422
51,pct_uso_pabellon,0.2475733664530864
51,pabellones_promedio,0.31380486337670344
51,tasa_partos,0.19982259608245567
51,tasa_prematurez,0.03840532661889195
51,cv_estancia,0.9753563600870183
51,pct_estancia_larga,0.6330399360694956
52,egresos_por_anio,0.9236767112203207
52,estancia_media,0.8959763357748051
52,estancia_mediana,0.960292027806903
52,peso_medio_grd,0.7670634128546295
52,severidad_media,0.9422847028400054
52,mortalidad_media,0.7007747616181098
52,entropia_grd,0.940625737900303
52,comorbilidades_promedio,0.8959763357748051
52,tasa_cma,0.960292027806903
52,peso_medio_cma,0.35013489371344025
52,pct_pediatrico,0.1104299269812855
52,pct_geriatrico,0.7007747616181098
52,pct_femenino_fertil,0.0318187029569901
52,edad_mediana,0.1104299269812855
52,pct_urgencia,0.8959763357748051
52,pct_programada,0.8959763357748051
52,pct_obstetrica_ingreso,0.0318187029569901
52,pct_alta_domicilio,0.8959763357748051
52,pct_alta_fallecido,0.7306611846877337
52,pct_alta_traslado,0.940625737900303
52,pct_origen_emergencia,0.2341268359552848
52,pct_origen_referencia,0.7007747616181098
52,pct_uso_pabellon,0.8959763357748051
52,pabellones_promedio,0.7306611846877337
52,tasa_partos,0.8959763357748051
52,tasa_prematurez,0.7670634128546295
52,cv_estancia,0.35013489371344025
52,pct_estancia_larga,0.8959763357748051
53,egresos_por_anio,0.9750195673534814
53,estancia_media,0.028698307823515797
53,estancia_mediana,0.6331857336329922
53,peso_medio_grd,0.8815056065552325
53,severidad_media,0.6331857336329922
53,mortalidad_media,0.6331857336329922
53,entropia_grd,0.9750195673534814
53,comorbilidades_promedio,0.6331857336329922
53,tasa_cma,0.9577978650120973
53,peso_medio_cma,0.6331857336329922
53,pct_pediatrico,0.0005521929279280903
53,pct_geriatrico,0.018089750322191043
53,pct_femenino_fertil,0.6331857336329922
53,edad_mediana,0.011692087574864337
53,pct_urgencia,0.6331857336329922
53,pct_programada,0.011775541662883067
53,pct_obstetrica_ingreso,0.6331857336329922
53,pct_alta_domicilio,0.6331857336329922
53,pct_alta_fallecido,0.9647309208722052
53,pct_alta_traslado,0.023575331695133907
53,pct_origen_emergencia,0.9647309208722052
53,pct_origen_referencia,0.6331857336329922
53,pct_uso_pabellon,0.9750195673534814
53,pabellones_promedio,0.8815056065552325
53,tasa_partos,0.6331857336329922
53,tasa_prematurez,0.6347203788046691
53,cv_estancia,0.9154788290085621
53,pct_estancia_larga,0.6331857336329922
54,egresos_por_anio,0.38012757857792
54,estancia_media,0.8864484729192632
54,estancia_mediana,0.8851732215526112
54,peso_medio_grd,0.1701934675634531
54,severidad_media,0.9347515577293681
54,mortalidad_media,0.39524892186732324
54,entropia_grd,0.21480020581358109
54,comorbilidades_promedio,0.8851732215526112
54,tasa_cma,0.06057066931576628
54,peso_medio_cma,0.8864484729192632
54,pct_pediatrico,0.06057066931576628
54,pct_geriatrico,0.9347515577293681
54,pct_femenino_fertil,0.6869850244836911
54,edad_mediana,0.10293164713210491
54,pct_urgencia,0.3208475235097027
54,pct_programada,0.06057066931576628
54,pct_obstetrica_ingreso,0.5213593984335368
54,pct_alta_domicilio,0.8851732215526112
54,pct_alta_fallecido,0.8851732215526112
54,pct_alta_traslado,0.08669210304547892
54,pct_origen_emergencia,0.6587912229093689
54,pct_origen_referencia,0.8864484729192632
54,pct_uso_pabellon,0.06057066931576628
54,pabellones_promedio,0.10293164713210491
54,tasa_partos,0.23393187705504084
54,tasa_prematurez,0.1066267570796779
54,cv_estancia,0.9347515577293681
54,pct_estancia_larga,0.3208475235097027
55,egresos_por_anio,0.6534572269113265
55,estancia_media,0.9268494041727693
55,estancia_mediana,0.6534572269113265
55,peso_medio_grd,0.6534572269113265
55,severidad_media,0.5186187193206652
55,mortalidad_media,0.6534572269113265
55,entropia_grd,0.6534572269113265
55,comorbilidades_promedio,0.6534572269113265
55,tasa_cma,0.6534572269113265
55,peso_medio_cma,0.4411225007723941
55,pct_pediatrico,0.12355313881456795
55,pct_geriatrico,0.6534572269113265
55,pct_femenino_fertil,0.6534572269113265
55,edad_mediana,0.12355313881456795
55,pct_urgencia,0.12355313881456795
55,pct_programada,0.6534572269113265
55,pct_obstetrica_ingreso,0.6534572269113265
55,pct_alta_domicilio,0.6534572269113265
55,pct_alta_fallecido,0.6534572269113265
55,pct_alta_traslado,0.9268494041727693
55,pct_origen_emergencia,0.6534572269113265
55,pct_origen_referencia,0.6534572269113265
55,pct_uso_pabellon,0.12355313881456795
55,pabellones_promedio,0.5186187193206652
55,tasa_partos,0.6534572269113265
55,tasa_prematurez,0.1349171122177629
55,cv_estancia,0.6534572269113265
55,pct_estancia_larga,0.9731810795704186
56,egresos_por_anio,0.9404023613233361
56,estancia_media,0.11457218614782806
56,estancia_mediana,0.6105271806487699
56,peso_medio_grd,0.5023815799973789
56,severidad_media,0.3566848266059063
56,mortalidad_media,0.07025900729066453
56,entropia_grd,0.35942716746284853
56,comorbilidades_promedio,0.07025900729066453
56,tasa_cma,0.056152050625584926
56,peso_medio_cma,0.8510016868503689
56,pct_pediatrico,0.07025900729066453
56,pct_geriatrico,0.056152050625584926
56,pct_femenino_fertil,0.4318770237126764
56,edad_mediana,0.17679236315136718
56,pct_urgencia,0.056152050625584926
56,pct_programada,0.07025900729066453
56,pct_obstetrica_ingreso,0.8003352154789556
56,pct_alta_domicilio,0.7439946559762995
56,pct_alta_fallecido,0.6181277738375536
56,pct_alta_traslado,0.5432018098125264
56,pct_origen_emergencia,0.35942716746284853
56,pct_origen_referencia,0.07025900729066453
56,pct_uso_pabellon,0.32151167692120425
56,pabellones_promedio,0.32151167692120425
56,tasa_partos,0.8003352154789556
56,tasa_prematurez,0.743393317990463
56,cv_estancia,0.2350139856255149
56,pct_estancia_larga,0.5432018098125264
57,egresos_por_anio,0.09878800519108312
57,estancia_media,0.15705156289401867
57,estancia_mediana,0.5231744196099544
57,peso_medio_grd,0.017286514195870073
57,severidad_media,0.43351250827348703
57,mortalidad_media,0.7406818734485919
57,entropia_grd,0.43351250827348703
57,comorbilidades_promedio,0.7406818734485919
57,tasa_cma,0.7104282684761081
57,peso_medio_cma,0.5231744196099544
57,pct_pediatrico,0.03807826555324649
57,pct_geriatrico,0.017286514195870073
57,pct_femenino_fertil,0.866385187280421
57,edad_mediana,0.017286514195870073
57,pct_urgencia,0.43351250827348703
57,pct_programada,0.43351250827348703
57,pct_obstetrica_ingreso,0.264671253818742
57,pct_alta_domicilio,0.7406818734485919
57,pct_alta_fallecido,0.05768223517512573
57,pct_alta_traslado,0.5231744196099544
57,pct_origen_emergencia,0.5231744196099544
57,pct_origen_referencia,0.017286514195870073
57,pct_uso_pabellon,0.5443383563998371
57,pabellones_promedio,0.5231744196099544
57,tasa_partos,0.017286514195870073
57,tasa_prematurez,0.013746509653862928
57,cv_estancia,0.43351250827348703
57,pct_estancia_larga,0.5019640539321072
58,egresos_por_anio,0.9970070446637873
58,estancia_media,0.6214689713194023
58,estancia_mediana,0.9195460677112479
58,peso_medio_grd,0.6998259015048196
58,severidad_media,0.6998259015048196
58,mortalidad_media,0.6214689713194023
58,entropia_grd,0.8361422107034633
58,comorbilidades_promedio,0.7215990448016839
58,tasa_cma,0.6998259015048196
58,peso_medio_cma,0.6479877992976055
58,pct_pediatrico,0.06294971198649779
58,pct_geriatrico,0.20482770008547035
58,pct_femenino_fertil,0.41352878989275116
58,edad_mediana,0.23389271552250251
58,pct_urgencia,0.7683189650252447
58,pct_programada,0.6479877992976055
58,pct_obstetrica_ingreso,0.8923357807786594
58,pct_alta_domicilio,0.20482770008547035
58,pct_alta_fallecido,0.23389271552250251
58,pct_alta_traslado,0.23389271552250251
58,pct_origen_emergencia,0.10876943695832694
58,pct_origen_referencia,0.9482085200031989
58,pct_uso_pabellon,0.9482085200031989
58,pabellones_promedio,0.9181876616335072
58,tasa_partos,0.9970070446637873
58,tasa_prematurez,0.7683189650252447
58,cv_estancia,0.8395244471757701
58,pct_estancia_larga,0.8177987376774876
59,egresos_por_anio,0.9571156147785164
59,estancia_media,0.7254649422278782
59,estancia_mediana,0.23873235762079312
59,peso_medio_grd,0.9857795032059573
59,severidad_media,0.6299931677803766
59,mortalidad_media,0.9571156147785164
59,entropia_grd,0.9857795032059573
59,comorbilidades_promedio,0.9571156147785164
59,tasa_cma,0.4282861068530166
59,peso_medio_cma,0.9857795032059573
59,pct_pediatrico,0.04240673316873814
59,pct_geriatrico,0.08268116010562454
59,pct_femenino_fertil,0.9857795032059573
59,edad_mediana,0.04240673316873814
59,pct_urgencia,0.9571156147785164
59,pct_programada,0.08268116010562454
59,pct_obstetrica_ingreso,0.9857795032059573
59,pct_alta_domicilio,0.16315337748265205
59,pct_alta_fallecido,0.9857795032059573
59,pct_alta_traslado,0.0003078010757711066
59,pct_origen_emergencia,0.08268116010562454
59,pct_origen_referencia,0.6275273428626791
59,pct_uso_pabellon,0.9154768531787809
59,pabellones_promedio,0.9857795032059573
59,tasa_partos,0.9857795032059573
59,tasa_prematurez,0.9857795032059573
59,cv_estancia,0.9571156147785164
59,pct_estancia_larga,0.08268116010562454
60,egresos_por_anio,0.5650826566793555
60,estancia_media,0.8673229898722277
60,estancia_mediana,0.6299725773461893
60,peso_medio_grd,0.6299725773461893
60,severidad_media,0.6299725773461893
60,mortalidad_media,0.8539596824144259
60,entropia_grd,0.3409057219571636
60,comorbilidades_promedio,0.9179241091337581
60,tasa_cma,0.15926582120826832
60,peso_medio_cma,0.9044862423547269
60,pct_pediatrico,0.08912327301008943
60,pct_geriatrico,0.06459067613056493
60,pct_femenino_fertil,0.7728562822471131
60,edad_mediana,0.7650019146180088
60,pct_urgencia,0.4845740549136023
60,pct_programada,0.06459067613056493
60,pct_obstetrica_ingreso,0.5650826566793555
60,pct_alta_domicilio,0.9888595819919517
60,pct_alta_fallecido,0.06459067613056493
60,pct_alta_traslado,0.3409057219571636
60,pct_origen_emergencia,0.8673229898722277
60,pct_origen_referencia,0.5254570262411762
60,pct_uso_pabellon,0.4845740549136023
60,pabellones_promedio,0.7728562822471131
60,tasa_partos,0.6299725773461893
60,tasa_prematurez,0.6299725773461893
60,cv_estancia,0.6299725773461893
60,pct_estancia_larga,0.7728562822471131
61,egresos_por_anio,0.49487213705060956
61,estancia_media,0.691513916822655
61,estancia_mediana,0.12715499035966696
61,peso_medio_grd,0.9143933722238086
61,severidad_media,0.9361517482753892
61,mortalidad_media,0.6644241914446347
61,entropia_grd,0.6780748706311378
61,comorbilidades_promedio,0.6188764077169042
61,tasa_cma,0.18653443326920505
61,peso_medio_cma,0.691513916822655
61,pct_pediatrico,0.030110066971603126
61,pct_geriatrico,0.025180014721807874
61,pct_femenino_fertil,0.025180014721807874
61,edad_mediana,0.37647628033562486
61,pct_urgencia,0.02650726096777978
61,pct_programada,0.49487213705060956
61,pct_obstetrica_ingreso,0.11497001134957618
61,pct_alta_domicilio,0.50544603969647
61,pct_alta_fallecido,0.4962497909196888
61,pct_alta_traslado,0.9143933722238086
61,pct_origen_emergencia,0.691513916822655
61,pct_origen_referencia,0.09875705836952006
61,pct_uso_pabellon,0.24255405330626656
61,pabellones_promedio,0.3735446897780515
61,tasa_partos,0.49487213705060956
61,tasa_prematurez,0.49487213705060956
61,cv_estancia,0.2100211230721097
61,pct_estancia_larga,0.9143933722238086
62,egresos_por_anio,0.9754050385447802
62,estancia_media,0.1544878343037929
62,estancia_mediana,0.928531919664536
62,peso_medio_grd,0.8137042715326633
62,severidad_media,0.20758001935770215
62,mortalidad_media,0.7009314004583215
62,entropia_grd,0.9069191026223618
62,comorbilidades_promedio,0.7009314004583215
62,tasa_cma,0.8137042715326633
62,peso_medio_cma,0.8137042715326633
62,pct_pediatrico,0.1544878343037929
62,pct_geriatrico,0.731694171222922
62,pct_femenino_fertil,0.7009314004583215
62,edad_mediana,0.1544878343037929
62,pct_urgencia,0.20522346162086352
62,pct_programada,0.7296503827687277
62,pct_obstetrica_ingreso,0.8137042715326633
62,pct_alta_domicilio,0.8137042715326633
62,pct_alta_fallecido,0.15755272685761443
62,pct_alta_traslado,0.20522346162086352
62,pct_origen_emergencia,0.8137042715326633
62,pct_origen_referencia,0.7009314004583215
62,pct_uso_pabellon,0.91055521345544
62,pabellones_promedio,0.8137042715326633
62,tasa_partos,0.8137042715326633
62,tasa_prematurez,0.8137042715326633
62,cv_estancia,0.928531919664536
62,pct_estancia_larga,0.9069191026223618
63,egresos_por_anio,0.8062059623791401
63,estancia_media,0.5721382798250373
63,estancia_mediana,0.9526554621532017
63,peso_medio_grd,0.11438962873177184
63,severidad_media,0.9122415631043156
63,mortalidad_media,0.5253603263825095
63,entropia_grd,0.9122415631043156
63,comorbilidades_promedio,0.5253603263825095
63,tasa_cma,0.8852143988927988
63,peso_medio_cma,0.5253603263825095
63,pct_pediatrico,0.11438962873177184
63,pct_geriatrico,0.5721382798250373
63,pct_femenino_fertil,0.13387954360282894
63,edad_mediana,0.11438962873177184
63,pct_urgencia,0.5253603263825095
63,pct_programada,0.6243896940113562
63,pct_obstetrica_ingreso,0.1605141331356777
63,pct_alta_domicilio,0.5253603263825095
63,pct_alta_fallecido,0.5721382798250373
63,pct_alta_traslado,0.13387954360282894
63,pct_origen_emergencia,0.5721382798250373
63,pct_origen_referencia,0.13387954360282894
63,pct_uso_pabellon,0.8852143988927988
63,pabellones_promedio,0.43598836054240936
63,tasa_partos,0.5721382798250373
63,tasa_prematurez,0.5253603263825095
63,cv_estancia,0.13387954360282894
63,pct_estancia_larga,0.9122415631043156
64,egresos_por_anio,0.9827050833260903
64,estancia_media,0.9827050833260903
64,estancia_mediana,0.39414331898468485
64,peso_medio_grd,0.44110729321152237
64,severidad_media,0.44110729321152237
64,mortalidad_media,0.29437002063860457
64,entropia_grd,0.29437002063860457
64,comorbilidades_promedio,0.29437002063860457
64,tasa_cma,0.8700861806469323
64,peso_medio_cma,0.9827050833260903
64,pct_pediatrico,0.29437002063860457
64,pct_geriatrico,0.29437002063860457
64,pct_femenino_fertil,0.29437002063860457
64,edad_mediana,0.13204157200045136
64,pct_urgencia,0.9827050833260903
64,pct_programada,0.8583379550088646
64,pct_obstetrica_ingreso,0.29437002063860457
64,pct_alta_domicilio,0.943953806007575
64,pct_alta_fallecido,0.3690933212304198
64,pct_alta_traslado,0.39414331898468485
64,pct_origen_emergencia,0.9827050833260903
64,pct_origen_referencia,0.9827050833260903
64,pct_uso_pabellon,0.29437002063860457
64,pabellones_promedio,0.8700861806469323
64,tasa_partos,0.29437002063860457
64,tasa_prematurez,0.9827050833260903
64,cv_estancia,0.40086780658534593
64,pct_estancia_larga,0.29437002063860457
65,egresos_por_anio,0.9814486274293918
65,estancia_media,0.609843880212903
65,estancia_mediana,0.5213073426671757
65,peso_medio_grd,0.8380740338090231
65,severidad_media,0.6826408382388319
65,mortalidad_media,0.5719847923456418
65,entropia_grd,0.7877500651022048
65,comorbilidades_promedio,0.47623040906204644
65,tasa_cma,0.5912542552849046
65,peso_medio_cma,0.47707745359685466
65,pct_pediatrico,0.15394332146196843
65,pct_geriatrico,0.04603342248726493
65,pct_femenino_fertil,0.9307900433561467
65,edad_mediana,0.0776555426600754
65,pct_urgencia,0.6120785402008085
65,pct_programada,0.15394332146196843
65,pct_obstetrica_ingreso,0.7833394201060837
65,pct_alta_domicilio,0.6826408382388319
65,pct_alta_fallecido,0.6826408382388319
65,pct_alta_traslado,0.4109891152930148
65,pct_origen_emergencia,0.6150270713404402
65,pct_origen_referencia,0.0776555426600754
65,pct_uso_pabellon,0.6150270713404402
65,pabellones_promedio,0.47623040906204644
65,tasa_partos,0.47623040906204644
65,tasa_prematurez,0.35606083183222
65,cv_estancia,0.35606083183222
65,pct_estancia_larga,0.7843491297149539
66,egresos_por_anio,0.33541137693639234
66,estancia_media,0.837660437051316
66,estancia_mediana,0.9956843736424338
66,peso_medio_grd,0.9772571807145841
66,severidad_media,0.7212679180321503
66,mortalidad_media,0.49742351045064137
66,entropia_grd,0.7212679180321503
66,comorbilidades_promedio,0.9033143823357568
66,tasa_cma,0.8179013025861545
66,peso_medio_cma,0.9742348172881921
66,pct_pediatrico,0.11326085104880365
66,pct_geriatrico,0.36298340563557613
66,pct_femenino_fertil,0.36298340563557613
66,edad_mediana,0.33541137693639234
66,pct_urgencia,0.7212679180321503
66,pct_programada,0.8179013025861545
66,pct_obstetrica_ingreso,0.7212679180321503
66,pct_alta_domicilio,0.5517693513901349
66,pct_alta_fallecido,0.49742351045064137
66,pct_alta_traslado,0.8449891500991392
66,pct_origen_emergencia,0.7212679180321503
66,pct_origen_referencia,0.8179013025861545
66,pct_uso_pabellon,0.6698959477930565
66,pabellones_promedio,0.49742351045064137
66,tasa_partos,0.9772571807145841
66,tasa_prematurez,0.8179013025861545
66,cv_estancia,0.9846003184199071
66,pct_estancia_larga,0.6921634059539845
67,egresos_por_anio,0.7234537336327946
67,estancia_media,0.989130595469674
67,estancia_mediana,0.1608750419109308
67,peso_medio_grd,0.1608750419109308
67,severidad_media,0.7260135938015797
67,mortalidad_media,0.7906597866882829
67,entropia_grd,0.5941320409645383
67,comorbilidades_promedio,0.989130595469674
67,tasa_cma,0.25241330953542185
67,peso_medio_cma,0.46795330850780253
67,pct_pediatrico,0.1608750419109308
67,pct_geriatrico,0.7234537336327946
67,pct_femenino_fertil,0.4824104173305199
67,edad_mediana,0.1608750419109308
67,pct_urgencia,0.2610032855287893
67,pct_programada,0.1608750419109308
67,pct_obstetrica_ingreso,0.25241330953542185
67,pct_alta_domicilio,0.25241330953542185
67,pct_alta_fallecido,0.2610032855287893
67,pct_alta_traslado,0.30726290169816767
67,pct_origen_emergencia,0.4852655404227235
67,pct_origen_referencia,0.7906597866882829
67,pct_uso_pabellon,0.1608750419109308
67,pabellones_promedio,0.46795330850780253
67,tasa_partos,0.7906597866882829
67,tasa_prematurez,0.43499248190840056
67,cv_estancia,0.5794479414495163
67,pct_estancia_larga,0.7906597866882829
68,egresos_por_anio,0.9320780745367526
68,estancia_media,0.2946082783700726
68,estancia_mediana,0.6775924500107939
68,peso_medio_grd,0.6775924500107939
68,severidad_media,0.5175508478037983
68,mortalidad_media,0.5175508478037983
68,entropia_grd,0.8277940508947829
68,comorbilidades_promedio,0.9856644785546778
68,tasa_cma,0.8402216949706914
68,peso_medio_cma,0.7539861580040125
68,pct_pediatrico,0.2946082783700726
68,pct_geriatrico,0.04094646011995378
68,pct_femenino_fertil,0.7539861580040125
68,edad_mediana,0.5175508478037983
68,pct_urgencia,0.6808617145202357
68,pct_programada,0.5175508478037983
68,pct_obstetrica_ingreso,0.6552283355492596
68,pct_alta_domicilio,0.5175508478037983
68,pct_alta_fallecido,0.2946082783700726
68,pct_alta_traslado,0.2946082783700726
68,pct_origen_emergencia,0.5175508478037983
68,pct_origen_referencia,0.7539861580040125
68,pct_uso_pabellon,0.5175508478037983
68,pabellones_promedio,0.5175508478037983
68,tasa_partos,0.6808617145202357
68,tasa_prematurez,0.6775924500107939
68,cv_estancia,0.7998692151981878
68,pct_estancia_larga,0.5175508478037983
69,egresos_por_anio,0.5401600794442903
69,estancia_media,0.22920190906337132
69,estancia_mediana,0.8990065276584077
69,peso_medio_grd,0.2289707626113393
69,severidad_media,0.5076624773676701
69,mortalidad_media,0.5018810308070807
69,entropia_grd,0.3942528282508339
69,comorbilidades_promedio,0.9758784285212879
69,tasa_cma,0.9115109777793021
69,peso_medio_cma,0.22920190906337132
69,pct_pediatrico,0.2289707626113393
69,pct_geriatrico,0.8990065276584077
69,pct_femenino_fertil,0.25351893273464554
69,edad_mediana,0.14417876477570454
69,pct_urgencia,0.22920190906337132
69,pct_programada,0.2289707626113393
69,pct_obstetrica_ingreso,0.22920190906337132
69,pct_alta_domicilio,0.22920190906337132
69,pct_alta_fallecido,0.4379130643766824
69,pct_alta_traslado,0.6530185217683576
69,pct_origen_emergencia,0.5076624773676701
69,pct_origen_referencia,0.2289707626113393
69,pct_uso_pabellon,0.9758784285212879
69,pabellones_promedio,0.7321243640176818
69,tasa_partos,0.6849683497044787
69,tasa_prematurez,0.22920190906337132
69,cv_estancia,0.22920190906337132
69,pct_estancia_larga,0.22920190906337132
70,egresos_por_anio,0.9019849117392131
70,estancia_media,0.27659874888955244
70,estancia_mediana,0.9975520130609375
70,peso_medio_grd,0.9192434500610811
70,severidad_media,0.7982936372822166
70,mortalidad_media,0.9019849117392131
70,entropia_grd,0.8183344533057715
70,comorbilidades_promedio,0.5394895371604648
70,tasa_cma,0.7982936372822166
70,peso_medio_cma,0.42898711119743765
70,pct_pediatrico,0.20069417917177215
70,pct_geriatrico,0.47226306698762077
70,pct_femenino_fertil,0.8183344533057715
70,edad_mediana,0.20098718737904292
70,pct_urgencia,0.20069417917177215
70,pct_programada,0.8183344533057715
70,pct_obstetrica_ingreso,0.3393745874046288
70,pct_alta_domicilio,0.3393745874046288
70,pct_alta_fallecido,0.20069417917177215
70,pct_alta_traslado,0.8183344533057715
70,pct_origen_emergencia,0.7982936372822166
70,pct_origen_referencia,0.20069417917177215
70,pct_uso_pabellon,0.5394895371604648
70,pabellones_promedio,0.47226306698762077
70,tasa_partos,0.5394895371604648
70,tasa_prematurez,0.3393745874046288
70,cv_estancia,0.9975520130609375
70,pct_estancia_larga,0.5528026736486614
71,egresos_por_anio,0.4593085054551067
71,estancia_media,0.9645218715812112
71,estancia_mediana,0.1285066337049141
71,peso_medio_grd,0.2082028577816273
71,severidad_media,0.2553546530432799
71,mortalidad_media,0.8124483282425189
71,entropia_grd,0.4428335243641205
71,comorbilidades_promedio,0.9645218715812112
71,tasa_cma,0.9645218715812112
71,peso_medio_cma,0.20665778825018147
71,pct_pediatrico,0.1285066337049141
71,pct_geriatrico,0.5540217366274445
71,pct_femenino_fertil,0.0023935292961956697
71,edad_mediana,0.06891350658810641
71,pct_urgencia,0.13617872498032974
71,pct_programada,0.9645218715812112
71,pct_obstetrica_ingreso,0.6136925407235347
71,pct_alta_domicilio,0.9645218715812112
71,pct_alta_fallecido,0.48723592141284683
71,pct_alta_traslado,0.08925299387014565
71,pct_origen_emergencia,0.1760645672518601
71,pct_origen_referencia,0.022621260954305368
71,pct_uso_pabellon,0.03317164471437633
71,pabellones_promedio,0.1285066337049141
71,tasa_partos,0.0222637482118929
71,tasa_prematurez,0.21115606091054956
71,cv_estancia,0.419224150370934
71,pct_estancia_larga,0.419224150370934
72,egresos_por_anio,0.9995982629504885
72,estancia_media,0.9087044157346299
72,estancia_mediana,0.9087044157346299
72,peso_medio_grd,0.2920599447429677
72,severidad_media,0.40394366699627343
72,mortalidad_media,0.8399368153415137
72,entropia_grd,0.23618120130778414
72,comorbilidades_promedio,0.9087044157346299
72,tasa_cma,0.9087044157346299
72,peso_medio_cma,0.9087044157346299
72,pct_pediatrico,0.12133961896981771
72,pct_geriatrico,0.23618120130778414
72,pct_femenino_fertil,0.9087044157346299
72,edad_mediana,0.20225742929442386
72,pct_urgencia,0.9087044157346299
72,pct_programada,0.12133961896981771
72,pct_obstetrica_ingreso,0.23618120130778414
72,pct_alta_domicilio,0.9087044157346299
72,pct_alta_fallecido,0.28775722219774374
72,pct_alta_traslado,0.9087044157346299
72,pct_origen_emergencia,0.12133961896981771
72,pct_origen_referencia,0.9087044157346299
72,pct_uso_pabellon,0.9087044157346299
72,pabellones_promedio,0.31173093709135463
72,tasa_partos,0.31173093709135463
72,tasa_prematurez,0.28775722219774374
72,cv_estancia,0.9087044157346299
72,pct_estancia_larga,0.9087044157346299
73,egresos_por_anio,0.7847441087402993
73,estancia_media,0.7847441087402993
73,estancia_mediana,0.807448142064248
73,peso_medio_grd,0.7847441087402993
73,severidad_media,0.9469751861564315
73,mortalidad_media,0.7847441087402993
73,entropia_grd,0.7977475657859564
73,comorbilidades_promedio,0.6613195818588768
73,tasa_cma,0.9469751861564315
73,peso_medio_cma,0.9469751861564315
73,pct_pediatrico,0.1451261151619941
73,pct_geriatrico,0.28428874769015317
73,pct_femenino_fertil,0.7847441087402993
73,edad_mediana,0.1451261151619941
73,pct_urgencia,0.7847441087402993
73,pct_programada,0.3324396592456896
73,pct_obstetrica_ingreso,0.7977475657859564
73,pct_alta_domicilio,0.9469751861564315
73,pct_alta_fallecido,0.28428874769015317
73,pct_alta_traslado,0.7977475657859564
73,pct_origen_emergencia,0.8913521533944957
73,pct_origen_referencia,0.7847441087402993
73,pct_uso_pabellon,0.7847441087402993
73,pabellones_promedio,0.7847441087402993
73,tasa_partos,0.7977475657859564
73,tasa_prematurez,0.9469751861564315
73,cv_estancia,0.8913521533944957
73,pct_estancia_larga,0.7847441087402993
74,egresos_por_anio,0.6739548945275738
74,estancia_media,0.2469039859352748
74,estancia_mediana,0.9968972731640867
74,peso_medio_grd,0.7330250797196569
74,severidad_media,0.9968972731640867
74,mortalidad_media,0.39721648097604756
74,entropia_grd,0.7083455512943176
74,comorbilidades_promedio,0.5134798195224286
74,tasa_cma,0.6077916267315246
74,peso_medio_cma,0.7330250797196569
74,pct_pediatrico,0.11585906498149146
74,pct_geriatrico,0.000788005894398798
74,pct_femenino_fertil,0.4950882768994034
74,edad_mediana,0.14058450975892178
74,pct_urgencia,0.9051183208604449
74,pct_programada,0.03248372163120043
74,pct_obstetrica_ingreso,0.04647436486915306
74,pct_alta_domicilio,0.11585906498149146
74,pct_alta_fallecido,0.4801450487337062
74,pct_alta_traslado,0.39721648097604756
74,pct_origen_emergencia,0.8249316308498498
74,pct_origen_referencia,0.14058450975892178
74,pct_uso_pabellon,0.39721648097604756
74,pabellones_promedio,0.650417500192944
74,tasa_partos,0.5744451932454637
74,tasa_prematurez,0.8587610513894927
74,cv_estancia,0.41330361483982675
74,pct_estancia_larga,0.6739548945275738
75,egresos_por_anio,0.2502706614323718
75,estancia_media,0.6788378580769673
75,estancia_mediana,0.7479300424996157
75,peso_medio_grd,0.24424246581688158
75,severidad_media,0.7479300424996157
75,mortalidad_media,0.7479300424996157
75,entropia_grd,0.24424246581688158
75,comorbilidades_promedio,0.9366252539933251
75,tasa_cma,0.6788378580769673
75,peso_medio_cma,0.2502706614323718
75,pct_pediatrico,0.12954579134950706
75,pct_geriatrico,0.12954579134950706
75,pct_femenino_fertil,0.5879384067253876
75,edad_mediana,0.12954579134950706
75,pct_urgencia,0.5879384067253876
75,pct_programada,0.12954579134950706
75,pct_obstetrica_ingreso,0.6858116093138561
75,pct_alta_domicilio,0.5879384067253876
75,pct_alta_fallecido,0.7479300424996157
75,pct_alta_traslado,0.5879384067253876
75,pct_origen_emergencia,0.7479300424996157
75,pct_origen_referencia,0.24424246581688158
75,pct_uso_pabellon,0.12954579134950706
75,pabellones_promedio,0.24424246581688158
75,tasa_partos,0.7479300424996157
75,tasa_prematurez,0.12954579134950706
75,cv_estancia,0.7479300424996157
75,pct_estancia_larga,0.7153002680576581
76,egresos_por_anio,0.8735422837079911
76,estancia_media,0.8570665777123279
76,estancia_mediana,0.8707096138387601
76,peso_medio_grd,0.9020414680696539
76,severidad_media,0.1329537705162898
76,mortalidad_media,0.9003122594121519
76,entropia_grd,0.17160625033511095
76,comorbilidades_promedio,0.9118608311529321
76,tasa_cma,0.1682744773678268
76,peso_medio_cma,0.17160625033511095
76,pct_pediatrico,0.10784943184884381
76,pct_geriatrico,0.1329537705162898
76,pct_femenino_fertil,0.5718802808638909
76,edad_mediana,0.09272409344678434
76,pct_urgencia,0.8735422837079911
76,pct_programada,0.8707096138387601
76,pct_obstetrica_ingreso,0.19769325429474863
76,pct_alta_domicilio,0.6601088105430001
76,pct_alta_fallecido,0.9020414680696539
76,pct_alta_traslado,0.8570665777123279
76,pct_origen_emergencia,0.5690645474638275
76,pct_origen_referencia,0.1329537705162898
76,pct_uso_pabellon,0.09272409344678434
76,pabellones_promedio,0.49753653489662003
76,tasa_partos,0.8924178409633078
76,tasa_prematurez,0.9020414680696539
76,cv_estancia,0.10784943184884381
76,pct_estancia_larga,0.5690645474638275
77,egresos_por_anio,0.9954969877080406
77,estancia_media,0.9954969877080406
77,estancia_mediana,0.9954969877080406
77,peso_medio_grd,0.3831281703018274
77,severidad_media,0.9954969877080406
77,mortalidad_media,0.9954969877080406
77,entropia_grd,0.9954969877080406
77,comorbilidades_promedio,0.9954969877080406
77,tasa_cma,0.9954969877080406
77,peso_medio_cma,0.9954969877080406
77,pct_pediatrico,0.16611043855442226
77,pct_geriatrico,0.9141175234266249
77,pct_femenino_fertil,0.9954969877080406
77,edad_mediana,0.16611043855442226
77,pct_urgencia,0.9954969877080406
77,pct_programada,0.21911658887403618
77,pct_obstetrica_ingreso,0.9954969877080406
77,pct_alta_domicilio,0.9965597452537651
77,pct_alta_fallecido,0.9954969877080406
77,pct_alta_traslado,0.9954969877080406
77,pct_origen_emergencia,0.9954969877080406
77,pct_origen_referencia,0.9954969877080406
77,pct_uso_pabellon,0.9954969877080406
77,pabellones_promedio,0.9954969877080406
77,tasa_partos,0.9954969877080406
77,tasa_prematurez,0.21911658887403618
77,cv_estancia,0.9954969877080406
77,pct_estancia_larga,0.9954969877080406
78,egresos_por_anio,0.9094909416295128
78,estancia_media,0.6232592849524567
78,estancia_mediana,0.9055891459223877
78,peso_medio_grd,0.7163193797949805
78,severidad_media,0.44134819377582113
78,mortalidad_media,0.29384645227508194
78,entropia_grd,0.9055891459223877
78,comorbilidades_promedio,0.7163193797949805
78,tasa_cma,0.6232592849524567
78,peso_medio_cma,0.19704060898068043
78,pct_pediatrico,0.19704060898068043
78,pct_geriatrico,0.2972449612765643
78,pct_femenino_fertil,0.5248882238037232
78,edad_mediana,0.26144967526904134
78,pct_urgencia,0.6232592849524567
78,pct_programada,0.2972449612765643
78,pct_obstetrica_ingreso,0.7163193797949805
78,pct_alta_domicilio,0.44134819377582113
78,pct_alta_fallecido,0.9019616541390838
78,pct_alta_traslado,0.5248882238037232
78,pct_origen_emergencia,0.7163193797949805
78,pct_origen_referencia,0.9286421783743625
78,pct_uso_pabellon,0.7163193797949805
78,pabellones_promedio,0.6232592849524567
78,tasa_partos,0.6232592849524567
78,tasa_prematurez,0.2942917892865885
78,cv_estancia,0.9019616541390838
78,pct_estancia_larga,0.7163193797949805
79,egresos_por_anio,0.4819521258024883
79,estancia_media,0.38458580320743113
79,estancia_mediana,0.13592792290590805
79,peso_medio_grd,0.45303255347612353
79,severidad_media,0.45303255347612353
79,mortalidad_media,0.45303255347612353
79,entropia_grd,0.5538730000134573
79,comorbilidades_promedio,0.17831669614766013
79,tasa_cma,0.45303255347612353
79,peso_medio_cma,0.8669001345474966
79,pct_pediatrico,0.13476863543824322
79,pct_geriatrico,0.004703326233188463
79,pct_femenino_fertil,0.17831669614766013
79,edad_mediana,0.20523626485559143
79,pct_urgencia,0.9382345480134937
79,pct_programada,0.45303255347612353
79,pct_obstetrica_ingreso,0.4121815129903238
79,pct_alta_domicilio,0.13592792290590805
79,pct_alta_fallecido,0.45303255347612353
79,pct_alta_traslado,0.38458580320743113
79,pct_origen_emergencia,0.04281831400685893
79,pct_origen_referencia,0.004703326233188463
79,pct_uso_pabellon,0.004703326233188463
79,pabellones_promedio,0.39267714675471477
79,tasa_partos,0.5538730000134573
79,tasa_prematurez,0.22072879677796345
79,cv_estancia,0.7328044806955554
79,pct_estancia_larga,0.8461699664678649
80,egresos_por_anio,0.5186267384693954
80,estancia_media,0.5186267384693954
80,estancia_mediana,0.9949210355486402
80,peso_medio_grd,0.30703376054173726
80,severidad_media,0.30703376054173726
80,mortalidad_media,0.8697119236697701
80,entropia_grd,0.5186267384693954
80,comorbilidades_promedio,0.5186267384693954
80,tasa_cma,0.46127902460131803
80,peso_medio_cma,0.38713897300388933
80,pct_pediatrico,0.06062048001763658
80,pct_geriatrico,0.009928797565513516
80,pct_femenino_fertil,0.7510015973443178
80,edad_mediana,0.26912458251811805
80,pct_urgencia,0.7510015973443178
80,pct_programada,0.7510015973443178
80,pct_obstetrica_ingreso,0.6153784799459335
80,pct_alta_domicilio,0.9949210355486402
80,pct_alta_fallecido,0.26912458251811805
80,pct_alta_traslado,0.5186267384693954
80,pct_origen_emergencia,0.30703376054173726
80,pct_origen_referencia,0.009928797565513516
80,pct_uso_pabellon,0.26912458251811805
80,pabellones_promedio,0.008010802065667903
80,tasa_partos,0.26912458251811805
80,tasa_prematurez,0.581270059145178
80,cv_estancia,0.30703376054173726
80,pct_estancia_larga,0.5186267384693954
81,egresos_por_anio,0.9025590554798474
81,estancia_media,0.7310473945524066
81,estancia_mediana,0.4656254629281346
81,peso_medio_grd,0.2968761028158192
81,severidad_media,0.9025590554798474
81,mortalidad_media,0.7310473945524066
81,entropia_grd,0.4656254629281346
81,comorbilidades_promedio,0.4656254629281346
81,tasa_cma,0.825851543850526
81,peso_medio_cma,0.2792064209316146
81,pct_pediatrico,0.13052612089729657
81,pct_geriatrico,0.4627788699428379
81,pct_femenino_fertil,0.158789446836283
81,edad_mediana,0.13052612089729657
81,pct_urgencia,0.9025590554798474
81,pct_programada,0.2659553735316862
81,pct_obstetrica_ingreso,0.7270959009264384
81,pct_alta_domicilio,0.4656254629281346
81,pct_alta_fallecido,0.13999427257456584
81,pct_alta_traslado,0.7310473945524066
81,pct_origen_emergencia,0.13052612089729657
81,pct_origen_referencia,0.2968761028158192
81,pct_uso_pabellon,0.5517870162451306
81,pabellones_promedio,0.9025590554798474
81,tasa_partos,0.7873131341473951
81,tasa_prematurez,0.6784061397232012
81,cv_estancia,0.4656254629281346
81,pct_estancia_larga,0.9025590554798474
82,egresos_por_anio,0.19174738724199553
82,estancia_media,0.3607790063846396
82,estancia_mediana,0.8626581029771969
82,peso_medio_grd,0.10347486781444691
82,severidad_media,0.652078583545987
82,mortalidad_media,0.24745281902765945
82,entropia_grd,0.07434864965854271
82,comorbilidades_promedio,0.3173479372203912
82,tasa_cma,0.6381714581853392
82,peso_medio_cma,0.8626581029771969
82,pct_pediatrico,0.13308845082830706
82,pct_geriatrico,0.3664783346525633
82,pct_femenino_fertil,0.3607790063846396
82,edad_mediana,0.07434864965854271
82,pct_urgencia,0.8626581029771969
82,pct_programada,0.8240959654677029
82,pct_obstetrica_ingreso,0.9284556639407657
82,pct_alta_domicilio,0.8626581029771969
82,pct_alta_fallecido,0.0002580913349343284
82,pct_alta_traslado,0.19174738724199553
82,pct_origen_emergencia,0.08559779018737967
82,pct_origen_referencia,0.3607790063846396
82,pct_uso_pabellon,0.16022586732495817
82,pabellones_promedio,0.3607790063846396
82,tasa_partos,0.24745281902765945
82,tasa_prematurez,0.24745281902765945
82,cv_estancia,0.24745281902765945
82,pct_estancia_larga,0.16022586732495817
83,egresos_por_anio,0.9401490911965615
83,estancia_media,0.7343427866618708
83,estancia_mediana,0.7343427866618708
83,peso_medio_grd,0.7343427866618708
83,severidad_media,0.42775549163269344
83,mortalidad_media,0.9401490911965615
83,entropia_grd,0.42775549163269344
83,comorbilidades_promedio,0.6795265197469806
83,tasa_cma,0.42775549163269344
83,peso_medio_cma,0.7169517496072981
83,pct_pediatrico,0.15147405825421392
83,pct_geriatrico,0.42775549163269344
83,pct_femenino_fertil,0.6669192147749173
83,edad_mediana,0.42775549163269344
83,pct_urgencia,0.42775549163269344
83,pct_programada,0.9034217134976971
83,pct_obstetrica_ingreso,0.9871683626121506
83,pct_alta_domicilio,0.9871683626121506
83,pct_alta_fallecido,0.6795265197469806
83,pct_alta_traslado,0.42775549163269344
83,pct_origen_emergencia,0.9034217134976971
83,pct_origen_referencia,0.5717531524736975
83,pct_uso_pabellon,0.7343427866618708
83,pabellones_promedio,0.442935666050309
83,tasa_partos,0.442935666050309
83,tasa_prematurez,0.6795265197469806
83,cv_estancia,0.9401490911965615
83,pct_estancia_larga,0.9401490911965615
84,egresos_por_anio,0.7278772812276447
84,estancia_media,0.2889612999029924
84,estancia_mediana,0.2972369938071555
84,peso_medio_grd,0.6591205795649037
84,severidad_media,0.9658238558747139
84,mortalidad_media,0.2972369938071555
84,entropia_grd,0.24735699421322135
84,comorbilidades_promedio,0.9658238558747139
84,tasa_cma,0.8230156812891843
84,peso_medio_cma,0.6591205795649037
84,pct_pediatrico,0.1445207801459614
84,pct_geriatrico,0.02814525046980597
84,pct_femenino_fertil,0.3637608301967639
84,edad_mediana,0.3637608301967639
84,pct_urgencia,0.9314353302292945
84,pct_programada,0.3637608301967639
84,pct_obstetrica_ingreso,0.20113947958553258
84,pct_alta_domicilio,0.2972369938071555
84,pct_alta_fallecido,0.006123747939287167
84,pct_alta_traslado,0.3637608301967639
84,pct_origen_emergencia,0.5098649531993261
84,pct_origen_referencia,0.2889612999029924
84,pct_uso_pabellon,0.6969067207457272
84,pabellones_promedio,0.3637608301967639
84,tasa_partos,0.7278772812276447
84,tasa_prematurez,0.2972369938071555
84,cv_estancia,0.631731068520621
84,pct_estancia_larga,0.6688539725456991
85,egresos_por_anio,0.340502629081724
85,estancia_media,0.9372268983818549
85,estancia_mediana,0.5370482715576506
85,peso_medio_grd,0.6345444013625391
85,severidad_media,0.7560553773553046
85,mortalidad_media,0.340502629081724
85,entropia_grd,0.340502629081724
85,comorbilidades_promedio,0.340502629081724
85,tasa_cma,0.6725929990452195
85,peso_medio_cma,0.8334115326822005
85,pct_pediatrico,0.1726489575369195
85,pct_geriatrico,0.340502629081724
85,pct_femenino_fertil,0.25389450414476666
85,edad_mediana,0.02847708827120791
85,pct_urgencia,0.7560553773553046
85,pct_programada,0.340502629081724
85,pct_obstetrica_ingreso,0.9953218696552629
85,pct_alta_domicilio,0.6728025765960912
85,pct_alta_fallecido,0.340502629081724
85,pct_alta_traslado,0.02847708827120791
85,pct_origen_emergencia,0.340502629081724
85,pct_origen_referencia,0.1726489575369195
85,pct_uso_pabellon,0.8334115326822005
85,pabellones_promedio,0.1726489575369195
85,tasa_partos,0.340502629081724
85,tasa_prematurez,0.6728025765960912
85,cv_estancia,0.340502629081724
85,pct_estancia_larga,0.4572629556792707
86,egresos_por_anio,0.7427814182802867
86,estancia_media,0.6284578131069986
86,estancia_mediana,0.27687745640225797
86,peso_medio_grd,0.27687745640225797
86,severidad_media,0.541325097777485
86,mortalidad_media,0.06910462111561134
86,entropia_grd,0.541325097777485
86,comorbilidades_promedio,0.13162573090198035
86,tasa_cma,0.12213767605161367
86,peso_medio_cma,0.541325097777485
86,pct_pediatrico,0.08377977928347226
86,pct_geriatrico,0.08377977928347226
86,pct_femenino_fertil,0.4578337127734734
86,edad_mediana,0.06768176173538899
86,pct_urgencia,0.25192874619949074
86,pct_programada,0.06768176173538899
86,pct_obstetrica_ingreso,0.5942958423955236
86,pct_alta_domicilio,0.9228219245883835
86,pct_alta_fallecido,0.373909058619556
86,pct_alta_traslado,0.5617679366411236
86,pct_origen_emergencia,0.08377977928347226
86,pct_origen_referencia,0.13162573090198035
86,pct_uso_pabellon,0.4293538730229213
86,pabellones_promedio,0.9228219245883835
86,tasa_partos,0.08377977928347226
86,tasa_prematurez,0.9042766952292559
86,cv_estancia,0.9228219245883835
86,pct_estancia_larga,0.4293538730229213
87,egresos_por_anio,0.8350191182265453
87,estancia_media,0.44527805015385186
87,estancia_mediana,0.7946494758024105
87,peso_medio_grd,0.1856346540827913
87,severidad_media,0.8350191182265453
87,mortalidad_media,0.8350191182265453
87,entropia_grd,0.04266575637265946
87,comorbilidades_promedio,0.2881381227102808
87,tasa_cma,0.2881381227102808
87,peso_medio_cma,0.8350191182265453
87,pct_pediatrico,0.04266575637265946
87,pct_geriatrico,0.04266575637265946
87,pct_femenino_fertil,0.9648335560980166
87,edad_mediana,0.44527805015385186
87,pct_urgencia,0.8350191182265453
87,pct_programada,0.04266575637265946
87,pct_obstetrica_ingreso,0.04266575637265946
87,pct_alta_domicilio,0.8350191182265453
87,pct_alta_fallecido,0.16518483123647204
87,pct_alta_traslado,0.8350191182265453
87,pct_origen_emergencia,0.8350191182265453
87,pct_origen_referencia,0.1856346540827913
87,pct_uso_pabellon,0.005918215026117669
87,pabellones_promedio,0.8350191182265453
87,tasa_partos,0.44527805015385186
87,tasa_prematurez,0.8350191182265453
87,cv_estancia,0.6327067357959971
87,pct_estancia_larga,0.8350191182265453
88,egresos_por_anio,0.22705743657405997
88,estancia_media,0.36594085628400347
88,estancia_mediana,0.7647875545997065
88,peso_medio_grd,0.22705743657405997
88,severidad_media,0.702854857822823
88,mortalidad_media,0.22705743657405997
88,entropia_grd,0.22705743657405997
88,comorbilidades_promedio,0.7699360670307057
88,tasa_cma,0.702854857822823
88,peso_medio_cma,0.4648634809225674
88,pct_pediatrico,0.1710194010513526
88,pct_geriatrico,0.22705743657405997
88,pct_femenino_fertil,0.3123113962382409
88,edad_mediana,0.06292639397845703
88,pct_urgencia,0.07194450929539714
88,pct_programada,0.36594085628400347
88,pct_obstetrica_ingreso,0.7659763178441006
88,pct_alta_domicilio,0.36594085628400347
88,pct_alta_fallecido,0.7348508724144018
88,pct_alta_traslado,0.702854857822823
88,pct_origen_emergencia,0.36594085628400347
88,pct_origen_referencia,0.03762864284768865
88,pct_uso_pabellon,0.4516827306549188
88,pabellones_promedio,0.22705743657405997
88,tasa_partos,0.34986539480733
88,tasa_prematurez,0.702854857822823
88,cv_estancia,0.7647875545997065
88,pct_estancia_larga,0.36594085628400347
89,egresos_por_anio,0.2899389481367066
89,estancia_media,0.9197458112161012
89,estancia_mediana,0.5165213133062022
89,peso_medio_grd,0.497846489378754
89,severidad_media,0.8562619501206191
89,mortalidad_media,0.6473517519831948
89,entropia_grd,0.6473517519831948
89,comorbilidades_promedio,0.31176054040284945
89,tasa_cma,0.15754095947616903
89,peso_medio_cma,0.9197458112161012
89,pct_pediatrico,0.12246128891726006
89,pct_geriatrico,0.1638040601693011
89,pct_femenino_fertil,0.14658886462073445
89,edad_mediana,0.1933680941051211
89,pct_urgencia,0.9197458112161012
89,pct_programada,0.12262332016180484
89,pct_obstetrica_ingreso,0.9197458112161012
89,pct_alta_domicilio,0.12246128891726006
89,pct_alta_fallecido,0.25718901030618324
89,pct_alta_traslado,0.25718901030618324
89,pct_origen_emergencia,0.12262332016180484
89,pct_origen_referencia,0.1933680941051211
89,pct_uso_pabellon,0.12262332016180484
89,pabellones_promedio,0.5165213133062022
89,tasa_partos,0.9197458112161012
89,tasa_prematurez,0.9197458112161012
89,cv_estancia,0.22224842585587928
89,pct_estancia_larga,0.8710360729106228
90,egresos_por_anio,0.6152203355010901
90,estancia_media,0.6865851415220416
90,estancia_mediana,0.5539396845971498
90,peso_medio_grd,0.0817130352128826
90,severidad_media,0.26080743501530596
90,mortalidad_media,0.6865851415220416
90,entropia_grd,0.7912907293039091
90,comorbilidades_promedio,0.8096400806138084
90,tasa_cma,0.5539396845971498
90,peso_medio_cma,0.6865851415220416
90,pct_pediatrico,0.1885110490892349
90,pct_geriatrico,0.26080743501530596
90,pct_femenino_fertil,0.7306372714514137
90,edad_mediana,0.1373407678339632
90,pct_urgencia,0.6865851415220416
90,pct_programada,0.6865851415220416
90,pct_obstetrica_ingreso,0.6630024878803384
90,pct_alta_domicilio,0.26080743501530596
90,pct_alta_fallecido,0.26080743501530596
90,pct_alta_traslado,0.4820888468901672
90,pct_origen_emergencia,0.6630024878803384
90,pct_origen_referencia,0.3369151063017671
90,pct_uso_pabellon,0.1885110490892349
90,pabellones_promedio,0.19658398308702177
90,tasa_partos,0.26080743501530596
90,tasa_prematurez,0.3369151063017671
90,cv_estancia,0.1885110490892349
90,pct_estancia_larga,0.26080743501530596
91,egresos_por_anio,0.5707389241179698
91,estancia_media,0.36309406479241096
91,estancia_mediana,0.5432779254177441
91,peso_medio_grd,0.014899033333497014
91,severidad_media,0.5707389241179698
91,mortalidad_media,0.6753499564297702
91,entropia_grd,0.05109386867495942
91,comorbilidades_promedio,0.9137145390240392
91,tasa_cma,0.2585603018299336
91,peso_medio_cma,0.8948950152369635
91,pct_pediatrico,0.13174739270266475
91,pct_geriatrico,0.028935651394194992
91,pct_femenino_fertil,0.411589265435366
91,edad_mediana,0.028935651394194992
91,pct_urgencia,0.63112569063432
91,pct_programada,0.8387030550345229
91,pct_obstetrica_ingreso,0.9806512280339577
91,pct_alta_domicilio,0.9137145390240392
91,pct_alta_fallecido,0.9806512280339577
91,pct_alta_traslado,0.33811577309523805
91,pct_origen_emergencia,0.6384674497738474
91,pct_origen_referencia,0.6753499564297702
91,pct_uso_pabellon,0.028935651394194992
91,pabellones_promedio,0.36309406479241096
91,tasa_partos,0.6753499564297702
91,tasa_prematurez,0.63112569063432
91,cv_estancia,0.63112569063432
91,pct_estancia_larga,0.6753499564297702
92,egresos_por_anio,0.15597829300789748
92,estancia_media,0.701810151363804
92,estancia_mediana,0.701810151363804
92,peso_medio_grd,0.5256325864869262
92,severidad_media,0.6255295574120319
92,mortalidad_media,0.767282080338187
92,entropia_grd,0.049901042013105
92,comorbilidades_promedio,0.7778718263167714
92,tasa_cma,0.6255295574120319
92,peso_medio_cma,0.14600197565019468
92,pct_pediatrico,0.06481818182023931
92,pct_geriatrico,0.5256325864869262
92,pct_femenino_fertil,0.01111606389524173
92,edad_mediana,0.015392703533637683
92,pct_urgencia,0.007293408553642926
92,pct_programada,0.7993231174714108
92,pct_obstetrica_ingreso,0.6261336862637354
92,pct_alta_domicilio,0.7973436282570593
92,pct_alta_fallecido,0.767282080338187
92,pct_alta_traslado,0.007293408553642926
92,pct_origen_emergencia,0.7778718263167714
92,pct_origen_referencia,0.6255295574120319
92,pct_uso_pabellon,0.7973436282570593
92,pabellones_promedio,0.5256325864869262
92,tasa_partos,0.050659084677211516
92,tasa_prematurez,0.7973436282570593
92,cv_estancia,0.7973436282570593
92,pct_estancia_larga,0.9806576622964464
93,egresos_por_anio,0.9041439982560023
93,estancia_media,0.6236463213207298
93,estancia_mediana,0.21741434760359207
93,peso_medio_grd,0.3043333609181955
93,severidad_media,0.8234676370410613
93,mortalidad_media,0.9078346511597327
93,entropia_grd,0.6992100847196535
93,comorbilidades_promedio,0.561076456378198
93,tasa_cma,0.9078346511597327
93,peso_medio_cma,0.8234676370410613
93,pct_pediatrico,0.11323068874467247
93,pct_geriatrico,0.11323068874467247
93,pct_femenino_fertil,0.6991381699050893
93,edad_mediana,0.21741434760359207
93,pct_urgencia,0.5455103596621488
93,pct_programada,0.9041439982560023
93,pct_obstetrica_ingreso,0.9041439982560023
93,pct_alta_domicilio,0.19950020512620148
93,pct_alta_fallecido,0.11323068874467247
93,pct_alta_traslado,0.025629036080288804
93,pct_origen_emergencia,0.11323068874467247
93,pct_origen_referencia,0.46415907012883995
93,pct_uso_pabellon,0.397815143332747
93,pabellones_promedio,0.9078346511597327
93,tasa_partos,0.8565228140907378
93,tasa_prematurez,0.7941085327838898
93,cv_estancia,0.5317250045437253
93,pct_estancia_larga,0.397815143332747
94,egresos_por_anio,0.7138999256526256
94,estancia_media,0.20366915912644143
94,estancia_mediana,0.09635191939871549
94,peso_medio_grd,0.9085574959390925
94,severidad_media,0.9085574959390925
94,mortalidad_media,0.7138999256526256
94,entropia_grd,0.7138999256526256
94,comorbilidades_promedio,0.7138999256526256
94,tasa_cma,0.7138999256526256
94,peso_medio_cma,0.3573610097145557
94,pct_pediatrico,0.06338644663109436
94,pct_geriatrico,0.05964760289429943
94,pct_femenino_fertil,0.7138999256526256
94,edad_mediana,0.06338644663109436
94,pct_urgencia,0.7138999256526256
94,pct_programada,0.4003044961821101
94,pct_obstetrica_ingreso,0.6147330285812572
94,pct_alta_domicilio,0.7138999256526256
94,pct_alta_fallecido,0.9085574959390925
94,pct_alta_traslado,0.7138999256526256
94,pct_origen_emergencia,0.7138999256526256
94,pct_origen_referencia,0.4229016965868244
94,pct_uso_pabellon,0.20366915912644143
94,pabellones_promedio,0.9089088758204402
94,tasa_partos,0.06338644663109436
94,tasa_prematurez,0.20366915912644143
94,cv_estancia,0.7138999256526256
94,pct_estancia_larga,0.06338644663109436
95,egresos_por_anio,0.4520978187201728
95,estancia_media,0.6005221212939449
95,estancia_mediana,0.328085961433115
95,peso_medio_grd,0.4667777958098505
95,severidad_media,0.6005221212939449
95,mortalidad_media,0.4888213045641325
95,entropia_grd,0.5752352442977743
95,comorbilidades_promedio,0.6345048822020588
95,tasa_cma,0.35071957434147566
95,peso_medio_cma,0.6005221212939449
95,pct_pediatrico,0.21368072297030338
95,pct_geriatrico,0.21498640552332063
95,pct_femenino_fertil,0.5040617003171869
95,edad_mediana,0.21368072297030338
95,pct_urgencia,0.21498640552332063
95,pct_programada,0.5504682268876482
95,pct_obstetrica_ingreso,0.29518211189808946
95,pct_alta_domicilio,0.6005221212939449
95,pct_alta_fallecido,0.866288235037866
95,pct_alta_traslado,0.6005221212939449
95,pct_origen_emergencia,0.656807676214855
95,pct_origen_referencia,0.21368072297030338
95,pct_uso_pabellon,0.6574950319916726
95,pabellones_promedio,0.8486582541661151
95,tasa_partos,0.8486582541661151
95,tasa_prematurez,0.9373165787922522
95,cv_estancia,0.21498640552332063
95,pct_estancia_larga,0.8953380182759206
96,egresos_por_anio,0.7315319398994128
96,estancia_media,0.611679513552931
96,estancia_mediana,0.38522859397742315
96,peso_medio_grd,0.26513240810423216
96,severidad_media,0.38522859397742315
96,mortalidad_media,0.52322018712845
96,entropia_grd,0.757040248871389
96,comorbilidades_promedio,0.8648418264379162
96,tasa_cma,0.12041832520866341
96,peso_medio_cma,0.7315319398994128
96,pct_pediatrico,0.12041832520866341
96,pct_geriatrico,0.12041832520866341
96,pct_femenino_fertil,0.52322018712845
96,edad_mediana,0.15626173530190837
96,pct_urgencia,0.6352271516377094
96,pct_programada,0.28369435218817907
96,pct_obstetrica_ingreso,0.3319834009746658
96,pct_alta_domicilio,0.38522859397742315
96,pct_alta_fallecido,0.9224612841064527
96,pct_alta_traslado,0.6352271516377094
96,pct_origen_emergencia,0.7315319398994128
96,pct_origen_referencia,0.3319834009746658
96,pct_uso_pabellon,0.26513240810423216
96,pabellones_promedio,0.12041832520866341
96,tasa_partos,0.7315319398994128
96,tasa_prematurez,0.6352271516377094
96,cv_estancia,0.4857649213412689
96,pct_estancia_larga,0.757040248871389
97,egresos_por_anio,0.9052162514374261
97,estancia_media,0.6118105175615886
97,estancia_mediana,0.6118105175615886
97,peso_medio_grd,0.6118105175615886
97,severidad_media,0.2951034196529101
97,mortalidad_media,0.4762210052015584
97,entropia_grd,0.7368192184219633
97,comorbilidades_promedio,0.562548113547142
97,tasa_cma,0.07172731979228683
97,peso_medio_cma,0.4852514631243345
97,pct_pediatrico,0.07172731979228683
97,pct_geriatrico,0.07172731979228683
97,pct_femenino_fertil,0.22404721772500877
97,edad_mediana,0.21766801563077845
97,pct_urgencia,0.8489210004324592
97,pct_programada,0.22404721772500877
97,pct_obstetrica_ingreso,0.4452059853537569
97,pct_alta_domicilio,0.8489210004324592
97,pct_alta_fallecido,0.2560351699652303
97,pct_alta_traslado,0.8489210004324592
97,pct_origen_emergencia,0.2560351699652303
97,pct_origen_referencia,0.4852514631243345
97,pct_uso_pabellon,0.8489210004324592
97,pabellones_promedio,0.3738636564486125
97,tasa_partos,0.6118105175615886
97,tasa_prematurez,0.8489210004324592
97,cv_estancia,0.2560351699652303
97,pct_estancia_larga,0.6774804926586174
98,egresos_por_anio,0.5705392090649791
98,estancia_media,0.81826992885539
98,estancia_mediana,0.8437603959947485
98,peso_medio_grd,0.6028160332675142
98,severidad_media,0.8499259248901506
98,mortalidad_media,0.9115471646578693
98,entropia_grd,0.8499259248901506
98,comorbilidades_promedio,0.8437603959947485
98,tasa_cma,0.0915975182301567
98,peso_medio_cma,0.70972062123237
98,pct_pediatrico,0.0915975182301567
98,pct_geriatrico,0.0755445043415815
98,pct_femenino_fertil,0.7852777261381721
98,edad_mediana,0.0915975182301567
98,pct_urgencia,0.1864311726578269
98,pct_programada,0.70972062123237
98,pct_obstetrica_ingreso,0.8499259248901506
98,pct_alta_domicilio,0.37370064184514207
98,pct_alta_fallecido,0.37370064184514207
98,pct_alta_traslado,0.9115471646578693
98,pct_origen_emergencia,0.9115471646578693
98,pct_origen_referencia,0.14439411618696982
98,pct_uso_pabellon,0.37370064184514207
98,pabellones_promedio,0.1864311726578269
98,tasa_partos,0.8794321752614028
98,tasa_prematurez,0.8437603959947485
98,cv_estancia,0.9563509166956697
98,pct_estancia_larga,0.0915975182301567
99,egresos_por_anio,0.8115771467255365
99,estancia_media,0.9819277483379363
99,estancia_mediana,0.3354772241213332
99,peso_medio_grd,0.24719345717906266
99,severidad_media,0.5375139212973595
99,mortalidad_media,0.9819277483379363
99,entropia_grd,0.41342598914442397
99,comorbilidades_promedio,0.2777125901409519
99,tasa_cma,0.8855565677223521
99,peso_medio_cma,0.3354772241213332
99,pct_pediatrico,0.2041850426918106
99,pct_geriatrico,0.3354772241213332
99,pct_femenino_fertil,0.5375139212973595
99,edad_mediana,0.2041850426918106
99,pct_urgencia,0.41767343009078545
99,pct_programada,0.24719345717906266
99,pct_obstetrica_ingreso,0.2041850426918106
99,pct_alta_domicilio,0.5018510015162249
99,pct_alta_fallecido,0.442794245519101
99,pct_alta_traslado,0.3354772241213332
99,pct_origen_emergencia,0.445686451472319
99,pct_origen_referencia,0.3354772241213332
99,pct_uso_pabellon,0.8862033414981844
99,pabellones_promedio,0.4092536101832432
99,tasa_partos,0.9906357043300326
99,tasa_prematurez,0.41767343009078545
99,cv_estancia,0.28570052466181345
99,pct_estancia_larga,0.39116167082870784
100,egresos_por_anio,0.5931051405338666
100,estancia_media,0.33304489432567835
100,estancia_mediana,0.5560560258386136
100,peso_medio_grd,0.9439792275227009
100,severidad_media,0.2420420728680917
100,mortalidad_media,0.4440015210953614
100,entropia_grd,0.20225366556229776
100,comorbilidades_promedio,0.7941605717755869
100,tasa_cma,0.23629123324692222
100,peso_medio_cma,0.3784673123911774
100,pct_pediatrico,0.0021350843051368084
100,pct_geriatrico,0.02695630903994041
100,pct_femenino_fertil,0.7941605717755869
100,edad_mediana,0.003871944922844471
100,pct_urgencia,0.8345962193035901
100,pct_programada,0.42477945985584764
100,pct_obstetrica_ingreso,0.9608494859353812
100,pct_alta_domicilio,0.962733129168007
100,pct_alta_fallecido,0.2420420728680917
100,pct_alta_traslado,0.4680211275198252
100,pct_origen_emergencia,0.9439792275227009
100,pct_origen_referencia,0.5931051405338666
100,pct_uso_pabellon,0.8345962193035901
100,pabellones_promedio,0.2420420728680917
100,tasa_partos,0.9439792275227009
100,tasa_prematurez,0.8345962193035901
100,cv_estancia,0.7941605717755869
100,pct_estancia_larga,0.9819099421691567
101,egresos_por_anio,0.5715390892366492
101,estancia_media,0.7888807059088223
101,estancia_mediana,0.41557297281841976
101,peso_medio_grd,0.0778893800034336
101,severidad_media,0.0778893800034336
101,mortalidad_media,0.8796926400780518
101,entropia_grd,0.5718785681270654
101,comorbilidades_promedio,0.41557297281841976
101,tasa_cma,0.2447987491680623
101,peso_medio_cma,0.608898363066849
101,pct_pediatrico,0.0778893800034336
101,pct_geriatrico,0.001026661378459123
101,pct_femenino_fertil,0.7888807059088223
101,edad_mediana,0.30320168855038565
101,pct_urgencia,0.4258142363810867
101,pct_programada,0.8796926400780518
101,pct_obstetrica_ingreso,0.6271914368552489
101,pct_alta_domicilio,0.18309311542323436
101,pct_alta_fallecido,0.0778893800034336
101,pct_alta_traslado,0.0778893800034336
101,pct_origen_emergencia,0.6014575992819537
101,pct_origen_referencia,0.0778893800034336
101,pct_uso_pabellon,0.0778893800034336
101,pabellones_promedio,0.5718785681270654
101,tasa_partos,0.2447987491680623
101,tasa_prematurez,0.6271914368552489
101,cv_estancia,0.04839820999876909
101,pct_estancia_larga,0.6130120475546136
102,egresos_por_anio,0.2749873292838858
102,estancia_media,0.3175836731334976
102,estancia_mediana,0.2749873292838858
102,peso_medio_grd,0.07987546397093803
102,severidad_media,0.5989330069498608
102,mortalidad_media,0.35110127167293254
102,entropia_grd,0.254290719112085
102,comorbilidades_promedio,0.5989330069498608
102,tasa_cma,0.2890569747841723
102,peso_medio_cma,0.2749873292838858
102,pct_pediatrico,0.130756003832062
102,pct_geriatrico,0.5989330069498608
102,pct_femenino_fertil,0.6830659310038883
102,edad_mediana,0.014740320674305057
102,pct_urgencia,0.2890569747841723
102,pct_programada,0.43428517890531965
102,pct_obstetrica_ingreso,0.3027363084060322
102,pct_alta_domicilio,0.38350109669248184
102,pct_alta_fallecido,0.02190406061844539
102,pct_alta_traslado,0.8999675268887183
102,pct_origen_emergencia,0.09733482197531389
102,pct_origen_referencia,0.3631073117850225
102,pct_uso_pabellon,0.5989330069498608
102,pabellones_promedio,0.25873600957158505
102,tasa_partos,0.25873600957158505
102,tasa_prematurez,0.1663996682042248
102,cv_estancia,0.254290719112085
102,pct_estancia_larga,0.2890569747841723
103,egresos_por_anio,0.3138547590130776
103,estancia_media,0.3984283152621203
103,estancia_mediana,0.04297213973600373
103,peso_medio_grd,0.40527315469474456
103,severidad_media,0.6147826723063249
103,mortalidad_media,0.27556505860431807
103,entropia_grd,0.06449213783158607
103,comorbilidades_promedio,0.0105083900497545
103,tasa_cma,0.03509288443318137
103,peso_medio_cma,0.7618918285685297
103,pct_pediatrico,0.019467173012935123
103,pct_geriatrico,0.04297213973600373
103,pct_femenino_fertil,0.5079261026460344
103,edad_mediana,0.026991200070128094
103,pct_urgencia,0.6919596495023791
103,pct_programada,0.3848128385907344
103,pct_obstetrica_ingreso,0.8702021940204284
103,pct_alta_domicilio,0.34249738338946795
103,pct_alta_fallecido,0.28748243025412334
103,pct_alta_traslado,0.5079261026460344
103,pct_origen_emergencia,0.5079261026460344
103,pct_origen_referencia,0.44026050040827414
103,pct_uso_pabellon,0.8764560592376707
103,pabellones_promedio,0.28748243025412334
103,tasa_partos,0.9260139777370915
103,tasa_prematurez,0.28748243025412334
103,cv_estancia,0.3848128385907344
103,pct_estancia_larga,0.5079261026460344
104,egresos_por_anio,0.9541185329850346
104,estancia_media,0.26801748271512843
104,estancia_mediana,0.9807449357241462
104,peso_medio_grd,0.7724358093784258
104,severidad_media,0.26801748271512843
104,mortalidad_media,0.16478174287012728
104,entropia_grd,0.883864506126426
104,comorbilidades_promedio,0.7724358093784258
104,tasa_cma,0.3816458163649008
104,peso_medio_cma,0.9103203135307435
104,pct_pediatrico,0.05616861215702461
104,pct_geriatrico,0.05616861215702461
104,pct_femenino_fertil,0.20198063294667376
104,edad_mediana,0.0821783519156093
104,pct_urgencia,0.09648069870567565
104,pct_programada,0.19504500433705135
104,pct_obstetrica_ingreso,0.6313208402312437
104,pct_alta_domicilio,0.7724358093784258
104,pct_alta_fallecido,0.0821783519156093
104,pct_alta_traslado,0.0949807242754847
104,pct_origen_emergencia,0.4355569016482699
104,pct_origen_referencia,0.04464980581597194
104,pct_uso_pabellon,0.26801748271512843
104,pabellones_promedio,0.7724358093784258
104,tasa_partos,0.7724358093784258
104,tasa_prematurez,0.006442774902734958
104,cv_estancia,0.8282558745090243
104,pct_estancia_larga,0.006574041942176812
105,egresos_por_anio,0.8638113443237202
105,estancia_media,0.1486361048943982
105,estancia_mediana,0.5962048890403782
105,peso_medio_grd,0.12683488187897737
105,severidad_media,0.856289976099705
105,mortalidad_media,0.37296941306497955
105,entropia_grd,0.6403390090361922
105,comorbilidades_promedio,0.8303799349216546
105,tasa_cma,0.2239920898081372
105,peso_medio_cma,0.5154188577295848
105,pct_pediatrico,0.1296396245828993
105,pct_geriatrico,0.1296396245828993
105,pct_femenino_fertil,0.8217382251332103
105,edad_mediana,0.8638113443237202
105,pct_urgencia,0.12131657933353414
105,pct_programada,0.12131657933353414
105,pct_obstetrica_ingreso,0.12131657933353414
105,pct_alta_domicilio,0.8163300624165011
105,pct_alta_fallecido,0.12694713553197193
105,pct_alta_traslado,0.1554903217132563
105,pct_origen_emergencia,0.25405174619584686
105,pct_origen_referencia,0.5154188577295848
105,pct_uso_pabellon,0.08410686555221307
105,pabellones_promedio,0.3582595990498987
105,tasa_partos,0.22082430892281452
105,tasa_prematurez,0.5063748716226892
105,cv_estancia,0.5063748716226892
105,pct_estancia_larga,0.9868885552214156
106,egresos_por_anio,0.1516265206029313
106,estancia_media,0.37031368066252607
106,estancia_mediana,0.8338399168968335
106,peso_medio_grd,0.1516265206029313
106,severidad_media,0.655851623688892
106,mortalidad_media,0.32407011211795217
106,entropia_grd,0.7327876665733906
106,comorbilidades_promedio,0.41925239995069735
106,tasa_cma,0.04460387580688119
106,peso_medio_cma,0.33580795207561315
106,pct_pediatrico,0.04460387580688119
106,pct_geriatrico,0.04460387580688119
106,pct_femenino_fertil,0.2550477571081936
106,edad_mediana,0.33580795207561315
106,pct_urgencia,0.1516265206029313
106,pct_programada,0.003188396234172588
106,pct_obstetrica_ingreso,0.6875817597138576
106,pct_alta_domicilio,0.02116631938614843
106,pct_alta_fallecido,0.15953494727465115
106,pct_alta_traslado,0.1350232540400265
106,pct_origen_emergencia,0.0448548445697419
106,pct_origen_referencia,0.10185212060715598
106,pct_uso_pabellon,0.09692971008226912
106,pabellones_promedio,0.1516265206029313
106,tasa_partos,0.4844805963220733
106,tasa_prematurez,0.04460387580688119
106,cv_estancia,0.1516265206029313
106,pct_estancia_larga,0.04460387580688119
107,egresos_por_anio,0.910201001329745
107,estancia_media,0.8218219414003104
107,estancia_mediana,0.8218219414003104
107,peso_medio_grd,0.47702967188822126
107,severidad_media,0.8218219414003104
107,mortalidad_media,0.602657338344421
107,entropia_grd,0.602657338344421
107,comorbilidades_promedio,0.8218219414003104
107,tasa_cma,0.4341665539999352
107,peso_medio_cma,0.7166276509908862
107,pct_pediatrico,0.02456999679590094
107,pct_geriatrico,0.05780959819487545
107,pct_femenino_fertil,0.46209755213857434
107,edad_mediana,0.02456999679590094
107,pct_urgencia,0.602657338344421
107,pct_programada,0.2292071907125997
107,pct_obstetrica_ingreso,0.02456999679590094
107,pct_alta_domicilio,0.8218219414003104
107,pct_alta_fallecido,0.0058455049007357564
107,pct_alta_traslado,0.29541973011934763
107,pct_origen_emergencia,0.8218219414003104
107,pct_origen_referencia,0.46209755213857434
107,pct_uso_pabellon,0.7166276509908862
107,pabellones_promedio,0.8218219414003104
107,tasa_partos,0.4746959818402818
107,tasa_prematurez,0.7166276509908862
107,cv_estancia,0.602657338344421
107,pct_estancia_larga,0.6796761714596137
108,egresos_por_anio,0.03161042041220972
108,estancia_media,0.15406179927181976
108,estancia_mediana,0.0954198523093055
108,peso_medio_grd,0.47667521046890526
108,severidad_media,0.9611536174825825
108,mortalidad_media,0.9611536174825825
108,entropia_grd,0.08266623568949205
108,comorbilidades_promedio,0.5370193774769478
108,tasa_cma,0.13850081320113905
108,peso_medio_cma,0.765245774976106
108,pct_pediatrico,0.08266623568949205
108,pct_geriatrico,0.7623016337872595
108,pct_femenino_fertil,0.057664946659449885
108,edad_mediana,0.03161042041220972
108,pct_urgencia,0.22847977901444078
108,pct_programada,0.22847977901444078
108,pct_obstetrica_ingreso,0.011674784821460088
108,pct_alta_domicilio,0.22847977901444078
108,pct_alta_fallecido,0.011674784821460088
108,pct_alta_traslado,0.4467160252993855
108,pct_origen_emergencia,0.13850081320113905
108,pct_origen_referencia,0.6831107827239399
108,pct_uso_pabellon,0.03161042041220972
108,pabellones_promedio,0.9611536174825825
108,tasa_partos,0.2689248638442745
108,tasa_prematurez,0.30731011797922403
108,cv_estancia,0.7965182927755367
108,pct_estancia_larga,0.024219712169973626
109,egresos_por_anio,0.4983072990627206
109,estancia_media,0.18547788204196758
109,estancia_mediana,0.8326772032110472
109,peso_medio_grd,0.8420110776148405
109,severidad_media,0.32803258336426183
109,mortalidad_media,0.5370286031565626
109,entropia_grd,0.8326772032110472
109,comorbilidades_promedio,0.18547788204196758
109,tasa_cma,0.4502840186647598
109,peso_medio_cma,0.6320674127394943
109,pct_pediatrico,0.12088766598011177
109,pct_geriatrico,0.5952382513408178
109,pct_femenino_fertil,0.12088766598011177
109,edad_mediana,0.18547788204196758
109,pct_urgencia,0.8326772032110472
109,pct_programada,0.5952382513408178
109,pct_obstetrica_ingreso,0.27131590394522703
109,pct_alta_domicilio,0.4502840186647598
109,pct_alta_fallecido,0.12088766598011177
109,pct_alta_traslado,0.2797806735342577
109,pct_origen_emergencia,0.8326772032110472
109,pct_origen_referencia,0.4502840186647598
109,pct_uso_pabellon,0.5259747293099583
109,pabellones_promedio,0.1421048116639546
109,tasa_partos,0.6538417242621805
109,tasa_prematurez,0.24596223525890326
109,cv_estancia,0.4502840186647598
109,pct_estancia_larga,0.141486114627242
110,egresos_por_anio,0.35991071663253577
110,estancia_media,0.4510422566457848
110,estancia_mediana,0.35991071663253577
110,peso_medio_grd,0.35991071663253577
110,severidad_media,0.6550930725076881
110,mortalidad_media,0.9040416385565354
110,entropia_grd,0.5469373511888279
110,comorbilidades_promedio,0.05854075776149778
110,tasa_cma,0.5141163297858186
110,peso_medio_cma,0.8797290751200224
110,pct_pediatrico,0.0010944794666664765
110,pct_geriatrico,0.5583856166836855
110,pct_femenino_fertil,0.05854075776149778
110,edad_mediana,0.009803997718110488
110,pct_urgencia,0.35991071663253577
110,pct_programada,0.7385433556403079
110,pct_obstetrica_ingreso,0.05854075776149778
110,pct_alta_domicilio,0.7025922954767113
110,pct_alta_fallecido,0.8617602796867853
110,pct_alta_traslado,0.07411045051143986
110,pct_origen_emergencia,0.8797290751200224
110,pct_origen_referencia,0.35991071663253577
110,pct_uso_pabellon,0.8617602796867853
110,pabellones_promedio,0.8617602796867853
110,tasa_partos,0.5141163297858186
110,tasa_prematurez,0.5141163297858186
110,cv_estancia,0.2089151754989735
110,pct_estancia_larga,0.5469373511888279
111,egresos_por_anio,0.6035076834785853
111,estancia_media,0.40011297055179806
111,estancia_mediana,0.13123214878271208
111,peso_medio_grd,0.6035076834785853
111,severidad_media,0.13123214878271208
111,mortalidad_media,0.6035076834785853
111,entropia_grd,0.9607138353341694
111,comorbilidades_promedio,0.8662518576449217
111,tasa_cma,0.026714262609494964
111,peso_medio_cma,0.8191199280126887
111,pct_pediatrico,0.13123214878271208
111,pct_geriatrico,0.869919538687963
111,pct_femenino_fertil,0.9443583347122788
111,edad_mediana,0.13123214878271208
111,pct_urgencia,0.40011297055179806
111,pct_programada,0.1579528408490964
111,pct_obstetrica_ingreso,0.40011297055179806
111,pct_alta_domicilio,0.664486879163272
111,pct_alta_fallecido,0.40011297055179806
111,pct_alta_traslado,0.40011297055179806
111,pct_origen_emergencia,0.9473373884349131
111,pct_origen_referencia,0.664486879163272
111,pct_uso_pabellon,0.6335915116875611
111,pabellones_promedio,0.8662518576449217
111,tasa_partos,0.9607138353341694
111,tasa_prematurez,0.40011297055179806
111,cv_estancia,0.869919538687963
111,pct_estancia_larga,0.9353203816000731
112,egresos_por_anio,0.9696076193921079
112,estancia_media,0.7664897792328782
112,estancia_mediana,0.9696076193921079
112,peso_medio_grd,0.6499259739382717
112,severidad_media,0.9696076193921079
112,mortalidad_media,0.7664897792328782
112,entropia_grd,0.16046033590155095
112,comorbilidades_promedio,0.16046033590155095
112,tasa_cma,0.7194533054617392
112,peso_medio_cma,0.9696076193921079
112,pct_pediatrico,0.14619734697731315
112,pct_geriatrico,0.16046033590155095
112,pct_femenino_fertil,0.9696076193921079
112,edad_mediana,0.16046033590155095
112,pct_urgencia,0.16046033590155095
112,pct_programada,0.9696076193921079
112,pct_obstetrica_ingreso,0.16046033590155095
112,pct_alta_domicilio,0.21293592291963698
112,pct_alta_fallecido,0.7194533054617392
112,pct_alta_traslado,0.9696076193921079
112,pct_origen_emergencia,0.7664897792328782
112,pct_origen_referencia,0.9696076193921079
112,pct_uso_pabellon,0.3722040622359417
112,pabellones_promedio,0.9184605436910838
112,tasa_partos,0.9184605436910838
112,tasa_prematurez,0.9276212800298443
112,cv_estancia,0.16046033590155095
112,pct_estancia_larga,0.9696076193921079
113,egresos_por_anio,0.558738896696503
113,estancia_media,0.4411381080826113
113,estancia_mediana,0.6773098975786193
113,peso_medio_grd,0.24789331989023355
113,severidad_media,0.4687802379148954
113,mortalidad_media,0.558738896696503
113,entropia_grd,0.6508582442906486
113,comorbilidades_promedio,0.5491101028452537
113,tasa_cma,0.426006679156273
113,peso_medio_cma,0.5814399193835487
113,pct_pediatrico,0.24789331989023355
113,pct_geriatrico,0.32077808767249255
113,pct_femenino_fertil,0.26712843123541224
113,edad_mediana,0.26712843123541224
113,pct_urgencia,0.26712843123541224
113,pct_programada,0.4947576363641539
113,pct_obstetrica_ingreso,0.426006679156273
113,pct_alta_domicilio,0.4411381080826113
113,pct_alta_fallecido,0.558738896696503
113,pct_alta_traslado,0.32077808767249255
113,pct_origen_emergencia,0.4411381080826113
113,pct_origen_referencia,0.26712843123541224
113,pct_uso_pabellon,0.26335428928262755
113,pabellones_promedio,0.5109895639967609
113,tasa_partos,0.8490620214945236
113,tasa_prematurez,0.24789331989023355
113,cv_estancia,0.32077808767249255
113,pct_estancia_larga,0.7388200069828228
114,egresos_por_anio,0.9075760749084196
114,estancia_media,0.5239572972062162
114,estancia_mediana,0.7251971259387561
114,peso_medio_grd,0.3228770308483787
114,severidad_media,0.6086311538392347
114,mortalidad_media,0.3228770308483787
114,entropia_grd,0.7251971259387561
114,comorbilidades_promedio,0.6291813575918492
114,tasa_cma,0.017292610674371947
114,peso_medio_cma,0.7812342949242076
114,pct_pediatrico,0.2552028449661687
114,pct_geriatrico,0.2552028449661687
114,pct_femenino_fertil,0.2552028449661687
114,edad_mediana,0.05001335416660451
114,pct_urgencia,0.7505430058804986
114,pct_programada,0.9075760749084196
114,pct_obstetrica_ingreso,0.7505430058804986
114,pct_alta_domicilio,0.9075760749084196
114,pct_alta_fallecido,0.6149843535169678
114,pct_alta_traslado,0.2552028449661687
114,pct_origen_emergencia,0.2552028449661687
114,pct_origen_referencia,0.7812342949242076
114,pct_uso_pabellon,0.3228770308483787
114,pabellones_promedio,0.7505430058804986
114,tasa_partos,0.8610005378707112
114,tasa_prematurez,0.3228770308483787
114,cv_estancia,0.3228770308483787
114,pct_estancia_larga,0.5239572972062162
115,egresos_por_anio,0.8873170214564223
115,estancia_media,0.9459959409368739
115,estancia_mediana,0.5410965030024729
115,peso_medio_grd,0.5267838397165919
115,severidad_media,0.5732167708855566
115,mortalidad_media,0.5410965030024729
115,entropia_grd,0.10924260293530988
115,comorbilidades_promedio,0.4213690270451088
115,tasa_cma,0.5759577164653179
115,peso_medio_cma,0.5732167708855566
115,pct_pediatrico,0.10924260293530988
115,pct_geriatrico,0.20614716060765245
115,pct_femenino_fertil,0.5410965030024729
115,edad_mediana,0.20614716060765245
115,pct_urgencia,0.9459959409368739
115,pct_programada,0.5410965030024729
115,pct_obstetrica_ingreso,0.7785434396379722
115,pct_alta_domicilio,0.10924260293530988
115,pct_alta_fallecido,0.20614716060765245
115,pct_alta_traslado,0.9459959409368739
115,pct_origen_emergencia,0.9459959409368739
115,pct_origen_referencia,0.5410965030024729
115,pct_uso_pabellon,0.4213690270451088
115,pabellones_promedio,0.9459959409368739
115,tasa_partos,0.7785434396379722
115,tasa_prematurez,0.7785434396379722
115,cv_estancia,0.9262278563996058
115,pct_estancia_larga,0.6726438408575441
116,egresos_por_anio,0.6640988759371809
116,estancia_media,0.5509921448316678
116,estancia_mediana,0.8810711615419452
116,peso_medio_grd,0.32012544469643783
116,severidad_media,0.8316781549852313
116,mortalidad_media,0.6640988759371809
116,entropia_grd,0.012936037114194776
116,comorbilidades_promedio,0.05153143861609336
116,tasa_cma,0.8289350572685455
116,peso_medio_cma,0.9212795388292773
116,pct_pediatrico,0.00025241676601989643
116,pct_geriatrico,0.12583981793902133
116,pct_femenino_fertil,0.00034067291238414364
116,edad_mediana,0.07778169521158915
116,pct_urgencia,0.005305970414614164
116,pct_programada,0.05098134381880593
116,pct_obstetrica_ingreso,0.5707197155439236
116,pct_alta_domicilio,0.033791033916515584
116,pct_alta_fallecido,0.0007771797699250763
116,pct_alta_traslado,0.00998146426868799
116,pct_origen_emergencia,0.09948928894209452
116,pct_origen_referencia,0.19473547713434622
116,pct_uso_pabellon,0.32012544469643783
116,pabellones_promedio,0.5072401164231475
116,tasa_partos,0.06359310944093743
116,tasa_prematurez,0.9681357472564747
116,cv_estancia,0.385908696342067
116,pct_estancia_larga,0.38661191297442393
117,egresos_por_anio,0.175291943819909
117,estancia_media,0.9766874972610333
117,estancia_mediana,0.08593541599850824
117,peso_medio_grd,0.20086676682385782
117,severidad_media,0.7861793384828504
117,mortalidad_media,0.08593541599850824
117,entropia_grd,0.7861793384828504
117,comorbilidades_promedio,0.4088503864699989
117,tasa_cma,0.7741489569948093
117,peso_medio_cma,0.6210629122302712
117,pct_pediatrico,0.019470692474988355
117,pct_geriatrico,0.08593541599850824
117,pct_femenino_fertil,0.35064513222182453
117,edad_mediana,0.0016208981137003657
117,pct_urgencia,0.06100863898708366
117,pct_programada,0.7180583454372984
117,pct_obstetrica_ingreso,0.4730307902607057
117,pct_alta_domicilio,0.35064513222182453
117,pct_alta_fallecido,0.20086676682385782
117,pct_alta_traslado,0.35064513222182453
117,pct_origen_emergencia,0.08593541599850824
117,pct_origen_referencia,0.5058917990073293
117,pct_uso_pabellon,0.5009175235267052
117,pabellones_promedio,0.501275386615561
117,tasa_partos,0.9766874972610333
117,tasa_prematurez,0.4730307902607057
117,cv_estancia,0.0011586094114725246
117,pct_estancia_larga,0.7861793384828504
118,egresos_por_anio,0.4660780360010629
118,estancia_media,0.3748693443604338
118,estancia_mediana,0.15718020861815102
118,peso_medio_grd,0.3748693443604338
118,severidad_media,0.6777901271207512
118,mortalidad_media,0.06319400643947273
118,entropia_grd,0.5126958109508629
118,comorbilidades_promedio,0.15718020861815102
118,tasa_cma,0.49595513321193496
118,peso_medio_cma,0.5126958109508629
118,pct_pediatrico,0.08307135518655732
118,pct_geriatrico,0.026637758525501553
118,pct_femenino_fertil,0.47309152713328534
118,edad_mediana,0.3748693443604338
118,pct_urgencia,0.15718020861815102
118,pct_programada,0.5481722284920607
118,pct_obstetrica_ingreso,0.6777901271207512
118,pct_alta_domicilio,0.3748693443604338
118,pct_alta_fallecido,0.026637758525501553
118,pct_alta_traslado,0.7376066434841733
118,pct_origen_emergencia,0.33495363500019626
118,pct_origen_referencia,0.7232109119510985
118,pct_uso_pabellon,0.026637758525501553
118,pabellones_promedio,0.6819954621008135
118,tasa_partos,0.6777901271207512
118,tasa_prematurez,0.7951391253175774
118,cv_estancia,0.026637758525501553
118,pct_estancia_larga,0.6777901271207512
119,egresos_por_anio,0.5108046062781392
119,estancia_media,0.5108046062781392
119,estancia_mediana,0.231072573454874
119,peso_medio_grd,0.04549365625237582
119,severidad_media,0.9197753306784433
119,mortalidad_media,0.06908495070168219
119,entropia_grd,0.06908495070168219
119,comorbilidades_promedio,0.6816620417465322
119,tasa_cma,0.11497736161866373
119,peso_medio_cma,0.7273904989616656
119,pct_pediatrico,0.00721464995134966
119,pct_geriatrico,0.7273904989616656
119,pct_femenino_fertil,0.5233235859424697
119,edad_mediana,0.2615396307847288
119,pct_urgencia,0.1769579600666505
119,pct_programada,0.11497736161866373
119,pct_obstetrica_ingreso,0.8512365065503285
119,pct_alta_domicilio,0.24820488914915606
119,pct_alta_fallecido,0.6816620417465322
119,pct_alta_traslado,0.07703575113694848
119,pct_origen_emergencia,0.5108046062781392
119,pct_origen_referencia,0.7273904989616656
119,pct_uso_pabellon,0.00721464995134966
119,pabellones_promedio,0.07703575113694848
119,tasa_partos,0.5108046062781392
119,tasa_prematurez,0.6790318940523384
119,cv_estancia,0.48395453038041897
119,pct_estancia_larga,0.5108046062781392
120,egresos_por_anio,0.6569621917022871
120,estancia_media,0.4165033233805078
120,estancia_mediana,0.7623793774432915
120,peso_medio_grd,0.4165033233805078
120,severidad_media,0.9919274061685585
120,mortalidad_media,0.4360485993881174
120,entropia_grd,0.7301601872670448
120,comorbilidades_promedio,0.37983149040271796
120,tasa_cma,0.4360485993881174
120,peso_medio_cma,0.3875115601200388
120,pct_pediatrico,0.03334248635186848
120,pct_geriatrico,0.03334248635186848
120,pct_femenino_fertil,0.37983149040271796
120,edad_mediana,0.2550408241873735
120,pct_urgencia,0.2550408241873735
120,pct_programada,0.688252902125396
120,pct_obstetrica_ingreso,0.5136461258620815
120,pct_alta_domicilio,0.4165033233805078
120,pct_alta_fallecido,0.31426479798666157
120,pct_alta_traslado,0.31426479798666157
120,pct_origen_emergencia,0.4360485993881174
120,pct_origen_referencia,0.5113335139840439
120,pct_uso_pabellon,0.7222137241359315
120,pabellones_promedio,0.37983149040271796
120,tasa_partos,0.03334248635186848
120,tasa_prematurez,0.6584378721439496
120,cv_estancia,0.37983149040271796
120,pct_estancia_larga,0.6584378721439496
121,egresos_por_anio,0.9246995126917141
121,estancia_media,0.7490493040981565
121,estancia_mediana,0.8126590887664803
121,peso_medio_grd,0.6034463727564211
121,severidad_media,0.44396213188301004
121,mortalidad_media,0.302942393571969
121,entropia_grd,0.8126590887664803
121,comorbilidades_promedio,0.11811122207832585
121,tasa_cma,0.4474711520562391
121,peso_medio_cma,0.8126590887664803
121,pct_pediatrico,0.11811122207832585
121,pct_geriatrico,0.20638968346065675
121,pct_femenino_fertil,0.44396213188301004
121,edad_mediana,0.015502135430172629
121,pct_urgencia,0.45156320203723876
121,pct_programada,0.20638968346065675
121,pct_obstetrica_ingreso,0.6950503324091027
121,pct_alta_domicilio,0.9828871019238157
121,pct_alta_fallecido,0.20638968346065675
121,pct_alta_traslado,0.609107662367825
121,pct_origen_emergencia,0.6623021466050097
121,pct_origen_referencia,0.6271193223801969
121,pct_uso_pabellon,0.6271193223801969
121,pabellones_promedio,0.44396213188301004
121,tasa_partos,0.19176459787241285
121,tasa_prematurez,0.7490493040981565
121,cv_estancia,0.6271193223801969
121,pct_estancia_larga,0.44396213188301004
122,egresos_por_anio,0.9508157374524543
122,estancia_media,0.9508157374524543
122,estancia_mediana,0.5546994409335291
122,peso_medio_grd,0.17068774099605438
122,severidad_media,0.5546994409335291
122,mortalidad_media,0.5546994409335291
122,entropia_grd,0.9508157374524543
122,comorbilidades_promedio,0.5546994409335291
122,tasa_cma,0.6613602771645618
122,peso_medio_cma,0.18233009961587682
122,pct_pediatrico,0.14965183448838806
122,pct_geriatrico,0.17669792352897065
122,pct_femenino_fertil,0.882819799091395
122,edad_mediana,0.18233009961587682
122,pct_urgencia,0.33296206068229106
122,pct_programada,0.21340720183660541
122,pct_obstetrica_ingreso,0.18233009961587682
122,pct_alta_domicilio,0.47635976290864085
122,pct_alta_fallecido,0.17669792352897065
122,pct_alta_traslado,0.5546994409335291
122,pct_origen_emergencia,0.3044763478273834
122,pct_origen_referencia,0.9508157374524543
122,pct_uso_pabellon,0.1398823742433188
122,pabellones_promedio,0.9508157374524543
122,tasa_partos,0.18233009961587682
122,tasa_prematurez,0.9508157374524543
122,cv_estancia,0.9508157374524543
122,pct_estancia_larga,0.17669792352897065
123,egresos_por_anio,0.23128724222183367
123,estancia_media,0.49330725901634753
123,estancia_mediana,0.37803430860833476
123,peso_medio_grd,0.49330725901634753
123,severidad_media,0.034528278641517966
123,mortalidad_media,0.23128724222183367
123,entropia_grd,0.7318768670755167
123,comorbilidades_promedio,0.7318768670755167
123,tasa_cma,0.9286761063297236
123,peso_medio_cma,0.5813204866422537
123,pct_pediatrico,0.12006405759947783
123,pct_geriatrico,0.021785544995913963
123,pct_femenino_fertil,0.6696416672366151
123,edad_mediana,0.15337898927367297
123,pct_urgencia,0.3120197291382635
123,pct_programada,0.12006405759947783
123,pct_obstetrica_ingreso,0.08558716323249568
123,pct_alta_domicilio,0.23128724222183367
123,pct_alta_fallecido,0.021785544995913963
123,pct_alta_traslado,0.07540368626469789
123,pct_origen_emergencia,0.49330725901634753
123,pct_origen_referencia,0.07540368626469789
123,pct_uso_pabellon,0.10306327300546664
123,pabellones_promedio,0.23128724222183367
123,tasa_partos,0.8953343953826884
123,tasa_prematurez,0.23128724222183367
123,cv_estancia,0.5813204866422537
123,pct_estancia_larga,0.6696416672366151
124,egresos_por_anio,0.628635605789939
124,estancia_media,0.4299210343237997
124,estancia_mediana,0.44860637525721325
124,peso_medio_grd,0.3889366183074411
124,severidad_media,0.6925895033815137
124,mortalidad_media,0.6417323424295159
124,entropia_grd,0.44860637525721325
124,comorbilidades_promedio,0.3166617335255234
124,tasa_cma,0.3166617335255234
124,peso_medio_cma,0.35168858856364454
124,pct_pediatrico,0.05011529651788627
124,pct_geriatrico,0.3597373818997709
124,pct_femenino_fertil,0.9501925722207256
124,edad_mediana,0.10576956513980969
124,pct_urgencia,0.9501925722207256
124,pct_programada,0.10576956513980969
124,pct_obstetrica_ingreso,0.6162578782923569
124,pct_alta_domicilio,0.9624791741819695
124,pct_alta_fallecido,0.7146941277776381
124,pct_alta_traslado,0.4824381107288905
124,pct_origen_emergencia,0.7185901351216637
124,pct_origen_referencia,0.7146941277776381
124,pct_uso_pabellon,0.12558243126273888
124,pabellones_promedio,0.9624791741819695
124,tasa_partos,0.3166617335255234
124,tasa_prematurez,0.35168858856364454
124,cv_estancia,0.9501925722207256
124,pct_estancia_larga,0.35168858856364454
125,egresos_por_anio,0.9996862834582231
125,estancia_media,0.1462743076967798
125,estancia_mediana,0.7663279504732674
125,peso_medio_grd,0.1462743076967798
125,severidad_media,0.28928328836089884
125,mortalidad_media,0.7663279504732674
125,entropia_grd,0.6265973943477756
125,comorbilidades_promedio,0.653869030223799
125,tasa_cma,0.7192501550585233
125,peso_medio_cma,0.45323620220542604
125,pct_pediatrico,0.08968892346587305
125,pct_geriatrico,0.015745953203399415
125,pct_femenino_fertil,0.45323620220542604
125,edad_mediana,0.1462743076967798
125,pct_urgencia,0.1800749070518499
125,pct_programada,0.9432514619937082
125,pct_obstetrica_ingreso,0.1462743076967798
125,pct_alta_domicilio,0.45323620220542604
125,pct_alta_fallecido,0.8629255977976247
125,pct_alta_traslado,0.3874040250403383
125,pct_origen_emergencia,0.29389406172536275
125,pct_origen_referencia,0.7192501550585233
125,pct_uso_pabellon,0.16641411768730952
125,pabellones_promedio,0.8629255977976247
125,tasa_partos,0.1462743076967798
125,tasa_prematurez,0.28928328836089884
125,cv_estancia,0.1462743076967798
125,pct_estancia_larga,0.28928328836089884
126,egresos_por_anio,0.6352477265684702
126,estancia_media,0.4108613274139164
126,estancia_mediana,0.20954948200382228
126,peso_medio_grd,0.08864341364149095
126,severidad_media,0.23718341543849908
126,mortalidad_media,0.5485323651913627
126,entropia_grd,0.6276226439863963
126,comorbilidades_promedio,0.20954948200382228
126,tasa_cma,0.8492533154614713
126,peso_medio_cma,0.20844349561472753
126,pct_pediatrico,0.006778182745146056
126,pct_geriatrico,0.018299043471470867
126,pct_femenino_fertil,0.5644190474136856
126,edad_mediana,0.23718341543849908
126,pct_urgencia,0.0576910062053906
126,pct_programada,0.9135001320663431
126,pct_obstetrica_ingreso,0.014430829809452964
126,pct_alta_domicilio,0.31236302358882956
126,pct_alta_fallecido,0.8825749412143443
126,pct_alta_traslado,0.6276226439863963
126,pct_origen_emergencia,0.4101987336862996
126,pct_origen_referencia,0.07970854882300231
126,pct_uso_pabellon,0.0007894808191018101
126,pabellones_promedio,0.23721300934072992
126,tasa_partos,0.012083322318106963
126,tasa_prematurez,0.7354367611180562
126,cv_estancia,0.006778182745146056
126,pct_estancia_larga,0.7747166773409627
127,egresos_por_anio,0.7623963519604267
127,estancia_media,0.40530596893552484
127,estancia_mediana,0.08170775552729947
127,peso_medio_grd,0.017663367985539864
127,severidad_media,0.40530596893552484
127,mortalidad_media,0.1973480724594433
127,entropia_grd,0.3742500049570518
127,comorbilidades_promedio,0.47442367640853994
127,tasa_cma,0.01651295600530284
127,peso_medio_cma,0.2564283245428169
127,pct_pediatrico,0.11173559343111295
127,pct_geriatrico,0.021485248200931933
127,pct_femenino_fertil,0.3742500049570518
127,edad_mediana,0.0886263234094378
127,pct_urgencia,0.1133368016919096
127,pct_programada,0.03463842391811611
127,pct_obstetrica_ingreso,0.09544547037733062
127,pct_alta_domicilio,0.596778732902753
127,pct_alta_fallecido,0.2444535608727351
127,pct_alta_traslado,0.8965416517753874
127,pct_origen_emergencia,0.2564283245428169
127,pct_origen_referencia,0.19275844800343875
127,pct_uso_pabellon,0.3538438131796848
127,pabellones_promedio,0.5870136585431849
127,tasa_partos,0.9590149281561192
127,tasa_prematurez,0.2444535608727351
127,cv_estancia,0.6377057696335683
127,pct_estancia_larga,0.9419986930328372
128,egresos_por_anio,0.8943960190415539
128,estancia_media,0.8603415233995738
128,estancia_mediana,0.23164183712994832
128,peso_medio_grd,0.8788496537469146
128,severidad_media,0.9288549617251058
128,mortalidad_media,0.0831701039299954
128,entropia_grd,0.6603451620741941
128,comorbilidades_promedio,0.5648894783934646
128,tasa_cma,0.7950548058552941
128,peso_medio_cma,0.9288549617251058
128,pct_pediatrico,0.02661586571872369
128,pct_geriatrico,5.193906691823194e-05
128,pct_femenino_fertil,0.0831701039299954
128,edad_mediana,0.24844441161829164
128,pct_urgencia,0.4143483912950064
128,pct_programada,0.9288549617251058
128,pct_obstetrica_ingreso,0.9288549617251058
128,pct_alta_domicilio,0.9288549617251058
128,pct_alta_fallecido,0.4143483912950064
128,pct_alta_traslado,0.07659295440071279
128,pct_origen_emergencia,0.07804728455388393
128,pct_origen_referencia,0.1883541147461379
128,pct_uso_pabellon,0.1281399764159539
128,pabellones_promedio,0.3360795614852067
128,tasa_partos,0.4703335786368504
128,tasa_prematurez,0.02661586571872369
128,cv_estancia,0.5648894783934646
128,pct_estancia_larga,0.00294710389407654
129,egresos_por_anio,0.8398591821265473
129,estancia_media,0.9907958809150151
129,estancia_mediana,0.9702264047566821
129,peso_medio_grd,0.9702264047566821
129,severidad_media,0.8357259038124647
129,mortalidad_media,0.6992169901885473
129,entropia_grd,0.09581752821055944
129,comorbilidades_promedio,0.7333352093915532
129,tasa_cma,0.7333352093915532
129,peso_medio_cma,0.9702264047566821
129,pct_pediatrico,0.12673865507691032
129,pct_geriatrico,0.9702264047566821
129,pct_femenino_fertil,0.11323392481227784
129,edad_mediana,0.09581752821055944
129,pct_urgencia,0.0701085469113089
129,pct_programada,0.9702264047566821
129,pct_obstetrica_ingreso,0.8357259038124647
129,pct_alta_domicilio,0.7333352093915532
129,pct_alta_fallecido,0.03788742431148658
129,pct_alta_traslado,0.03788742431148658
129,pct_origen_emergencia,0.9702264047566821
129,pct_origen_referencia,0.8357259038124647
129,pct_uso_pabellon,0.9702264047566821
129,pabellones_promedio,0.8357259038124647
129,tasa_partos,0.8357259038124647
129,tasa_prematurez,0.09581752821055944
129,cv_estancia,0.8357259038124647
129,pct_estancia_larga,0.9702264047566821
130,egresos_por_anio,0.3629900930090508
130,estancia_media,0.269911203662325
130,estancia_mediana,0.014969087529516345
130,peso_medio_grd,0.07452901146402854
130,severidad_media,0.7826669649427777
130,mortalidad_media,0.9072418599772861
130,entropia_grd,0.16725398279790646
130,comorbilidades_promedio,0.9641119305239708
130,tasa_cma,0.9641119305239708
130,peso_medio_cma,0.34206165889588036
130,pct_pediatrico,0.14217997201154767
130,pct_geriatrico,0.901301985302423
130,pct_femenino_fertil,0.49205673890448426
130,edad_mediana,0.19699547671806455
130,pct_urgencia,0.21558625743300827
130,pct_programada,0.14217997201154767
130,pct_obstetrica_ingreso,0.901301985302423
130,pct_alta_domicilio,0.3580505135180588
130,pct_alta_fallecido,0.19699547671806455
130,pct_alta_traslado,0.23135275550399564
130,pct_origen_emergencia,0.901301985302423
130,pct_origen_referencia,0.9641119305239708
130,pct_uso_pabellon,0.19316581041473146
130,pabellones_promedio,0.901301985302423
130,tasa_partos,0.19699547671806455
130,tasa_prematurez,0.3629900930090508
130,cv_estancia,0.3629900930090508
130,pct_estancia_larga,0.23135275550399564
131,egresos_por_anio,0.9735084504201488
131,estancia_media,0.5917149362604854
131,estancia_mediana,0.5917149362604854
131,peso_medio_grd,0.9735084504201488
131,severidad_media,0.5917149362604854
131,mortalidad_media,0.5917149362604854
131,entropia_grd,0.9735084504201488
131,comorbilidades_promedio,0.5917149362604854
131,tasa_cma,0.19568050168295903
131,peso_medio_cma,0.5917149362604854
131,pct_pediatrico,0.19268630770801393
131,pct_geriatrico,0.750575299536136
131,pct_femenino_fertil,0.6651728449321399
131,edad_mediana,0.07660168910986832
131,pct_urgencia,0.5125943600539771
131,pct_programada,0.1593225369388732
131,pct_obstetrica_ingreso,0.5917149362604854
131,pct_alta_domicilio,0.5917149362604854
131,pct_alta_fallecido,0.9735084504201488
131,pct_alta_traslado,0.7163192490610863
131,pct_origen_emergencia,0.07660168910986832
131,pct_origen_referencia,0.1735509345882302
131,pct_uso_pabellon,0.5917149362604854
131,pabellones_promedio,0.5917149362604854
131,tasa_partos,0.5917149362604854
131,tasa_prematurez,0.7163192490610863
131,cv_estancia,0.9735084504201488
131,pct_estancia_larga,0.33306529881526353
132,egresos_por_anio,0.3134854639100293
132,estancia_media,0.8945562845860224
132,estancia_mediana,0.7034224338262787
132,peso_medio_grd,0.4786661772251168
132,severidad_media,0.6218930210209195
132,mortalidad_media,0.4963811117475123
132,entropia_grd,0.7406444099653956
132,comorbilidades_promedio,0.686232726669482
132,tasa_cma,0.17941586205356222
132,peso_medio_cma,0.3134854639100293
132,pct_pediatrico,0.05773134185263745
132,pct_geriatrico,0.05773134185263745
132,pct_femenino_fertil,0.6218930210209195
132,edad_mediana,0.05773134185263745
132,pct_urgencia,0.045614066514459636
132,pct_programada,0.05773134185263745
132,pct_obstetrica_ingreso,0.7406444099653956
132,pct_alta_domicilio,0.38330214949183766
132,pct_alta_fallecido,0.7034224338262787
132,pct_alta_traslado,0.7406444099653956
132,pct_origen_emergencia,0.686232726669482
132,pct_origen_referencia,0.7406444099653956
132,pct_uso_pabellon,0.686232726669482
132,pabellones_promedio,0.25103384646496724
132,tasa_partos,0.686232726669482
132,tasa_prematurez,0.3134854639100293
132,cv_estancia,0.686232726669482
132,pct_estancia_larga,0.686232726669482
133,egresos_por_anio,0.6773829602509428
133,estancia_media,0.23235606539809722
133,estancia_mediana,0.8168979920482226
133,peso_medio_grd,0.01109422145293592
133,severidad_media,0.8846068998522943
133,mortalidad_media,0.2133192350570631
133,entropia_grd,0.9926378748532305
133,comorbilidades_promedio,0.7825645642593746
133,tasa_cma,0.34433425553996544
133,peso_medio_cma,0.6111399560672883
133,pct_pediatrico,0.172258219242034
133,pct_geriatrico,0.172258219242034
133,pct_femenino_fertil,0.4449673889569315
133,edad_mediana,0.172258219242034
133,pct_urgencia,0.2905773851104263
133,pct_programada,0.7825645642593746
133,pct_obstetrica_ingreso,0.6549447980530564
133,pct_alta_domicilio,0.24493503781472337
133,pct_alta_fallecido,0.4449673889569315
133,pct_alta_traslado,0.46033789135988695
133,pct_origen_emergencia,0.172258219242034
133,pct_origen_referencia,0.6773829602509428
133,pct_uso_pabellon,0.5136224398852715
133,pabellones_promedio,0.8846068998522943
133,tasa_partos,0.47506689155005793
133,tasa_prematurez,0.8846068998522943
133,cv_estancia,0.019793345822446066
133,pct_estancia_larga,0.2133192350570631
134,egresos_por_anio,0.5374451118899951
134,estancia_media,0.15635640141542473
134,estancia_mediana,0.3399927031934295
134,peso_medio_grd,0.3399927031934295
134,severidad_media,0.8267889324879256
134,mortalidad_media,0.9781244223149026
134,entropia_grd,0.15635640141542473
134,comorbilidades_promedio,0.9781244223149026
134,tasa_cma,0.3399927031934295
134,peso_medio_cma,0.3399927031934295
134,pct_pediatrico,0.15635640141542473
134,pct_geriatrico,0.3399927031934295
134,pct_femenino_fertil,0.8267889324879256
134,edad_mediana,0.015819006909671984
134,pct_urgencia,0.1875235365394074
134,pct_programada,0.9781244223149026
134,pct_obstetrica_ingreso,0.5374451118899951
134,pct_alta_domicilio,0.9781244223149026
134,pct_alta_fallecido,0.5374451118899951
134,pct_alta_traslado,0.9121620207163318
134,pct_origen_emergencia,0.46860306377842714
134,pct_origen_referencia,0.9781244223149026
134,pct_uso_pabellon,0.5374451118899951
134,pabellones_promedio,0.4955522372111207
134,tasa_partos,0.15635640141542473
134,tasa_prematurez,0.8969761900268539
134,cv_estancia,0.9781244223149026
134,pct_estancia_larga,0.5414165126514701
135,egresos_por_anio,0.8636888969078426
135,estancia_media,0.7860094259896296
135,estancia_mediana,0.16178542053752565
135,peso_medio_grd,0.8636888969078426
135,severidad_media,0.2826679792162397
135,mortalidad_media,0.23173310478648942
135,entropia_grd,0.8754268277646406
135,comorbilidades_promedio,0.9114422883134792
135,tasa_cma,0.16178542053752565
135,peso_medio_cma,0.8636888969078426
135,pct_pediatrico,0.0659268258239613
135,pct_geriatrico,0.1306802711593813
135,pct_femenino_fertil,0.9114422883134792
135,edad_mediana,0.0659268258239613
135,pct_urgencia,0.22246542821719342
135,pct_programada,0.9114422883134792
135,pct_obstetrica_ingreso,0.23173310478648942
135,pct_alta_domicilio,0.8636888969078426
135,pct_alta_fallecido,0.22246542821719342
135,pct_alta_traslado,0.7538785463391525
135,pct_origen_emergencia,0.8636888969078426
135,pct_origen_referencia,0.16178542053752565
135,pct_uso_pabellon,0.2826679792162397
135,pabellones_promedio,0.9114422883134792
135,tasa_partos,0.1306802711593813
135,tasa_prematurez,0.9114422883134792
135,cv_estancia,0.7860094259896296
135,pct_estancia_larga,0.8636888969078426
136,egresos_por_anio,0.13491223576671244
136,estancia_media,0.1304858119713548
136,estancia_mediana,0.4473167340722391
136,peso_medio_grd,0.3641394904681693
136,severidad_media,0.31540804215776264
136,mortalidad_media,0.31540804215776264
136,entropia_grd,0.3969398101112575
136,comorbilidades_promedio,0.9006908530350546
136,tasa_cma,0.619499970211264
136,peso_medio_cma,0.8553629354222285
136,pct_pediatrico,0.05637256914828579
136,pct_geriatrico,0.31540804215776264
136,pct_femenino_fertil,0.04105952541655823
136,edad_mediana,0.31540804215776264
136,pct_urgencia,0.7657782845023361
136,pct_programada,0.04140619152656775
136,pct_obstetrica_ingreso,0.19649519999428977
136,pct_alta_domicilio,0.13520102238757586
136,pct_alta_fallecido,0.1304858119713548
136,pct_alta_traslado,0.3641394904681693
136,pct_origen_emergencia,0.014743740407931367
136,pct_origen_referencia,0.16121813753885178
136,pct_uso_pabellon,0.1304858119713548
136,pabellones_promedio,0.19649519999428977
136,tasa_partos,0.9006908530350546
136,tasa_prematurez,0.8553629354222285
136,cv_estancia,0.9006908530350546
136,pct_estancia_larga,0.29659050362787376
137,egresos_por_anio,0.5213504430127764
137,estancia_media,0.7359800987622345
137,estancia_mediana,0.7359800987622345
137,peso_medio_grd,0.05098067794370855
137,severidad_media,0.5964599098962502
137,mortalidad_media,0.9581868226069715
137,entropia_grd,0.11856048890667295
137,comorbilidades_promedio,0.7316881594637805
137,tasa_cma,0.03872933503452153
137,peso_medio_cma,0.7359800987622345
137,pct_pediatrico,0.02379881570998701
137,pct_geriatrico,0.38936069481217433
137,pct_femenino_fertil,0.9581868226069715
137,edad_mediana,0.011590927338497217
137,pct_urgencia,0.1920189228158733
137,pct_programada,0.8966280594661125
137,pct_obstetrica_ingreso,0.6318027077728124
137,pct_alta_domicilio,0.8966280594661125
137,pct_alta_fallecido,0.21187376580815875
137,pct_alta_traslado,0.5213504430127764
137,pct_origen_emergencia,0.5213504430127764
137,pct_origen_referencia,0.02379881570998701
137,pct_uso_pabellon,0.008306497051445668
137,pabellones_promedio,0.7359800987622345
137,tasa_partos,0.10010398743940649
137,tasa_prematurez,0.3195290809852264
137,cv_estancia,0.5213504430127764
137,pct_estancia_larga,0.7775423482858058
138,egresos_por_anio,0.5932128534763599
138,estancia_media,0.19091194855140114
138,estancia_mediana,0.773654894501914
138,peso_medio_grd,0.6179629229471284
138,severidad_media,0.9353777438075671
138,mortalidad_media,0.865008004208807
138,entropia_grd,0.5268133136044523
138,comorbilidades_promedio,0.11745761669568097
138,tasa_cma,0.3816139503038316
138,peso_medio_cma,0.865008004208807
138,pct_pediatrico,0.11745761669568097
138,pct_geriatrico,0.0022022377026742345
138,pct_femenino_fertil,0.11745761669568097
138,edad_mediana,0.09245734117087658
138,pct_urgencia,0.6770685396589051
138,pct_programada,0.6572210136447305
138,pct_obstetrica_ingreso,0.6572210136447305
138,pct_alta_domicilio,0.5268133136044523
138,pct_alta_fallecido,0.22206587686655105
138,pct_alta_traslado,0.8902730387696478
138,pct_origen_emergencia,0.865008004208807
138,pct_origen_referencia,0.865008004208807
138,pct_uso_pabellon,0.3816139503038316
138,pabellones_promedio,0.5346823048636222
138,tasa_partos,0.12585395647908523
138,tasa_prematurez,0.8902730387696478
138,cv_estancia,0.865008004208807
138,pct_estancia_larga,0.865008004208807
139,egresos_por_anio,0.9032426334465689
139,estancia_media,0.849910514128778
139,estancia_mediana,0.46328213825228826
139,peso_medio_grd,0.2545501935313413
139,severidad_media,0.46243750985114196
139,mortalidad_media,0.7026360086552311
139,entropia_grd,0.06095998671079667
139,comorbilidades_promedio,0.8623529071237475
139,tasa_cma,0.46243750985114196
139,peso_medio_cma,0.8623529071237475
139,pct_pediatrico,0.07350017002319045
139,pct_geriatrico,0.057886869776969045
139,pct_femenino_fertil,0.299772041388503
139,edad_mediana,0.057886869776969045
139,pct_urgencia,0.46243750985114196
139,pct_programada,0.43661645777814073
139,pct_obstetrica_ingreso,0.5068487274036642
139,pct_alta_domicilio,0.7026360086552311
139,pct_alta_fallecido,0.849910514128778
139,pct_alta_traslado,0.8623529071237475
139,pct_origen_emergencia,0.849910514128778
139,pct_origen_referencia,0.057886869776969045
139,pct_uso_pabellon,0.2690799607013643
139,pabellones_promedio,0.46243750985114196
139,tasa_partos,0.849910514128778
139,tasa_prematurez,0.5068487274036642
139,cv_estancia,0.46243750985114196
139,pct_estancia_larga,0.7026360086552311
140,egresos_por_anio,0.49932416237111055
140,estancia_media,0.19391212802392094
140,estancia_mediana,0.561324919980744
140,peso_medio_grd,0.5034592388871355
140,severidad_media,0.49932416237111055
140,mortalidad_media,0.9017027389063617
140,entropia_grd,0.9017027389063617
140,comorbilidades_promedio,0.17237778469302706
140,tasa_cma,0.17237778469302706
140,peso_medio_cma,0.566162387663083
140,pct_pediatrico,0.010155502345692692
140,pct_geriatrico,0.17237778469302706
140,pct_femenino_fertil,0.5034592388871355
140,edad_mediana,0.561324919980744
140,pct_urgencia,0.17237778469302706
140,pct_programada,0.5034592388871355
140,pct_obstetrica_ingreso,0.561324919980744
140,pct_alta_domicilio,0.561324919980744
140,pct_alta_fallecido,0.7600736015168157
140,pct_alta_traslado,0.5474102857351194
140,pct_origen_emergencia,0.9017027389063617
140,pct_origen_referencia,0.5239067153595172
140,pct_uso_pabellon,0.7894239032923465
140,pabellones_promedio,0.17237778469302706
140,tasa_partos,0.19391212802392094
140,tasa_prematurez,0.2449973785674381
140,cv_estancia,0.49932416237111055
140,pct_estancia_larga,0.5917196647675761
141,egresos_por_anio,0.7815525554657904
141,estancia_media,0.4640765181802507
141,estancia_mediana,0.9901618181809378
141,peso_medio_grd,0.785853450706786
141,severidad_media,0.21998963303184335
141,mortalidad_media,0.19412740877304496
141,entropia_grd,0.9901618181809378
141,comorbilidades_promedio,0.23715292171484287
141,tasa_cma,0.7272635744928158
141,peso_medio_cma,0.9030328134796776
141,pct_pediatrico,0.14221949525185928
141,pct_geriatrico,0.9251884571603589
141,pct_femenino_fertil,0.12076927178008276
141,edad_mediana,0.10549469297862622
141,pct_urgencia,0.02921301491797477
141,pct_programada,0.9901618181809378
141,pct_obstetrica_ingreso,0.3142822319805498
141,pct_alta_domicilio,0.9251884571603589
141,pct_alta_fallecido,0.09441345212126566
141,pct_alta_traslado,0.7480743628687063
141,pct_origen_emergencia,0.8515158370460285
141,pct_origen_referencia,0.9901618181809378
141,pct_uso_pabellon,0.7508197969539661
141,pabellones_promedio,0.19412740877304496
141,tasa_partos,0.14221949525185928
141,tasa_prematurez,0.8515158370460285
141,cv_estancia,0.9901618181809378
141,pct_estancia_larga,0.27188545694141575
142,egresos_por_anio,0.25178020895042225
142,estancia_media,0.24930144976306812
142,estancia_mediana,0.6514045964808725
142,peso_medio_grd,0.053270453464229685
142,severidad_media,0.6514045964808725
142,mortalidad_media,0.6514045964808725
142,entropia_grd,0.8480511886353513
142,comorbilidades_promedio,0.6514045964808725
142,tasa_cma,0.25178020895042225
142,peso_medio_cma,0.25178020895042225
142,pct_pediatrico,0.014412476734069339
142,pct_geriatrico,0.6514045964808725
142,pct_femenino_fertil,0.8480511886353513
142,edad_mediana,0.053270453464229685
142,pct_urgencia,0.8480511886353513
142,pct_programada,0.3466006213823911
142,pct_obstetrica_ingreso,0.01973938129767588
142,pct_alta_domicilio,0.25178020895042225
142,pct_alta_fallecido,0.6514045964808725
142,pct_alta_traslado,0.8480511886353513
142,pct_origen_emergencia,0.6514045964808725
142,pct_origen_referencia,0.6514045964808725
142,pct_uso_pabellon,0.9030477814880185
142,pabellones_promedio,0.9030477814880185
142,tasa_partos,0.6307738048324902
142,tasa_prematurez,0.6514045964808725
142,cv_estancia,0.6514045964808725
142,pct_estancia_larga,0.29627021982566154
143,egresos_por_anio,0.839419603613051
143,estancia_media,0.8715361724748327
143,estancia_mediana,0.8715361724748327
143,peso_medio_grd,0.6220681322856728
143,severidad_media,0.3593728691799865
143,mortalidad_media,0.8330073533168056
143,entropia_grd,0.9092344794187887
143,comorbilidades_promedio,0.7359475608184896
143,tasa_cma,0.12138725584930805
143,peso_medio_cma,0.5447088829172162
143,pct_pediatrico,0.15255566891247105
143,pct_geriatrico,0.12138725584930805
143,pct_femenino_fertil,0.8936254024283864
143,edad_mediana,0.12138725584930805
143,pct_urgencia,0.15255566891247105
143,pct_programada,0.8936254024283864
143,pct_obstetrica_ingreso,0.6815119887488216
143,pct_alta_domicilio,0.6815119887488216
143,pct_alta_fallecido,0.8731492625092805
143,pct_alta_traslado,0.8731492625092805
143,pct_origen_emergencia,0.811098068959758
143,pct_origen_referencia,0.3820690658502641
143,pct_uso_pabellon,0.13918286725558468
143,pabellones_promedio,0.9870943039117341
143,tasa_partos,0.15464595831847294
143,tasa_prematurez,0.6876882199786941
143,cv_estancia,0.6876882199786941
143,pct_estancia_larga,0.7359475608184896
144,egresos_por_anio,0.7765158018236266
144,estancia_media,0.7126000894471214
144,estancia_mediana,0.40890022015896826
144,peso_medio_grd,0.5086717086314783
144,severidad_media,0.8685515668582071
144,mortalidad_media,0.8685515668582071
144,entropia_grd,0.7765158018236266
144,comorbilidades_promedio,0.9399260172050778
144,tasa_cma,0.40890022015896826
144,peso_medio_cma,0.40890022015896826
144,pct_pediatrico,0.07334561668749642
144,pct_geriatrico,0.028030051938802533
144,pct_femenino_fertil,0.40890022015896826
144,edad_mediana,0.08500459643288316
144,pct_urgencia,0.6059159265148789
144,pct_programada,0.5086717086314783
144,pct_obstetrica_ingreso,0.7765158018236266
144,pct_alta_domicilio,0.8818412996066702
144,pct_alta_fallecido,0.4654041749748718
144,pct_alta_traslado,0.3072495964088235
144,pct_origen_emergencia,0.40890022015896826
144,pct_origen_referencia,0.5921154741182791
144,pct_uso_pabellon,0.40890022015896826
144,pabellones_promedio,0.5921154741182791
144,tasa_partos,0.7765158018236266
144,tasa_prematurez,0.40890022015896826
144,cv_estancia,0.7765158018236266
144,pct_estancia_larga,0.6059159265148789
145,egresos_por_anio,0.9153780151785951
145,estancia_media,0.844385158458936
145,estancia_mediana,0.7739091116381758
145,peso_medio_grd,0.8782903021609505
145,severidad_media,0.631693188926765
145,mortalidad_media,0.8782903021609505
145,entropia_grd,0.8782903021609505
145,comorbilidades_promedio,0.5107133320793683
145,tasa_cma,0.7739091116381758
145,peso_medio_cma,0.7739091116381758
145,pct_pediatrico,0.09222356074430445
145,pct_geriatrico,0.09222356074430445
145,pct_femenino_fertil,0.16438127654033277
145,edad_mediana,0.38136139046342415
145,pct_urgencia,0.16438127654033277
145,pct_programada,0.49024882047879004
145,pct_obstetrica_ingreso,0.9656923647283261
145,pct_alta_domicilio,0.27402347533081545
145,pct_alta_fallecido,0.7739091116381758
145,pct_alta_traslado,0.09222356074430445
145,pct_origen_emergencia,0.21886034525713383
145,pct_origen_referencia,0.7739091116381758
145,pct_uso_pabellon,0.5128808201345744
145,pabellones_promedio,0.21886034525713383
145,tasa_partos,0.844385158458936
145,tasa_prematurez,0.09222356074430445
145,cv_estancia,0.5599699312631042
145,pct_estancia_larga,0.9656923647283261
146,egresos_por_anio,0.9179736935063051
146,estancia_media,0.4459214758117758
146,estancia_mediana,0.9073755797360065
146,peso_medio_grd,0.09109896631337193
146,severidad_media,0.06940503234667414
146,mortalidad_media,0.9179736935063051
146,entropia_grd,0.910590382755462
146,comorbilidades_promedio,0.4459214758117758
146,tasa_cma,0.5436760431531255
146,peso_medio_cma,0.7816238992375503
146,pct_pediatrico,0.06940503234667414
146,pct_geriatrico,0.06185599206658354
146,pct_femenino_fertil,0.0038899565378235864
146,edad_mediana,0.4220025699557618
146,pct_urgencia,0.4220025699557618
146,pct_programada,0.4459214758117758
146,pct_obstetrica_ingreso,0.9179736935063051
146,pct_alta_domicilio,0.4459214758117758
146,pct_alta_fallecido,0.44229670006842603
146,pct_alta_traslado,0.5852279491449089
146,pct_origen_emergencia,0.4459214758117758
146,pct_origen_referencia,0.5524842125675797
146,pct_uso_pabellon,0.08739021212494646
146,pabellones_promedio,0.7816238992375503
146,tasa_partos,0.9938523569848232
146,tasa_prematurez,0.4459214758117758
146,cv_estancia,0.7724356607982488
146,pct_estancia_larga,0.9179736935063051
147,egresos_por_anio,0.8229937383582104
147,estancia_media,0.35502340891367035
147,estancia_mediana,0.8299567965254954
147,peso_medio_grd,0.026165798557194496
147,severidad_media,0.46555772213186464
147,mortalidad_media,0.5081533465540897
147,entropia_grd,0.18475056437645482
147,comorbilidades_promedio,0.9179359046650848
147,tasa_cma,0.19961285757415195
147,peso_medio_cma,0.6106650333028969
147,pct_pediatrico,0.18475056437645482
147,pct_geriatrico,0.7161034647504347
147,pct_femenino_fertil,0.9495683415630116
147,edad_mediana,0.19961285757415195
147,pct_urgencia,0.7251742846457577
147,pct_programada,0.6167497995068341
147,pct_obstetrica_ingreso,0.9495683415630116
147,pct_alta_domicilio,0.5081533465540897
147,pct_alta_fallecido,0.007043055175605652
147,pct_alta_traslado,0.2836188626911261
147,pct_origen_emergencia,0.8299567965254954
147,pct_origen_referencia,0.5623530898122555
147,pct_uso_pabellon,0.9179359046650848
147,pabellones_promedio,0.7251742846457577
147,tasa_partos,0.5623530898122555
147,tasa_prematurez,0.5797079116586141
147,cv_estancia,0.9179359046650848
147,pct_estancia_larga,0.7251742846457577
148,egresos_por_anio,0.9985870111710633
148,estancia_media,0.9985870111710633
148,estancia_mediana,0.13853710848070877
148,peso_medio_grd,0.024729660939498476
148,severidad_media,0.7945705701716941
148,mortalidad_media,0.6748571002405531
148,entropia_grd,0.15662812477710591
148,comorbilidades_promedio,0.6748571002405531
148,tasa_cma,0.7646654299479371
148,peso_medio_cma,0.7427415496342048
148,pct_pediatrico,0.0327878494197769
148,pct_geriatrico,0.48772360853562585
148,pct_femenino_fertil,0.16257175907640387
148,edad_mediana,0.13853710848070877
148,pct_urgencia,0.9985870111710633
148,pct_programada,0.6748571002405531
148,pct_obstetrica_ingreso,0.31384601908352955
148,pct_alta_domicilio,0.9985870111710633
148,pct_alta_fallecido,0.15662812477710591
148,pct_alta_traslado,0.7744448487978672
148,pct_origen_emergencia,0.7945705701716941
148,pct_origen_referencia,0.9985870111710633
148,pct_uso_pabellon,0.3624034273773518
148,pabellones_promedio,0.7744448487978672
148,tasa_partos,0.6680058860442019
148,tasa_prematurez,0.8436900417756547
148,cv_estancia,0.9985870111710633
148,pct_estancia_larga,0.5533582143180951
149,egresos_por_anio,0.3404061073992302
149,estancia_media,0.7204085963640215
149,estancia_mediana,0.7603600076771896
149,peso_medio_grd,0.40903672058346924
149,severidad_media,0.41882167056622993
149,mortalidad_media,0.3404061073992302
149,entropia_grd,0.14685489863202447
149,comorbilidades_promedio,0.879146095525443
149,tasa_cma,0.14685489863202447
149,peso_medio_cma,0.6298817719850606
149,pct_pediatrico,0.14685489863202447
149,pct_geriatrico,0.6298817719850606
149,pct_femenino_fertil,0.7603600076771896
149,edad_mediana,0.14685489863202447
149,pct_urgencia,0.6298817719850606
149,pct_programada,0.14685489863202447
149,pct_obstetrica_ingreso,0.9869676862595821
149,pct_alta_domicilio,0.40903672058346924
149,pct_alta_fallecido,0.879146095525443
149,pct_alta_traslado,0.40903672058346924
149,pct_origen_emergencia,0.41882167056622993
149,pct_origen_referencia,0.6518879777090605
149,pct_uso_pabellon,0.7603600076771896
149,pabellones_promedio,0.7204085963640215
149,tasa_partos,0.5886153188636649
149,tasa_prematurez,0.5886153188636649
149,cv_estancia,0.7603600076771896
149,pct_estancia_larga,0.4185798884388436
150,egresos_por_anio,0.25088764637955346
150,estancia_media,0.5009666342678988
150,estancia_mediana,0.594049762389745
150,peso_medio_grd,0.12485170251989099
150,severidad_media,0.12485170251989099
150,mortalidad_media,0.29750030884201206
150,entropia_grd,0.0856404124224779
150,comorbilidades_promedio,0.6724115226781332
150,tasa_cma,0.0856404124224779
150,peso_medio_cma,0.5009666342678988
150,pct_pediatrico,0.12485170251989099
150,pct_geriatrico,0.09631705112300752
150,pct_femenino_fertil,0.9887983173782406
150,edad_mediana,0.40038601805283786
150,pct_urgencia,0.29750030884201206
150,pct_programada,0.6728802208403103
150,pct_obstetrica_ingreso,0.5009666342678988
150,pct_alta_domicilio,0.1804073610320105
150,pct_alta_fallecido,0.6627356301151529
150,pct_alta_traslado,0.6724115226781332
150,pct_origen_emergencia,0.6724115226781332
150,pct_origen_referencia,0.6190614710734923
150,pct_uso_pabellon,0.12485170251989099
150,pabellones_promedio,0.9887983173782406
150,tasa_partos,0.594049762389745
150,tasa_prematurez,0.6724115226781332
150,cv_estancia,0.6724115226781332
150,pct_estancia_larga,0.9888503000045276
151,egresos_por_anio,0.9223761729921556
151,estancia_media,0.9223761729921556
151,estancia_mediana,0.022695765107416978
151,peso_medio_grd,0.7111135224586589
151,severidad_media,0.9223761729921556
151,mortalidad_media,0.9223761729921556
151,entropia_grd,0.5844648945387365
151,comorbilidades_promedio,0.9223761729921556
151,tasa_cma,0.45687098488350314
151,peso_medio_cma,0.45687098488350314
151,pct_pediatrico,0.309819910722735
151,pct_geriatrico,0.5841688130316953
151,pct_femenino_fertil,0.9223761729921556
151,edad_mediana,0.022695765107416978
151,pct_urgencia,0.9223761729921556
151,pct_programada,0.9223761729921556
151,pct_obstetrica_ingreso,0.587343911815685
151,pct_alta_domicilio,0.45687098488350314
151,pct_alta_fallecido,0.45687098488350314
151,pct_alta_traslado,0.48087244007564134
151,pct_origen_emergencia,0.45687098488350314
151,pct_origen_referencia,0.45687098488350314
151,pct_uso_pabellon,0.36155951923411594
151,pabellones_promedio,0.5844648945387365
151,tasa_partos,0.45687098488350314
151,tasa_prematurez,0.587343911815685
151,cv_estancia,0.45687098488350314
151,pct_estancia_larga,0.9223761729921556
152,egresos_por_anio,0.6832265682805809
152,estancia_media,0.7806930742712754
152,estancia_mediana,0.38738790707385856
152,peso_medio_grd,0.9599034349313947
152,severidad_media,0.7806930742712754
152,mortalidad_media,0.14005077966323276
152,entropia_grd,0.5300036025555777
152,comorbilidades_promedio,0.14005077966323276
152,tasa_cma,0.7529396060838716
152,peso_medio_cma,0.38738790707385856
152,pct_pediatrico,0.05789615988390705
152,pct_geriatrico,0.5300036025555777
152,pct_femenino_fertil,0.5300036025555777
152,edad_mediana,0.05789615988390705
152,pct_urgencia,0.05081874533975419
152,pct_programada,0.9599034349313947
152,pct_obstetrica_ingreso,0.9460122963173936
152,pct_alta_domicilio,0.6018004516578641
152,pct_alta_fallecido,0.07529157114799089
152,pct_alta_traslado,0.9223807154862759
152,pct_origen_emergencia,0.9599034349313947
152,pct_origen_referencia,0.004112093039159161
152,pct_uso_pabellon,0.27131623948352235
152,pabellones_promedio,0.7529396060838716
152,tasa_partos,0.9599034349313947
152,tasa_prematurez,0.39125249395502465
152,cv_estancia,0.7806930742712754
152,pct_estancia_larga,0.5300036025555777
153,egresos_por_anio,0.8795415666374272
153,estancia_media,0.4750517486282168
153,estancia_mediana,0.5679626797046858
153,peso_medio_grd,0.7139343563623123
153,severidad_media,0.5961040063834322
153,mortalidad_media,0.5679626797046858
153,entropia_grd,0.5961040063834322
153,comorbilidades_promedio,0.5961040063834322
153,tasa_cma,0.9906515010376514
153,peso_medio_cma,0.5699648876400277
153,pct_pediatrico,0.22465222956139233
153,pct_geriatrico,0.5961040063834322
153,pct_femenino_fertil,0.9499828222116018
153,edad_mediana,0.06749099898021933
153,pct_urgencia,0.5961040063834322
153,pct_programada,0.7822648001289839
153,pct_obstetrica_ingreso,0.5961040063834322
153,pct_alta_domicilio,0.4750517486282168
153,pct_alta_fallecido,0.22465222956139233
153,pct_alta_traslado,0.4750517486282168
153,pct_origen_emergencia,0.5961040063834322
153,pct_origen_referencia,0.5961040063834322
153,pct_uso_pabellon,0.4750517486282168
153,pabellones_promedio,0.5679626797046858
153,tasa_partos,0.4750517486282168
153,tasa_prematurez,0.5679626797046858
153,cv_estancia,0.4750517486282168
153,pct_estancia_larga,0.8795415666374272
154,egresos_por_anio,0.8163679894363983
154,estancia_media,0.5721910529496577
154,estancia_mediana,0.48977634875395115
154,peso_medio_grd,0.24542970270015804
154,severidad_media,0.8904251126274102
154,mortalidad_media,0.49720162877204493
154,entropia_grd,0.24542970270015804
154,comorbilidades_promedio,0.8163679894363983
154,tasa_cma,0.8245305567850915
154,peso_medio_cma,0.34135914393769895
154,pct_pediatrico,0.09577416342691358
154,pct_geriatrico,0.14605523273990095
154,pct_femenino_fertil,0.24542970270015804
154,edad_mediana,0.11181265849414107
154,pct_urgencia,0.5721910529496577
154,pct_programada,0.5721910529496577
154,pct_obstetrica_ingreso,0.8245305567850915
154,pct_alta_domicilio,0.5721910529496577
154,pct_alta_fallecido,0.34135914393769895
154,pct_alta_traslado,0.8245305567850915
154,pct_origen_emergencia,0.7041380541070662
154,pct_origen_referencia,0.11181265849414107
154,pct_uso_pabellon,0.824316817149121
154,pabellones_promedio,0.14605523273990095
154,tasa_partos,0.14605523273990095
154,tasa_prematurez,0.8904251126274102
154,cv_estancia,0.8245305567850915
154,pct_estancia_larga,0.8245305567850915
155,egresos_por_anio,0.2583106955409091
155,estancia_media,0.9030246504343472
155,estancia_mediana,0.09884735165899138
155,peso_medio_grd,0.9808096787532561
155,severidad_media,0.09884735165899138
155,mortalidad_media,0.2583106955409091
155,entropia_grd,0.41617254067071235
155,comorbilidades_promedio,0.8177735517999886
155,tasa_cma,0.2490214467280548
155,peso_medio_cma,0.27589787823308637
155,pct_pediatrico,0.09884735165899138
155,pct_geriatrico,0.49452421369957206
155,pct_femenino_fertil,0.34284839909698467
155,edad_mediana,0.056503947564116634
155,pct_urgencia,0.4537352706834461
155,pct_programada,0.4537352706834461
155,pct_obstetrica_ingreso,0.8489498144374007
155,pct_alta_domicilio,0.1300720855699247
155,pct_alta_fallecido,0.4537352706834461
155,pct_alta_traslado,0.09884735165899138
155,pct_origen_emergencia,0.9030246504343472
155,pct_origen_referencia,0.09884735165899138
155,pct_uso_pabellon,0.4870833805389112
155,pabellones_promedio,0.1300720855699247
155,tasa_partos,0.09884735165899138
155,tasa_prematurez,0.8489498144374007
155,cv_estancia,0.2583106955409091
155,pct_estancia_larga,0.09884735165899138
156,egresos_por_anio,0.5971171421024525
156,estancia_media,0.09341778861154773
156,estancia_mediana,0.6527790920665931
156,peso_medio_grd,0.7242047753766117
156,severidad_media,0.6527790920665931
156,mortalidad_media,0.42561435737730285
156,entropia_grd,0.6277800267306053
156,comorbilidades_promedio,0.24805268890582333
156,tasa_cma,0.16693290827485466
156,peso_medio_cma,0.4926843826426524
156,pct_pediatrico,0.06297494590562673
156,pct_geriatrico,0.10648151382495125
156,pct_femenino_fertil,0.03024123566927575
156,edad_mediana,0.03024123566927575
156,pct_urgencia,0.1716378364331806
156,pct_programada,0.03024123566927575
156,pct_obstetrica_ingreso,0.2184495542387764
156,pct_alta_domicilio,0.10648151382495125
156,pct_alta_fallecido,0.03024123566927575
156,pct_alta_traslado,0.42561435737730285
156,pct_origen_emergencia,0.3918377452942456
156,pct_origen_referencia,0.9438366046912761
156,pct_uso_pabellon,0.38828894908023076
156,pabellones_promedio,0.6277800267306053
156,tasa_partos,0.5135727682973016
156,tasa_prematurez,0.13399260837808571
156,cv_estancia,0.7277361552293475
156,pct_estancia_larga,0.1716378364331806
157,egresos_por_anio,0.5012419950822816
157,estancia_media,0.4055756726617504
157,estancia_mediana,0.6831344901805493
157,peso_medio_grd,0.8619693932152247
157,severidad_media,0.6831344901805493
157,mortalidad_media,0.42432665970017863
157,entropia_grd,0.4642676285601087
157,comorbilidades_promedio,0.664094876366792
157,tasa_cma,0.4103589893241222
157,peso_medio_cma,0.5506548381092213
157,pct_pediatrico,0.10513327273099739
157,pct_geriatrico,0.04287078165485348
157,pct_femenino_fertil,0.5125615251530911
157,edad_mediana,0.6831344901805493
157,pct_urgencia,0.04841912972892379
157,pct_programada,0.001532836839903096
157,pct_obstetrica_ingreso,0.5882146032256999
157,pct_alta_domicilio,0.9261306066094651
157,pct_alta_fallecido,0.058213499793785095
157,pct_alta_traslado,0.011271707717278055
157,pct_origen_emergencia,0.330446282210021
157,pct_origen_referencia,0.6620824273869618
157,pct_uso_pabellon,0.09269109203437575
157,pabellones_promedio,0.9261306066094651
157,tasa_partos,0.224069268257957
157,tasa_prematurez,0.4103589893241222
157,cv_estancia,0.40541106025088947
157,pct_estancia_larga,0.40541106025088947
158,egresos_por_anio,0.22591680195355607
158,estancia_media,0.3863061453110187
158,estancia_mediana,0.6150276245710501
158,peso_medio_grd,0.9048052825452643
158,severidad_media,0.3154422373956808
158,mortalidad_media,0.8548369452517671
158,entropia_grd,0.795009686918017
158,comorbilidades_promedio,0.6944532619102929
158,tasa_cma,0.6957501550973336
158,peso_medio_cma,0.9554403263823948
158,pct_pediatrico,0.18879993956311653
158,pct_geriatrico,0.18879993956311653
158,pct_femenino_fertil,0.9790399182846494
158,edad_mediana,0.18879993956311653
158,pct_urgencia,0.22591680195355607
158,pct_programada,0.6957501550973336
158,pct_obstetrica_ingreso,0.3154422373956808
158,pct_alta_domicilio,0.795009686918017
158,pct_alta_fallecido,0.18879993956311653
158,pct_alta_traslado,0.18879993956311653
158,pct_origen_emergencia,0.3863061453110187
158,pct_origen_referencia,0.6421993427390527
158,pct_uso_pabellon,0.9219844987873405
158,pabellones_promedio,0.9554403263823948
158,tasa_partos,0.3863061453110187
158,tasa_prematurez,0.9554403263823948
158,cv_estancia,0.795009686918017
158,pct_estancia_larga,0.22591680195355607
159,egresos_por_anio,0.2865980047458932
159,estancia_media,0.1533125169847634
159,estancia_mediana,0.37022454072324884
159,peso_medio_grd,0.15706584369786222
159,severidad_media,0.8098014667659417
159,mortalidad_media,0.4364603943994368
159,entropia_grd,0.15706584369786222
159,comorbilidades_promedio,0.23439340992565286
159,tasa_cma,0.825253617340899
159,peso_medio_cma,0.2865980047458932
159,pct_pediatrico,0.09055299080365005
159,pct_geriatrico,0.12728086699317626
159,pct_femenino_fertil,0.8098014667659417
159,edad_mediana,0.1533125169847634
159,pct_urgencia,0.37022454072324884
159,pct_programada,0.37022454072324884
159,pct_obstetrica_ingreso,0.09304850563245454
159,pct_alta_domicilio,0.12728086699317626
159,pct_alta_fallecido,0.4598048802763364
159,pct_alta_traslado,0.8661681048864815
159,pct_origen_emergencia,0.15706584369786222
159,pct_origen_referencia,0.3790856603438839
159,pct_uso_pabellon,0.3196192729791574
159,pabellones_promedio,0.09304850563245454
159,tasa_partos,0.3196192729791574
159,tasa_prematurez,0.17840624854881554
159,cv_estancia,0.9539054644745878
159,pct_estancia_larga,0.6283478988807235
160,egresos_por_anio,0.33003151766293315
160,estancia_media,0.3341027573918812
160,estancia_mediana,0.9864763585343017
160,peso_medio_grd,0.6487991782877417
160,severidad_media,0.64528753476915
160,mortalidad_media,0.38123772359603236
160,entropia_grd,0.07360666936544762
160,comorbilidades_promedio,0.1925127135182243
160,tasa_cma,0.6487991782877417
160,peso_medio_cma,0.64528753476915
160,pct_pediatrico,0.07360666936544762
160,pct_geriatrico,0.1093811064564414
160,pct_femenino_fertil,0.1315986080675624
160,edad_mediana,0.16594204883583563
160,pct_urgencia,0.2111603665769011
160,pct_programada,0.6487991782877417
160,pct_obstetrica_ingreso,0.15060438928755468
160,pct_alta_domicilio,0.1811544728274687
160,pct_alta_fallecido,0.33003151766293315
160,pct_alta_traslado,0.64528753476915
160,pct_origen_emergencia,0.33003151766293315
160,pct_origen_referencia,0.6941846875205473
160,pct_uso_pabellon,0.33003151766293315
160,pabellones_promedio,0.9900069552483451
160,tasa_partos,0.6487991782877417
160,tasa_prematurez,0.9900069552483451
160,cv_estancia,0.3162832047751996
160,pct_estancia_larga,0.64528753476915
161,egresos_por_anio,0.4391096291762771
161,estancia_media,0.938964236520655
161,estancia_mediana,0.8961019815608533
161,peso_medio_grd,0.24398740989472775
161,severidad_media,0.5593293676345863
161,mortalidad_media,0.7775370340526323
161,entropia_grd,0.002317815583653065
161,comorbilidades_promedio,0.3307252585498456
161,tasa_cma,0.6814007175732508
161,peso_medio_cma,0.5593293676345863
161,pct_pediatrico,0.08091329200395046
161,pct_geriatrico,0.0023329158296096467
161,pct_femenino_fertil,0.08091329200395046
161,edad_mediana,0.08091329200395046
161,pct_urgencia,0.11036514887135633
161,pct_programada,0.05390413693613188
161,pct_obstetrica_ingreso,0.1504405271650691
161,pct_alta_domicilio,0.5593293676345863
161,pct_alta_fallecido,0.6814007175732508
161,pct_alta_traslado,0.04784023723702381
161,pct_origen_emergencia,0.11036514887135633
161,pct_origen_referencia,0.34894697285408566
161,pct_uso_pabellon,0.676855221741665
161,pabellones_promedio,0.19580618645664719
161,tasa_partos,0.3307252585498456
161,tasa_prematurez,0.05390413693613188
161,cv_estancia,0.6814007175732508
161,pct_estancia_larga,0.3699845989763353
162,egresos_por_anio,0.9048307289361704
162,estancia_media,0.9048307289361704
162,estancia_mediana,0.41071645778991334
162,peso_medio_grd,0.4608593148579098
162,severidad_media,0.2618799358305776
162,mortalidad_media,0.7130832217652142
162,entropia_grd,0.41071645778991334
162,comorbilidades_promedio,0.650192376962559
162,tasa_cma,0.38996487635327937
162,peso_medio_cma,0.7229705653524704
162,pct_pediatrico,0.22718264079131997
162,pct_geriatrico,0.22718264079131997
162,pct_femenino_fertil,0.9360254303135208
162,edad_mediana,0.22718264079131997
162,pct_urgencia,0.4556121788344597
162,pct_programada,0.13126368958262238
162,pct_obstetrica_ingreso,0.9048307289361704
162,pct_alta_domicilio,0.9048307289361704
162,pct_alta_fallecido,0.7229705653524704
162,pct_alta_traslado,0.9048307289361704
162,pct_origen_emergencia,0.9517567678402277
162,pct_origen_referencia,0.7229705653524704
162,pct_uso_pabellon,0.4608593148579098
162,pabellones_promedio,0.4554424104325719
162,tasa_partos,0.9214429537133074
162,tasa_prematurez,0.22718264079131997
162,cv_estancia,0.9048307289361704
162,pct_estancia_larga,0.7229705653524704
163,egresos_por_anio,0.5033202576739552
163,estancia_media,0.42668020303149556
163,estancia_mediana,0.6313462814433626
163,peso_medio_grd,0.11839410965776634
163,severidad_media,0.15411659868563302
163,mortalidad_media,0.4293460143331509
163,entropia_grd,0.15411659868563302
163,comorbilidades_promedio,0.42668020303149556
163,tasa_cma,0.3111862397691561
163,peso_medio_cma,0.6873375199679185
163,pct_pediatrico,0.11839410965776634
163,pct_geriatrico,0.09120916706718761
163,pct_femenino_fertil,0.11839410965776634
163,edad_mediana,0.12293012789725281
163,pct_urgencia,0.11839410965776634
163,pct_programada,0.37761248676069376
163,pct_obstetrica_ingreso,0.11839410965776634
163,pct_alta_domicilio,0.5033202576739552
163,pct_alta_fallecido,0.15594800628870117
163,pct_alta_traslado,0.8183835674434341
163,pct_origen_emergencia,0.3111862397691561
163,pct_origen_referencia,0.870677296475319
163,pct_uso_pabellon,0.11839410965776634
163,pabellones_promedio,0.25822115156197
163,tasa_partos,0.2653209801874556
163,tasa_prematurez,0.2961741235368607
163,cv_estancia,0.48060882762493506
163,pct_estancia_larga,0.2961741235368607
164,egresos_por_anio,0.6703917930086468
164,estancia_media,0.445810258178872
164,estancia_mediana,0.2710516692664074
164,peso_medio_grd,0.3125217858960819
164,severidad_media,0.8026760195873589
164,mortalidad_media,0.23392913899805076
164,entropia_grd,0.5634686267414974
164,comorbilidades_promedio,0.445810258178872
164,tasa_cma,0.445810258178872
164,peso_medio_cma,0.445810258178872
164,pct_pediatrico,0.1436047789955878
164,pct_geriatrico,0.1436047789955878
164,pct_femenino_fertil,0.6703917930086468
164,edad_mediana,0.1436047789955878
164,pct_urgencia,0.0386139212473789
164,pct_programada,0.15510514009941861
164,pct_obstetrica_ingreso,0.445810258178872
164,pct_alta_domicilio,0.4746380373974698
164,pct_alta_fallecido,0.1436047789955878
164,pct_alta_traslado,0.8560468065024565
164,pct_origen_emergencia,0.6703917930086468
164,pct_origen_referencia,0.445810258178872
164,pct_uso_pabellon,0.445810258178872
164,pabellones_promedio,0.6703917930086468
164,tasa_partos,0.5634686267414974
164,tasa_prematurez,0.5634686267414974
164,cv_estancia,0.3125217858960819
164,pct_estancia_larga,0.5634686267414974
165,egresos_por_anio,0.8671951357156833
165,estancia_media,0.5587817953469606
165,estancia_mediana,0.5587817953469606
165,peso_medio_grd,0.5587817953469606
165,severidad_media,0.7651214057410968
165,mortalidad_media,0.7565800452489896
165,entropia_grd,0.7627303417358561
165,comorbilidades_promedio,0.7565800452489896
165,tasa_cma,0.7651214057410968
165,peso_medio_cma,0.5587817953469606
165,pct_pediatrico,0.2015414964092828
165,pct_geriatrico,0.2015414964092828
165,pct_femenino_fertil,0.002736578806118036
165,edad_mediana,0.5587817953469606
165,pct_urgencia,0.7553917272871667
165,pct_programada,0.7565800452489896
165,pct_obstetrica_ingreso,0.5587817953469606
165,pct_alta_domicilio,0.7553917272871667
165,pct_alta_fallecido,0.8282996729587475
165,pct_alta_traslado,0.15639948791520383
165,pct_origen_emergencia,0.7651214057410968
165,pct_origen_referencia,0.2015414964092828
165,pct_uso_pabellon,0.5587817953469606
165,pabellones_promedio,0.7565800452489896
165,tasa_partos,0.6316961146503468
165,tasa_prematurez,0.2329279891470673
165,cv_estancia,0.5587817953469606
165,pct_estancia_larga,0.9834459364850092
166,egresos_por_anio,0.8568369876323837
166,estancia_media,0.9777797051723013
166,estancia_mediana,0.48047895374159616
166,peso_medio_grd,0.35333090162749875
166,severidad_media,0.39313451759172163
166,mortalidad_media,0.6016879198809354
166,entropia_grd,0.48047895374159616
166,comorbilidades_promedio,0.7391186029665239
166,tasa_cma,0.5552501457929003
166,peso_medio_cma,0.382653549539334
166,pct_pediatrico,0.35333090162749875
166,pct_geriatrico,0.39313451759172163
166,pct_femenino_fertil,0.48047895374159616
166,edad_mediana,0.5552501457929003
166,pct_urgencia,0.48047895374159616
166,pct_programada,0.48047895374159616
166,pct_obstetrica_ingreso,0.8410272519159884
166,pct_alta_domicilio,0.7052762628935434
166,pct_alta_fallecido,0.5827831972536283
166,pct_alta_traslado,0.35333090162749875
166,pct_origen_emergencia,0.8422027961431987
166,pct_origen_referencia,0.39313451759172163
166,pct_uso_pabellon,0.7052762628935434
166,pabellones_promedio,0.35333090162749875
166,tasa_partos,0.48047895374159616
166,tasa_prematurez,0.39313451759172163
166,cv_estancia,0.6410366290938946
166,pct_estancia_larga,0.5552501457929003
167,egresos_por_anio,0.5402359965313094
167,estancia_media,0.5637033630813334
167,estancia_mediana,0.8675192587141644
167,peso_medio_grd,0.0989479920794219
167,severidad_media,0.24931834181018453
167,mortalidad_media,0.4857718700122426
167,entropia_grd,0.23218707152316356
167,comorbilidades_promedio,0.9400230870173203
167,tasa_cma,0.3957320971032598
167,peso_medio_cma,0.8675192587141644
167,pct_pediatrico,0.08710019679348585
167,pct_geriatrico,0.8213652298926322
167,pct_femenino_fertil,0.8401602778067961
167,edad_mediana,0.0989479920794219
167,pct_urgencia,0.8675192587141644
167,pct_programada,0.18948215479612496
167,pct_obstetrica_ingreso,0.18948215479612496
167,pct_alta_domicilio,0.9322582775900589
167,pct_alta_fallecido,0.18948215479612496
167,pct_alta_traslado,0.49440718439541786
167,pct_origen_emergencia,0.5821767731894822
167,pct_origen_referencia,0.0989479920794219
167,pct_uso_pabellon,0.903739263542301
167,pabellones_promedio,0.22245078738656784
167,tasa_partos,0.05402251649293356
167,tasa_prematurez,0.718155290508868
167,cv_estancia,0.18948215479612496
167,pct_estancia_larga,0.23218707152316356
168,egresos_por_anio,0.5305056144135666
168,estancia_media,0.8036365011311233
168,estancia_mediana,0.8860778907371656
168,peso_medio_grd,0.15369016041055583
168,severidad_media,0.7399247132342798
168,mortalidad_media,0.14787407081726042
168,entropia_grd,0.62246755625244
168,comorbilidades_promedio,0.2575131266372614
168,tasa_cma,0.5210719767026377
168,peso_medio_cma,0.44237638224095754
168,pct_pediatrico,0.1380845178682461
168,pct_geriatrico,0.4545574402260603
168,pct_femenino_fertil,0.06165361878090753
168,edad_mediana,0.11076996063215819
168,pct_urgencia,0.62246755625244
168,pct_programada,0.15369016041055583
168,pct_obstetrica_ingreso,0.2575131266372614
168,pct_alta_domicilio,0.1380845178682461
168,pct_alta_fallecido,0.06165361878090753
168,pct_alta_traslado,0.2575131266372614
168,pct_origen_emergencia,0.571389116001708
168,pct_origen_referencia,0.28767747538963273
168,pct_uso_pabellon,0.18274554589302294
168,pabellones_promedio,0.2575131266372614
168,tasa_partos,0.44237638224095754
168,tasa_prematurez,0.06165361878090753
168,cv_estancia,0.4732500011432511
168,pct_estancia_larga,0.8860778907371656
169,egresos_por_anio,0.46454497234941083
169,estancia_media,0.46454497234941083
169,estancia_mediana,0.46454497234941083
169,peso_medio_grd,0.6971673931168856
169,severidad_media,0.2695156056691314
169,mortalidad_media,0.46454497234941083
169,entropia_grd,0.22596655456410894
169,comorbilidades_promedio,0.6971673931168856
169,tasa_cma,0.46454497234941083
169,peso_medio_cma,0.6971673931168856
169,pct_pediatrico,0.22596655456410894
169,pct_geriatrico,0.24405217889471675
169,pct_femenino_fertil,0.22596655456410894
169,edad_mediana,0.9201698113628078
169,pct_urgencia,0.24405217889471675
169,pct_programada,0.22596655456410894
169,pct_obstetrica_ingreso,0.7347276876285077
169,pct_alta_domicilio,0.46454497234941083
169,pct_alta_fallecido,0.6178325007668728
169,pct_alta_traslado,0.22596655456410894
169,pct_origen_emergencia,0.2695156056691314
169,pct_origen_referencia,0.24405217889471675
169,pct_uso_pabellon,0.9201698113628078
169,pabellones_promedio,0.46454497234941083
169,tasa_partos,0.6971673931168856
169,tasa_prematurez,0.46454497234941083
169,cv_estancia,0.6971673931168856
169,pct_estancia_larga,0.46454497234941083
170,egresos_por_anio,0.9994224267473286
170,estancia_media,0.9201797448908241
170,estancia_mediana,0.7561167954206149
170,peso_medio_grd,0.7561167954206149
170,severidad_media,0.999703625217705
170,mortalidad_media,0.7561167954206149
170,entropia_grd,0.9994224267473286
170,comorbilidades_promedio,0.7738653954612585
170,tasa_cma,0.41556466878746545
170,peso_medio_cma,0.7738653954612585
170,pct_pediatrico,0.3620649285378404
170,pct_geriatrico,0.5490919041775748
170,pct_femenino_fertil,0.9994224267473286
170,edad_mediana,0.3620649285378404
170,pct_urgencia,0.41556466878746545
170,pct_programada,0.9994224267473286
170,pct_obstetrica_ingreso,0.7738653954612585
170,pct_alta_domicilio,0.7738653954612585
170,pct_alta_fallecido,0.9201797448908241
170,pct_alta_traslado,0.7561167954206149
170,pct_origen_emergencia,0.9201797448908241
170,pct_origen_referencia,0.41556466878746545
170,pct_uso_pabellon,0.7738653954612585
170,pabellones_promedio,0.9513594721550673
170,tasa_partos,0.5490919041775748
170,tasa_prematurez,0.7738653954612585
170,cv_estancia,0.7738653954612585
170,pct_estancia_larga,0.41556466878746545
171,egresos_por_anio,0.41236356748338066
171,estancia_media,0.11518173986947236
171,estancia_mediana,0.20533558687504996
171,peso_medio_grd,0.19384716522418213
171,severidad_media,0.9461962481642712
171,mortalidad_media,0.816323907857901
171,entropia_grd,0.24528559828413188
171,comorbilidades_promedio,0.8421289457477988
171,tasa_cma,0.05077144118478208
171,peso_medio_cma,0.7543155133015874
171,pct_pediatrico,0.019390308314999438
171,pct_geriatrico,0.1015194679643478
171,pct_femenino_fertil,0.4501163560369328
171,edad_mediana,0.019390308314999438
171,pct_urgencia,0.6812206410759009
171,pct_programada,0.42929867537716765
171,pct_obstetrica_ingreso,0.6937883581549721
171,pct_alta_domicilio,0.42929867537716765
171,pct_alta_fallecido,0.05077144118478208
171,pct_alta_traslado,0.19384716522418213
171,pct_origen_emergencia,0.9461962481642712
171,pct_origen_referencia,0.41236356748338066
171,pct_uso_pabellon,0.3509510664311804
171,pabellones_promedio,0.42929867537716765
171,tasa_partos,0.7543155133015874
171,tasa_prematurez,0.0500620444375286
171,cv_estancia,0.019390308314999438
171,pct_estancia_larga,0.15646926034179054
172,egresos_por_anio,0.762715332125247
172,estancia_media,0.7094084062570231
172,estancia_mediana,0.6170941036373238
172,peso_medio_grd,0.11149960070258286
172,severidad_media,0.9432660467164976
172,mortalidad_media,0.9432660467164976
172,entropia_grd,0.6496120766689049
172,comorbilidades_promedio,0.9432660467164976
172,tasa_cma,0.11149960070258286
172,peso_medio_cma,0.9432660467164976
172,pct_pediatrico,0.11149960070258286
172,pct_geriatrico,0.5006031933589352
172,pct_femenino_fertil,0.14682189230929993
172,edad_mediana,0.5723119976026007
172,pct_urgencia,0.11149960070258286
172,pct_programada,0.9432660467164976
172,pct_obstetrica_ingreso,0.6509435054447399
172,pct_alta_domicilio,0.11149960070258286
172,pct_alta_fallecido,0.11149960070258286
172,pct_alta_traslado,0.5376471098942593
172,pct_origen_emergencia,0.9432660467164976
172,pct_origen_referencia,0.11149960070258286
172,pct_uso_pabellon,0.6170941036373238
172,pabellones_promedio,0.6170941036373238
172,tasa_partos,0.6170941036373238
172,tasa_prematurez,0.6496120766689049
172,cv_estancia,0.129782601335886
172,pct_estancia_larga,0.11149960070258286
173,egresos_por_anio,0.6771460737800937
173,estancia_media,0.5796907298563351
173,estancia_mediana,0.5796907298563351
173,peso_medio_grd,0.6449030169292013
173,severidad_media,0.7320535213303576
173,mortalidad_media,0.5796907298563351
173,entropia_grd,0.9274834361179037
173,comorbilidades_promedio,0.9529675657731816
173,tasa_cma,0.8671870441968711
173,peso_medio_cma,0.5796907298563351
173,pct_pediatrico,0.1938429038348493
173,pct_geriatrico,0.7320535213303576
173,pct_femenino_fertil,0.9221681318795599
173,edad_mediana,0.11995362175191196
173,pct_urgencia,0.38034258762989714
173,pct_programada,0.5796907298563351
173,pct_obstetrica_ingreso,0.7442536321993176
173,pct_alta_domicilio,0.5754756211037774
173,pct_alta_fallecido,0.8834072127790653
173,pct_alta_traslado,0.8834072127790653
173,pct_origen_emergencia,0.3514179491112373
173,pct_origen_referencia,0.9221681318795599
173,pct_uso_pabellon,0.5796907298563351
173,pabellones_promedio,0.38260433998597726
173,tasa_partos,0.5796907298563351
173,tasa_prematurez,0.5796907298563351
173,cv_estancia,0.5754756211037774
173,pct_estancia_larga,0.9529675657731816
174,egresos_por_anio,0.7705831243550453
174,estancia_media,0.23433374148613567
174,estancia_mediana,0.5466450292698865
174,peso_medio_grd,0.22354581886275415
174,severidad_media,0.3689635310801348
174,mortalidad_media,0.7322522177819775
174,entropia_grd,0.32102940925677337
174,comorbilidades_promedio,0.7939987200915241
174,tasa_cma,0.7705831243550453
174,peso_medio_cma,0.1790138144500096
174,pct_pediatrico,0.187517760856449
174,pct_geriatrico,0.1790138144500096
174,pct_femenino_fertil,0.7739239355157991
174,edad_mediana,0.1790138144500096
174,pct_urgencia,0.692511472000189
174,pct_programada,0.7322522177819775
174,pct_obstetrica_ingreso,0.9837176620768103
174,pct_alta_domicilio,0.9837176620768103
174,pct_alta_fallecido,0.7939987200915241
174,pct_alta_traslado,0.7939987200915241
174,pct_origen_emergencia,0.9837176620768103
174,pct_origen_referencia,0.9837176620768103
174,pct_uso_pabellon,0.9837176620768103
174,pabellones_promedio,0.6506113138461931
174,tasa_partos,0.9270984275809865
174,tasa_prematurez,0.23433374148613567
174,cv_estancia,0.835639943199889
174,pct_estancia_larga,0.7939987200915241
175,egresos_por_anio,0.4300489675611025
175,estancia_media,0.345670802211596
175,estancia_mediana,0.345670802211596
175,peso_medio_grd,0.3192899989023957
175,severidad_media,0.8925395223718516
175,mortalidad_media,0.3626378857707634
175,entropia_grd,0.5000276973661942
175,comorbilidades_promedio,0.345670802211596
175,tasa_cma,0.345670802211596
175,peso_medio_cma,0.345670802211596
175,pct_pediatrico,0.1965364925062556
175,pct_geriatrico,0.345670802211596
175,pct_femenino_fertil,0.9553203631558678
175,edad_mediana,0.20029752328775255
175,pct_urgencia,0.16930662678807584
175,pct_programada,0.16930662678807584
175,pct_obstetrica_ingreso,0.9753947103144485
175,pct_alta_domicilio,0.5054589872482955
175,pct_alta_fallecido,0.345670802211596
175,pct_alta_traslado,0.5626390096812509
175,pct_origen_emergencia,0.5054589872482955
175,pct_origen_referencia,0.08212875788372215
175,pct_uso_pabellon,0.345670802211596
175,pabellones_promedio,0.345670802211596
175,tasa_partos,0.42224427609392706
175,tasa_prematurez,0.5000276973661942
175,cv_estancia,0.8925395223718516
175,pct_estancia_larga,0.345670802211596
176,egresos_por_anio,0.4209959045738171
176,estancia_media,0.8879431992957334
176,estancia_mediana,0.7588670820593675
176,peso_medio_grd,0.4209959045738171
176,severidad_media,0.7155641642573766
176,mortalidad_media,0.4209959045738171
176,entropia_grd,0.4209959045738171
176,comorbilidades_promedio,0.1569528437828248
176,tasa_cma,0.4209959045738171
176,peso_medio_cma,0.8320829873718908
176,pct_pediatrico,0.1569528437828248
176,pct_geriatrico,0.1569528437828248
176,pct_femenino_fertil,0.4876163859616195
176,edad_mediana,0.38122278137856214
176,pct_urgencia,0.1569528437828248
176,pct_programada,0.7155641642573766
176,pct_obstetrica_ingreso,0.4209959045738171
176,pct_alta_domicilio,0.8180585210323855
176,pct_alta_fallecido,0.4209959045738171
176,pct_alta_traslado,0.4209959045738171
176,pct_origen_emergencia,0.8320829873718908
176,pct_origen_referencia,0.4876163859616195
176,pct_uso_pabellon,0.4871442931798244
176,pabellones_promedio,0.7403073286757552
176,tasa_partos,0.25550869003121035
176,tasa_prematurez,0.1569528437828248
176,cv_estancia,0.4209959045738171
176,pct_estancia_larga,0.964486717778245
177,egresos_por_anio,0.1551162484266987
177,estancia_media,0.47709071357532523
177,estancia_mediana,0.5748732247154804
177,peso_medio_grd,0.6879668477918127
177,severidad_media,0.32464296433734774
177,mortalidad_media,0.1551162484266987
177,entropia_grd,0.5748732247154804
177,comorbilidades_promedio,0.4523489716335508
177,tasa_cma,0.32830381116945917
177,peso_medio_cma,0.9248234719251802
177,pct_pediatrico,0.022510582146102194
177,pct_geriatrico,0.003010177639321947
177,pct_femenino_fertil,0.11725436564744693
177,edad_mediana,0.3140982406357325
177,pct_urgencia,0.32464296433734774
177,pct_programada,0.8798501612334045
177,pct_obstetrica_ingreso,0.4523489716335508
177,pct_alta_domicilio,0.5748732247154804
177,pct_alta_fallecido,0.053902943048944336
177,pct_alta_traslado,0.022510582146102194
177,pct_origen_emergencia,0.9107848368951772
177,pct_origen_referencia,0.4523489716335508
177,pct_uso_pabellon,0.5614311678278898
177,pabellones_promedio,0.32830381116945917
177,tasa_partos,0.20989455429592285
177,tasa_prematurez,0.5614311678278898
177,cv_estancia,0.6879668477918127
177,pct_estancia_larga,0.32830381116945917
178,egresos_por_anio,0.9114767751478515
178,estancia_media,0.8611392269749384
178,estancia_mediana,0.5260681599779066
178,peso_medio_grd,0.8611392269749384
178,severidad_media,0.92642847110257
178,mortalidad_media,0.677557392643739
178,entropia_grd,0.8611392269749384
178,comorbilidades_promedio,0.92642847110257
178,tasa_cma,0.5522517102761976
178,peso_medio_cma,0.8379730487237719
178,pct_pediatrico,0.10121520993935239
178,pct_geriatrico,0.31208040862071823
178,pct_femenino_fertil,0.4239894085296637
178,edad_mediana,0.012136098423485835
178,pct_urgencia,0.5606112162705026
178,pct_programada,0.012136098423485835
178,pct_obstetrica_ingreso,0.16041693879408786
178,pct_alta_domicilio,0.16041693879408786
178,pct_alta_fallecido,0.16041693879408786
178,pct_alta_traslado,0.07743470526130232
178,pct_origen_emergencia,0.8611392269749384
178,pct_origen_referencia,0.2326620232247867
178,pct_uso_pabellon,0.8611392269749384
178,pabellones_promedio,0.16200996048419683
178,tasa_partos,0.032791867414198594
178,tasa_prematurez,0.6279355197574001
178,cv_estancia,0.653210193390832
178,pct_estancia_larga,0.16041693879408786
179,egresos_por_anio,0.8983176747866775
179,estancia_media,0.8983176747866775
179,estancia_mediana,0.8979426982172893
179,peso_medio_grd,0.2594315934465835
179,severidad_media,0.8983176747866775
179,mortalidad_media,0.5426080956590946
179,entropia_grd,0.1059904377257964
179,comorbilidades_promedio,0.12538911518433793
179,tasa_cma,0.10060890181489977
179,peso_medio_cma,0.7103325463018914
179,pct_pediatrico,0.1059904377257964
179,pct_geriatrico,0.2544866770035074
179,pct_femenino_fertil,0.1059904377257964
179,edad_mediana,0.10060890181489977
179,pct_urgencia,0.7103325463018914
179,pct_programada,0.11895151885144235
179,pct_obstetrica_ingreso,0.10060890181489977
179,pct_alta_domicilio,0.9680557351005064
179,pct_alta_fallecido,0.16882397819171616
179,pct_alta_traslado,0.10060890181489977
179,pct_origen_emergencia,0.7103325463018914
179,pct_origen_referencia,0.11895151885144235
179,pct_uso_pabellon,0.33700833419966897
179,pabellones_promedio,0.22012385631676215
179,tasa_partos,0.22012385631676215
179,tasa_prematurez,0.8983176747866775
179,cv_estancia,0.1059904377257964
179,pct_estancia_larga,0.7103325463018914
180,egresos_por_anio,0.5729731019244378
180,estancia_media,0.0665026271798078
180,estancia_mediana,0.2883296063174239
180,peso_medio_grd,0.5729731019244378
180,severidad_media,0.8263045823678482
180,mortalidad_media,0.8940645415260067
180,entropia_grd,0.8263045823678482
180,comorbilidades_promedio,0.3913397629921685
180,tasa_cma,0.9837158232713786
180,peso_medio_cma,0.8263045823678482
180,pct_pediatrico,0.18328477893803313
180,pct_geriatrico,0.6288005392548096
180,pct_femenino_fertil,0.8263045823678482
180,edad_mediana,0.0665026271798078
180,pct_urgencia,0.8940645415260067
180,pct_programada,0.6288005392548096
180,pct_obstetrica_ingreso,0.8263045823678482
180,pct_alta_domicilio,0.7450234094508648
180,pct_alta_fallecido,0.6288005392548096
180,pct_alta_traslado,0.1377008930264272
180,pct_origen_emergencia,0.8263045823678482
180,pct_origen_referencia,0.6290893825402872
180,pct_uso_pabellon,0.8263045823678482
180,pabellones_promedio,0.0665026271798078
180,tasa_partos,0.5651814147353948
180,tasa_prematurez,0.8263045823678482
180,cv_estancia,0.33978936178987096
180,pct_estancia_larga,0.8263045823678482
181,egresos_por_anio,0.7167440652771784
181,estancia_media,0.7167440652771784
181,estancia_mediana,0.7540138532444657
181,peso_medio_grd,0.10384426715215624
181,severidad_media,0.755989460680666
181,mortalidad_media,0.10384426715215624
181,entropia_grd,0.7167440652771784
181,comorbilidades_promedio,0.9883782050552791
181,tasa_cma,0.028475156572289394
181,peso_medio_cma,0.14277087868783556
181,pct_pediatrico,0.10384426715215624
181,pct_geriatrico,0.17984420687715352
181,pct_femenino_fertil,0.7540138532444657
181,edad_mediana,0.014759127479556976
181,pct_urgencia,0.7540138532444657
181,pct_programada,0.22583282707864677
181,pct_obstetrica_ingreso,0.0066471899713098845
181,pct_alta_domicilio,0.7147065060773574
181,pct_alta_fallecido,0.047859714524084336
181,pct_alta_traslado,0.7147065060773574
181,pct_origen_emergencia,0.7167440652771784
181,pct_origen_referencia,0.7167440652771784
181,pct_uso_pabellon,0.10384426715215624
181,pabellones_promedio,0.15463889878722323
181,tasa_partos,0.10384426715215624
181,tasa_prematurez,0.7147065060773574
181,cv_estancia,0.7167440652771784
181,pct_estancia_larga,0.7167440652771784
182,egresos_por_anio,0.8734561267054565
182,estancia_media,0.5620882277317235
182,estancia_mediana,0.5422523512817141
182,peso_medio_grd,0.8091275775611462
182,severidad_media,0.6813815593329098
182,mortalidad_media,0.8343105670120528
182,entropia_grd,0.4455651586110761
182,comorbilidades_promedio,0.44210417149959164
182,tasa_cma,0.44210417149959164
182,peso_medio_cma,0.7399317721069597
182,pct_pediatrico,0.02021889590158498
182,pct_geriatrico,0.23544600423810985
182,pct_femenino_fertil,0.44210417149959164
182,edad_mediana,0.018610841337327214
182,pct_urgencia,0.005386156430844975
182,pct_programada,0.21665413874783068
182,pct_obstetrica_ingreso,0.6813815593329098
182,pct_alta_domicilio,0.7399317721069597
182,pct_alta_fallecido,0.7399317721069597
182,pct_alta_traslado,0.4455651586110761
182,pct_origen_emergencia,0.22702551920760447
182,pct_origen_referencia,0.13867704436708317
182,pct_uso_pabellon,0.44210417149959164
182,pabellones_promedio,0.7884024783196282
182,tasa_partos,0.44210417149959164
182,tasa_prematurez,0.4455651586110761
182,cv_estancia,0.02021889590158498
182,pct_estancia_larga,0.5314755374113618
183,egresos_por_anio,0.45073088473778783
183,estancia_media,0.32479947812333587
183,estancia_mediana,0.9487200119139361
183,peso_medio_grd,0.07366114059374677
183,severidad_media,0.5918279106676907
183,mortalidad_media,0.9487200119139361
183,entropia_grd,0.18257355974455533
183,comorbilidades_promedio,0.5417567677396385
183,tasa_cma,0.8671640588215723
183,peso_medio_cma,0.9487200119139361
183,pct_pediatrico,0.11317305652338162
183,pct_geriatrico,0.09872709647946341
183,pct_femenino_fertil,0.09872709647946341
183,edad_mediana,0.07366114059374677
183,pct_urgencia,0.18257355974455533
183,pct_programada,0.09872709647946341
183,pct_obstetrica_ingreso,0.9487200119139361
183,pct_alta_domicilio,0.11317305652338162
183,pct_alta_fallecido,0.9487200119139361
183,pct_alta_traslado,0.11317305652338162
183,pct_origen_emergencia,0.14343612559465158
183,pct_origen_referencia,0.18257355974455533
183,pct_uso_pabellon,0.09872709647946341
183,pabellones_promedio,0.9487200119139361
183,tasa_partos,0.32479947812333587
183,tasa_prematurez,0.32479947812333587
183,cv_estancia,0.8671640588215723
183,pct_estancia_larga,0.4062188591681437
184,egresos_por_anio,0.9340276717504357
184,estancia_media,0.9019340439649942
184,estancia_mediana,0.3478975791254867
184,peso_medio_grd,0.5464492567636443
184,severidad_media,0.9019340439649942
184,mortalidad_media,0.0836636053467831
184,entropia_grd,0.8939308429672287
184,comorbilidades_promedio,0.5621080716748467
184,tasa_cma,0.5464492567636443
184,peso_medio_cma,0.6290872302114721
184,pct_pediatrico,0.08340259505549943
184,pct_geriatrico,0.15160765872439463
184,pct_femenino_fertil,0.6835214887487445
184,edad_mediana,0.05551729805868959
184,pct_urgencia,0.0742256933734019
184,pct_programada,0.08022744408456432
184,pct_obstetrica_ingreso,0.9340276717504357
184,pct_alta_domicilio,0.26632591914861287
184,pct_alta_fallecido,0.8215624978497006
184,pct_alta_traslado,0.05551729805868959
184,pct_origen_emergencia,0.26804685850709176
184,pct_origen_referencia,0.6835214887487445
184,pct_uso_pabellon,0.9019340439649942
184,pabellones_promedio,0.9340276717504357
184,tasa_partos,0.08022744408456432
184,tasa_prematurez,0.9396925712734613
184,cv_estancia,0.0742256933734019
184,pct_estancia_larga,0.9340276717504357
185,egresos_por_anio,0.3451280287715098
185,estancia_media,0.6906002873671997
185,estancia_mediana,0.11139620341918718
185,peso_medio_grd,0.5966144768973454
185,severidad_media,0.9837897951662844
185,mortalidad_media,0.6906002873671997
185,entropia_grd,0.5986522799606768
185,comorbilidades_promedio,0.6419060913603803
185,tasa_cma,0.5068365503096826
185,peso_medio_cma,0.9837897951662844
185,pct_pediatrico,0.1008986039371549
185,pct_geriatrico,0.09328663360720026
185,pct_femenino_fertil,0.6906002873671997
185,edad_mediana,0.6906002873671997
185,pct_urgencia,0.3451280287715098
185,pct_programada,0.5966144768973454
185,pct_obstetrica_ingreso,0.5086269069340412
185,pct_alta_domicilio,0.9079315868906478
185,pct_alta_fallecido,0.5966144768973454
185,pct_alta_traslado,0.11139620341918718
185,pct_origen_emergencia,0.4958669907692849
185,pct_origen_referencia,0.3451280287715098
185,pct_uso_pabellon,0.9610432250173309
185,pabellones_promedio,0.6906002873671997
185,tasa_partos,0.6852744792787985
185,tasa_prematurez,0.17044949725402425
185,cv_estancia,0.11139620341918718
185,pct_estancia_larga,0.3470220150044797
186,egresos_por_anio,0.3762448354684921
186,estancia_media,0.7495614766761811
186,estancia_mediana,0.7937558381714392
186,peso_medio_grd,0.007803703183293573
186,severidad_media,0.7495614766761811
186,mortalidad_media,0.5117753754466368
186,entropia_grd,0.6284101870698221
186,comorbilidades_promedio,0.5075172518729604
186,tasa_cma,0.044775864774725914
186,peso_medio_cma,0.537124775960771
186,pct_pediatrico,0.07346729983343923
186,pct_geriatrico,0.044775864774725914
186,pct_femenino_fertil,0.007101433952936933
186,edad_mediana,0.7495614766761811
186,pct_urgencia,0.4813183415990048
186,pct_programada,0.7035795764001801
186,pct_obstetrica_ingreso,0.7056010818738112
186,pct_alta_domicilio,0.9671266424063888
186,pct_alta_fallecido,0.9272189649999183
186,pct_alta_traslado,0.007803703183293573
186,pct_origen_emergencia,0.0708815515923503
186,pct_origen_referencia,0.0708815515923503
186,pct_uso_pabellon,0.5117753754466368
186,pabellones_promedio,0.9905040627242963
186,tasa_partos,0.044775864774725914
186,tasa_prematurez,0.7854590444418349
186,cv_estancia,0.9905040627242963
186,pct_estancia_larga,0.808955564938956
187,egresos_por_anio,0.7758237343344888
187,estancia_media,0.25551752520246107
187,estancia_mediana,0.25551752520246107
187,peso_medio_grd,0.25551752520246107
187,severidad_media,0.9937156627010745
187,mortalidad_media,0.47617680716694866
187,entropia_grd,0.6314763681069475
187,comorbilidades_promedio,0.6990060704371212
187,tasa_cma,0.6314763681069475
187,peso_medio_cma,0.9511643438434042
187,pct_pediatrico,0.12354068922814894
187,pct_geriatrico,0.09030189033671493
187,pct_femenino_fertil,0.09030189033671493
187,edad_mediana,0.09030189033671493
187,pct_urgencia,0.4076481977792837
187,pct_programada,0.6990060704371212
187,pct_obstetrica_ingreso,0.47617680716694866
187,pct_alta_domicilio,0.6314763681069475
187,pct_alta_fallecido,0.6314763681069475
187,pct_alta_traslado,0.0003896761359031476
187,pct_origen_emergencia,0.7234371125438054
187,pct_origen_referencia,0.28143843653695677
187,pct_uso_pabellon,0.7758237343344888
187,pabellones_promedio,0.47617680716694866
187,tasa_partos,0.47617680716694866
187,tasa_prematurez,0.5442802323633912
187,cv_estancia,0.7234371125438054
187,pct_estancia_larga,0.7758237343344888
188,egresos_por_anio,0.640049702746003
188,estancia_media,0.9908812048016692
188,estancia_mediana,0.7780735479846532
188,peso_medio_grd,0.7780735479846532
188,severidad_media,0.2066819577865271
188,mortalidad_media,0.7780735479846532
188,entropia_grd,0.640049702746003
188,comorbilidades_promedio,0.9234623363504681
188,tasa_cma,0.8477043292962261
188,peso_medio_cma,0.16664387072683717
188,pct_pediatrico,0.16664387072683717
188,pct_geriatrico,0.4835143014512308
188,pct_femenino_fertil,0.18727057388831195
188,edad_mediana,0.045410660077571746
188,pct_urgencia,0.640049702746003
188,pct_programada,0.9234623363504681
188,pct_obstetrica_ingreso,0.640049702746003
188,pct_alta_domicilio,0.5384710957360339
188,pct_alta_fallecido,0.640049702746003
188,pct_alta_traslado,0.21769543175553427
188,pct_origen_emergencia,0.8477043292962261
188,pct_origen_referencia,0.3772683856565199
188,pct_uso_pabellon,0.16664387072683717
188,pabellones_promedio,0.9034691189959747
188,tasa_partos,0.7780735479846532
188,tasa_prematurez,0.5865697472308612
188,cv_estancia,0.9234623363504681
188,pct_estancia_larga,0.16664387072683717
189,egresos_por_anio,0.9331079868559159
189,estancia_media,0.3558017130769282
189,estancia_mediana,0.3558017130769282
189,peso_medio_grd,0.9331079868559159
189,severidad_media,0.3558017130769282
189,mortalidad_media,0.9423564468850624
189,entropia_grd,0.9457287151254001
189,comorbilidades_promedio,0.9553365694157891
189,tasa_cma,0.5806304305041224
189,peso_medio_cma,0.9744723306955329
189,pct_pediatrico,0.2555799249869297
189,pct_geriatrico,0.3248965006807839
189,pct_femenino_fertil,0.3558017130769282
189,edad_mediana,0.2555799249869297
189,pct_urgencia,0.6918507063208813
189,pct_programada,0.2555799249869297
189,pct_obstetrica_ingreso,0.5806304305041224
189,pct_alta_domicilio,0.37733645250438036
189,pct_alta_fallecido,0.37733645250438036
189,pct_alta_traslado,0.9331079868559159
189,pct_origen_emergencia,0.6645232238489793
189,pct_origen_referencia,0.2555799249869297
189,pct_uso_pabellon,0.5806304305041224
189,pabellones_promedio,0.5190486911454802
189,tasa_partos,0.9331079868559159
189,tasa_prematurez,0.2555799249869297
189,cv_estancia,0.5409895231822627
189,pct_estancia_larga,0.2555799249869297
190,egresos_por_anio,0.5545722650755848
190,estancia_media,0.538512108065669
190,estancia_mediana,0.345785724518179
190,peso_medio_grd,0.20690169137119516
190,severidad_media,0.345785724518179
190,mortalidad_media,0.3178022700236781
190,entropia_grd,0.49643617484321595
190,comorbilidades_promedio,0.538512108065669
190,tasa_cma,0.6956821618727623
190,peso_medio_cma,0.480885027627215
190,pct_pediatrico,0.1536666041988216
190,pct_geriatrico,0.1536666041988216
190,pct_femenino_fertil,0.1536666041988216
190,edad_mediana,0.1536666041988216
190,pct_urgencia,0.8333865541037859
190,pct_programada,0.3178022700236781
190,pct_obstetrica_ingreso,0.538512108065669
190,pct_alta_domicilio,0.6510572591150391
190,pct_alta_fallecido,0.49643617484321595
190,pct_alta_traslado,0.43666896212662404
190,pct_origen_emergencia,0.3989091336093874
190,pct_origen_referencia,0.32032327138496736
190,pct_uso_pabellon,0.6510572591150391
190,pabellones_promedio,0.3178022700236781
190,tasa_partos,0.1806170108665414
190,tasa_prematurez,0.5096961888934984
190,cv_estancia,0.1536666041988216
190,pct_estancia_larga,0.5221395787486616
191,egresos_por_anio,0.6933652091668836
191,estancia_media,0.4699849181183056
191,estancia_mediana,0.9190378860691164
191,peso_medio_grd,0.8379164843348753
191,severidad_media,0.8321410925554873
191,mortalidad_media,0.16140661792490885
191,entropia_grd,0.3613486914903307
191,comorbilidades_promedio,0.8321410925554873
191,tasa_cma,0.3613486914903307
191,peso_medio_cma,0.8321410925554873
191,pct_pediatrico,0.1777827373953216
191,pct_geriatrico,0.6093538576553262
191,pct_femenino_fertil,0.8321410925554873
191,edad_mediana,0.02606954311595885
191,pct_urgencia,0.6485498237211103
191,pct_programada,0.09938765782764572
191,pct_obstetrica_ingreso,0.6093538576553262
191,pct_alta_domicilio,0.6485498237211103
191,pct_alta_fallecido,0.8321410925554873
191,pct_alta_traslado,0.4699849181183056
191,pct_origen_emergencia,0.8379164843348753
191,pct_origen_referencia,0.8321410925554873
191,pct_uso_pabellon,0.2837760211550199
191,pabellones_promedio,0.27852492115019695
191,tasa_partos,0.8379164843348753
191,tasa_prematurez,0.4699849181183056
191,cv_estancia,0.8321410925554873
191,pct_estancia_larga,0.924370646609851
192,egresos_por_anio,0.5974976500692529
192,estancia_media,0.3940208131401986
192,estancia_mediana,0.995219796771869
192,peso_medio_grd,0.5974976500692529
192,severidad_media,0.995219796771869
192,mortalidad_media,0.995219796771869
192,entropia_grd,0.6690370504730655
192,comorbilidades_promedio,0.8279067958645798
192,tasa_cma,0.5974976500692529
192,peso_medio_cma,0.995219796771869
192,pct_pediatrico,0.010356869311290585
192,pct_geriatrico,0.5974976500692529
192,pct_femenino_fertil,0.35811185704958376
192,edad_mediana,0.4467119561124835
192,pct_urgencia,0.010356869311290585
192,pct_programada,0.3940208131401986
192,pct_obstetrica_ingreso,0.995219796771869
192,pct_alta_domicilio,0.8408029399256242
192,pct_alta_fallecido,0.04670718319794962
192,pct_alta_traslado,0.995219796771869
192,pct_origen_emergencia,0.995219796771869
192,pct_origen_referencia,0.8408029399256242
192,pct_uso_pabellon,0.026530812963580303
192,pabellones_promedio,0.995219796771869
192,tasa_partos,0.010356869311290585
192,tasa_prematurez,0.5974976500692529
192,cv_estancia,0.995219796771869
192,pct_estancia_larga,0.995219796771869
193,egresos_por_anio,0.4534142092085914
193,estancia_media,0.42045928861380144
193,estancia_mediana,0.9014629937532236
193,peso_medio_grd,0.42045928861380144
193,severidad_media,0.392442844254212
193,mortalidad_media,0.8682715579834693
193,entropia_grd,0.4534142092085914
193,comorbilidades_promedio,0.5629645734469035
193,tasa_cma,0.7064036517772583
193,peso_medio_cma,0.8201713745698815
193,pct_pediatrico,0.21580383905581205
193,pct_geriatrico,0.42045928861380144
193,pct_femenino_fertil,0.4534142092085914
193,edad_mediana,0.010073098781052791
193,pct_urgencia,0.7064036517772583
193,pct_programada,0.42045928861380144
193,pct_obstetrica_ingreso,0.42045928861380144
193,pct_alta_domicilio,0.14684007149267878
193,pct_alta_fallecido,0.898537067925567
193,pct_alta_traslado,0.8682715579834693
193,pct_origen_emergencia,0.898537067925567
193,pct_origen_referencia,0.392442844254212
193,pct_uso_pabellon,0.42045928861380144
193,pabellones_promedio,0.21580383905581205
193,tasa_partos,0.632752910849328
193,tasa_prematurez,0.42045928861380144
193,cv_estancia,0.3438024789065588
193,pct_estancia_larga,0.5814768455079624
194,egresos_por_anio,0.2541107881480088
194,estancia_media,0.5224842962320437
194,estancia_mediana,0.498854379837807
194,peso_medio_grd,0.498854379837807
194,severidad_media,0.9593453593818089
194,mortalidad_media,0.6283260650270375
194,entropia_grd,0.6283260650270375
194,comorbilidades_promedio,0.6247989600266746
194,tasa_cma,0.5053726375918804
194,peso_medio_cma,0.498854379837807
194,pct_pediatrico,0.11575156199353318
194,pct_geriatrico,0.5224842962320437
194,pct_femenino_fertil,0.5224842962320437
194,edad_mediana,0.5224842962320437
194,pct_urgencia,0.498854379837807
194,pct_programada,0.11575156199353318
194,pct_obstetrica_ingreso,0.7632413606000393
194,pct_alta_domicilio,0.2541107881480088
194,pct_alta_fallecido,0.2541107881480088
194,pct_alta_traslado,0.8973902903986662
194,pct_origen_emergencia,0.719096148094344
194,pct_origen_referencia,0.498854379837807
194,pct_uso_pabellon,0.5224842962320437
194,pabellones_promedio,0.45836955172757105
194,tasa_partos,0.6283260650270375
194,tasa_prematurez,0.5224842962320437
194,cv_estancia,0.6283260650270375
194,pct_estancia_larga,0.719096148094344
195,egresos_por_anio,0.5132919118073027
195,estancia_media,0.4956239921669535
195,estancia_mediana,0.7916784026730681
195,peso_medio_grd,0.2033858251749501
195,severidad_media,0.658249509700828
195,mortalidad_media,0.5805310314678523
195,entropia_grd,0.5805310314678523
195,comorbilidades_promedio,0.7342731711721316
195,tasa_cma,0.658249509700828
195,peso_medio_cma,0.45948613419106726
195,pct_pediatrico,0.018583018068110264
195,pct_geriatrico,0.8699109213353854
195,pct_femenino_fertil,0.45948613419106726
195,edad_mediana,0.1222708134906358
195,pct_urgencia,0.6600354218766256
195,pct_programada,0.5805310314678523
195,pct_obstetrica_ingreso,0.658249509700828
195,pct_alta_domicilio,0.6600354218766256
195,pct_alta_fallecido,0.005160645456840113
195,pct_alta_traslado,0.13442821468885804
195,pct_origen_emergencia,0.13442821468885804
195,pct_origen_referencia,0.5697486069113515
195,pct_uso_pabellon,0.5805310314678523
195,pabellones_promedio,0.45948613419106726
195,tasa_partos,0.6600354218766256
195,tasa_prematurez,0.45948613419106726
195,cv_estancia,0.5805310314678523
195,pct_estancia_larga,0.6600354218766256
196,egresos_por_anio,0.3259731493422202
196,estancia_media,0.808198326697581
196,estancia_mediana,0.798206080486057
196,peso_medio_grd,0.6066066489915617
196,severidad_media,0.9260336696868303
196,mortalidad_media,0.1335573128749902
196,entropia_grd,0.22587877588998256
196,comorbilidades_promedio,0.4077908734532854
196,tasa_cma,0.4077908734532854
196,peso_medio_cma,0.9608869508586896
196,pct_pediatrico,0.1335573128749902
196,pct_geriatrico,0.3259731493422202
196,pct_femenino_fertil,0.9045408870170265
196,edad_mediana,0.1198208902444669
196,pct_urgencia,0.4189181003035177
196,pct_programada,0.9260336696868303
196,pct_obstetrica_ingreso,0.1198208902444669
196,pct_alta_domicilio,0.3907985461822276
196,pct_alta_fallecido,0.270339030047791
196,pct_alta_traslado,0.1882151103746164
196,pct_origen_emergencia,0.1198208902444669
196,pct_origen_referencia,0.4077908734532854
196,pct_uso_pabellon,0.3907985461822276
196,pabellones_promedio,0.9260336696868303
196,tasa_partos,0.4077908734532854
196,tasa_prematurez,0.6066066489915617
196,cv_estancia,0.714629462502013
196,pct_estancia_larga,0.808198326697581
197,egresos_por_anio,0.6138439623230774
197,estancia_media,0.5625467712639021
197,estancia_mediana,0.6138439623230774
197,peso_medio_grd,0.4114583995688814
197,severidad_media,0.644617801998192
197,mortalidad_media,0.9387421251662318
197,entropia_grd,0.831755495982603
197,comorbilidades_promedio,0.6138439623230774
197,tasa_cma,0.6138439623230774
197,peso_medio_cma,0.6138439623230774
197,pct_pediatrico,0.0026292413433867245
197,pct_geriatrico,0.3061181243514911
197,pct_femenino_fertil,0.5458053126639264
197,edad_mediana,0.3061181243514911
197,pct_urgencia,0.644617801998192
197,pct_programada,0.6548535522909874
197,pct_obstetrica_ingreso,0.956957829147319
197,pct_alta_domicilio,0.6138439623230774
197,pct_alta_fallecido,0.6138439623230774
197,pct_alta_traslado,0.956957829147319
197,pct_origen_emergencia,0.6138439623230774
197,pct_origen_referencia,0.956957829147319
197,pct_uso_pabellon,0.8461557172641706
197,pabellones_promedio,0.6138439623230774
197,tasa_partos,0.956957829147319
197,tasa_prematurez,0.5625467712639021
197,cv_estancia,0.6138439623230774
197,pct_estancia_larga,0.644617801998192
198,egresos_por_anio,0.4190023559555319
198,estancia_media,0.4994481625509172
198,estancia_mediana,0.508627858341673
198,peso_medio_grd,0.4994481625509172
198,severidad_media,0.4994481625509172
198,mortalidad_media,0.9442865725115013
198,entropia_grd,0.32572307077828777
198,comorbilidades_promedio,0.11678449886908311
198,tasa_cma,0.18109169039123743
198,peso_medio_cma,0.4994481625509172
198,pct_pediatrico,0.014022803681978268
198,pct_geriatrico,0.32572307077828777
198,pct_femenino_fertil,0.4994481625509172
198,edad_mediana,0.4994481625509172
198,pct_urgencia,0.12865018068708448
198,pct_programada,0.20161000189882392
198,pct_obstetrica_ingreso,0.508627858341673
198,pct_alta_domicilio,0.20161000189882392
198,pct_alta_fallecido,0.4994481625509172
198,pct_alta_traslado,0.20161000189882392
198,pct_origen_emergencia,0.456579123892407
198,pct_origen_referencia,0.014022803681978268
198,pct_uso_pabellon,0.2633308769297154
198,pabellones_promedio,0.46855864563324157
198,tasa_partos,0.508627858341673
198,tasa_prematurez,0.3859518128866405
198,cv_estancia,0.3470926094723206
198,pct_estancia_larga,0.3406830262494295
199,egresos_por_anio,0.7941215391266512
199,estancia_media,0.8491205766189514
199,estancia_mediana,0.4178205463799973
199,peso_medio_grd,0.5185263529403071
199,severidad_media,0.4178205463799973
199,mortalidad_media,0.8491205766189514
199,entropia_grd,0.8491205766189514
199,comorbilidades_promedio,0.8491205766189514
199,tasa_cma,0.5185263529403071
199,peso_medio_cma,0.9181334111431348
199,pct_pediatrico,0.0895459463769192
199,pct_geriatrico,0.0319323722469829
199,pct_femenino_fertil,0.4178205463799973
199,edad_mediana,0.7023778924252229
199,pct_urgencia,0.6654598382663833
199,pct_programada,0.7809270941316901
199,pct_obstetrica_ingreso,0.7809270941316901
199,pct_alta_domicilio,0.6395826072534273
199,pct_alta_fallecido,0.8491205766189514
199,pct_alta_traslado,0.7809270941316901
199,pct_origen_emergencia,0.5185263529403071
199,pct_origen_referencia,0.10504746433912572
199,pct_uso_pabellon,0.8491205766189514
199,pabellones_promedio,0.5185263529403071
199,tasa_partos,0.6608894404582792
199,tasa_prematurez,0.5185263529403071
199,cv_estancia,0.8491205766189514
199,pct_estancia_larga,0.8491205766189514
200,egresos_por_anio,0.8865244816221433
200,estancia_media,0.5643146766816118
200,estancia_mediana,0.9836273169583925
200,peso_medio_grd,0.8865244816221433
200,severidad_media,0.9836273169583925
200,mortalidad_media,0.9836273169583925
200,entropia_grd,0.42732272249641035
200,comorbilidades_promedio,0.36335583032696683
200,tasa_cma,0.6648611136951802
200,peso_medio_cma,0.9836273169583925
200,pct_pediatrico,0.1274804556495122
200,pct_geriatrico,0.29024147577311804
200,pct_femenino_fertil,0.9836273169583925
200,edad_mediana,0.1274804556495122
200,pct_urgencia,0.40813717098313856
200,pct_programada,0.3395813742671511
200,pct_obstetrica_ingreso,0.2868810335853389
200,pct_alta_domicilio,0.9836273169583925
200,pct_alta_fallecido,0.7333680558732254
200,pct_alta_traslado,0.1274804556495122
200,pct_origen_emergencia,0.8865244816221433
200,pct_origen_referencia,0.6648611136951802
200,pct_uso_pabellon,0.5643146766816118
200,pabellones_promedio,0.9836273169583925
200,tasa_partos,0.8865244816221433
200,tasa_prematurez,0.8865244816221433
200,cv_estancia,0.6648611136951802
200,pct_estancia_larga,0.40813717098313856
201,egresos_por_anio,0.5569436139018119
201,estancia_media,0.5569436139018119
201,estancia_mediana,0.42201427628454713
201,peso_medio_grd,0.9604217824440071
201,severidad_media,0.67366534418158
201,mortalidad_media,0.18621399503374655
201,entropia_grd,0.5569436139018119
201,comorbilidades_promedio,0.5603809413779867
201,tasa_cma,0.40210278014978745
201,peso_medio_cma,0.5756643633828415
201,pct_pediatrico,0.11671327444070129
201,pct_geriatrico,0.0452498212763663
201,pct_femenino_fertil,0.5569436139018119
201,edad_mediana,0.15689515422957528
201,pct_urgencia,0.08852778498715942
201,pct_programada,0.11782921707868899
201,pct_obstetrica_ingreso,0.849130532873116
201,pct_alta_domicilio,0.42201427628454713
201,pct_alta_fallecido,0.5756643633828415
201,pct_alta_traslado,0.7078531434775759
201,pct_origen_emergencia,0.5569436139018119
201,pct_origen_referencia,0.0452498212763663
201,pct_uso_pabellon,0.6443113089067244
201,pabellones_promedio,0.7078531434775759
201,tasa_partos,0.8366659066603125
201,tasa_prematurez,0.6807612966973723
201,cv_estancia,0.2742020299858341
201,pct_estancia_larga,0.6443113089067244
202,egresos_por_anio,0.12626996254965014
202,estancia_media,0.22297855605295533
202,estancia_mediana,0.6098895696494769
202,peso_medio_grd,0.000994631394473708
202,severidad_media,0.5987042194161326
202,mortalidad_media,0.22297855605295533
202,entropia_grd,0.804426251291673
202,comorbilidades_promedio,0.9767144662050805
202,tasa_cma,0.897475625477927
202,peso_medio_cma,0.9275659367127324
202,pct_pediatrico,0.028256389376607415
202,pct_geriatrico,0.12626996254965014
202,pct_femenino_fertil,0.30229553157096106
202,edad_mediana,0.03410794093670233
202,pct_urgencia,0.05205903387624288
202,pct_programada,0.02204549254398235
202,pct_obstetrica_ingreso,0.30229553157096106
202,pct_alta_domicilio,0.35880589765537946
202,pct_alta_fallecido,0.1488821499238507
202,pct_alta_traslado,0.7257555032953857
202,pct_origen_emergencia,0.8479453956492554
202,pct_origen_referencia,0.02204549254398235
202,pct_uso_pabellon,0.22297855605295533
202,pabellones_promedio,0.5531953196008894
202,tasa_partos,0.6124343988112145
202,tasa_prematurez,0.22297855605295533
202,cv_estancia,0.1488821499238507
202,pct_estancia_larga,0.30229553157096106
203,egresos_por_anio,0.8347294295015332
203,estancia_media,0.7087714304261123
203,estancia_mediana,0.7087714304261123
203,peso_medio_grd,0.28349258963017987
203,severidad_media,0.2692455336724175
203,mortalidad_media,0.6914847012319649
203,entropia_grd,0.7087714304261123
203,comorbilidades_promedio,0.8347294295015332
203,tasa_cma,0.7087714304261123
203,peso_medio_cma,0.5753405016503685
203,pct_pediatrico,0.10600952175153791
203,pct_geriatrico,0.2692455336724175
203,pct_femenino_fertil,0.4063530645178248
203,edad_mediana,0.001341640199549646
203,pct_urgencia,0.7087714304261123
203,pct_programada,0.04035472948977589
203,pct_obstetrica_ingreso,0.6112688929437481
203,pct_alta_domicilio,0.9678518653101089
203,pct_alta_fallecido,0.8347294295015332
203,pct_alta_traslado,0.7087714304261123
203,pct_origen_emergencia,0.11408557021883338
203,pct_origen_referencia,0.933236051533334
203,pct_uso_pabellon,0.4781359659724599
203,pabellones_promedio,0.2692455336724175
203,tasa_partos,0.4063530645178248
203,tasa_prematurez,0.2692455336724175
203,cv_estancia,0.7060674676323796
203,pct_estancia_larga,0.4304432532369153
204,egresos_por_anio,0.07873419241896282
204,estancia_media,0.9866954343008655
204,estancia_mediana,0.9500076871119526
204,peso_medio_grd,0.08568899460062876
204,severidad_media,0.6425857072884799
204,mortalidad_media,0.04547008405441461
204,entropia_grd,0.813421552478534
204,comorbilidades_promedio,0.3165393871124231
204,tasa_cma,0.16808665782331678
204,peso_medio_cma,0.08568899460062876
204,pct_pediatrico,0.04547008405441461
204,pct_geriatrico,0.07873419241896282
204,pct_femenino_fertil,0.4102060820527238
204,edad_mediana,0.16808665782331678
204,pct_urgencia,0.04547008405441461
204,pct_programada,0.6425857072884799
204,pct_obstetrica_ingreso,0.7343640051357414
204,pct_alta_domicilio,0.31717343340825227
204,pct_alta_fallecido,0.3073429719193834
204,pct_alta_traslado,0.04547008405441461
204,pct_origen_emergencia,0.04547008405441461
204,pct_origen_referencia,0.11401755964945257
204,pct_uso_pabellon,0.3165393871124231
204,pabellones_promedio,0.8695971406938238
204,tasa_partos,0.08568899460062876
204,tasa_prematurez,0.4102060820527238
204,cv_estancia,0.23976770437096703
204,pct_estancia_larga,0.6425857072884799
205,egresos_por_anio,0.947632622857176
205,estancia_media,0.9232936326274525
205,estancia_mediana,0.8437504480820944
205,peso_medio_grd,0.19896590603754466
205,severidad_media,0.8437504480820944
205,mortalidad_media,0.6513495201359814
205,entropia_grd,0.947632622857176
205,comorbilidades_promedio,0.28462998819053026
205,tasa_cma,0.9232936326274525
205,peso_medio_cma,0.6513495201359814
205,pct_pediatrico,0.08092685010188232
205,pct_geriatrico,0.8842760112853014
205,pct_femenino_fertil,0.08092685010188232
205,edad_mediana,0.11789651600021318
205,pct_urgencia,0.9232936326274525
205,pct_programada,0.947632622857176
205,pct_obstetrica_ingreso,0.5698932556756662
205,pct_alta_domicilio,0.5698932556756662
205,pct_alta_fallecido,0.11789651600021318
205,pct_alta_traslado,0.8437504480820944
205,pct_origen_emergencia,0.8437504480820944
205,pct_origen_referencia,0.19807118013096298
205,pct_uso_pabellon,0.8437504480820944
205,pabellones_promedio,0.8437504480820944
205,tasa_partos,0.11789651600021318
205,tasa_prematurez,0.8842760112853014
205,cv_estancia,0.11789651600021318
205,pct_estancia_larga,0.947632622857176
206,egresos_por_anio,0.7101979643958177
206,estancia_media,0.6907971822258068
206,estancia_mediana,0.7611341541706981
206,peso_medio_grd,0.32753881164684007
206,severidad_media,0.7496374830838881
206,mortalidad_media,0.9054213190858548
206,entropia_grd,0.3691408043372192
206,comorbilidades_promedio,0.32753881164684007
206,tasa_cma,0.7441103058096677
206,peso_medio_cma,0.9223350893838239
206,pct_pediatrico,0.27317903031289703
206,pct_geriatrico,0.32753881164684007
206,pct_femenino_fertil,0.27317903031289703
206,edad_mediana,0.43913241570781036
206,pct_urgencia,0.6975315537879453
206,pct_programada,0.6975315537879453
206,pct_obstetrica_ingreso,0.8461650688154236
206,pct_alta_domicilio,0.9783192939857168
206,pct_alta_fallecido,0.32753881164684007
206,pct_alta_traslado,0.32753881164684007
206,pct_origen_emergencia,0.40370603993431864
206,pct_origen_referencia,0.6975315537879453
206,pct_uso_pabellon,0.286362824837138
206,pabellones_promedio,0.32753881164684007
206,tasa_partos,0.32753881164684007
206,tasa_prematurez,0.7528067995525293
206,cv_estancia,0.27317903031289703
206,pct_estancia_larga,0.7101979643958177
207,egresos_por_anio,0.9929090360439579
207,estancia_media,0.3567785238635122
207,estancia_mediana,0.28955537930680775
207,peso_medio_grd,0.39086441910741854
207,severidad_media,0.801263035814188
207,mortalidad_media,0.9657995951018377
207,entropia_grd,0.801263035814188
207,comorbilidades_promedio,0.9327830914994393
207,tasa_cma,0.520486948276083
207,peso_medio_cma,0.9327830914994393
207,pct_pediatrico,0.13422915892470771
207,pct_geriatrico,0.13422915892470771
207,pct_femenino_fertil,0.6285991795460493
207,edad_mediana,0.17728039898153428
207,pct_urgencia,0.28955537930680775
207,pct_programada,0.20689706391562662
207,pct_obstetrica_ingreso,0.13422915892470771
207,pct_alta_domicilio,0.801263035814188
207,pct_alta_fallecido,0.13422915892470771
207,pct_alta_traslado,0.46963778227888703
207,pct_origen_emergencia,0.903782964303452
207,pct_origen_referencia,0.28955537930680775
207,pct_uso_pabellon,0.28955537930680775
207,pabellones_promedio,0.9327830914994393
207,tasa_partos,0.32633930530850264
207,tasa_prematurez,0.28955537930680775
207,cv_estancia,0.20689706391562662
207,pct_estancia_larga,0.9584623784117225
208,egresos_por_anio,0.2771817484268919
208,estancia_media,0.6281051769907294
208,estancia_mediana,0.6896328609188039
208,peso_medio_grd,0.021999895761860785
208,severidad_media,0.9343221253343653
208,mortalidad_media,0.6281051769907294
208,entropia_grd,0.6281051769907294
208,comorbilidades_promedio,0.65918794305147
208,tasa_cma,0.6281051769907294
208,peso_medio_cma,0.6281051769907294
208,pct_pediatrico,0.0708770356112957
208,pct_geriatrico,0.6281051769907294
208,pct_femenino_fertil,0.2771817484268919
208,edad_mediana,0.19908327928178382
208,pct_urgencia,0.6896328609188039
208,pct_programada,0.7037787548715446
208,pct_obstetrica_ingreso,0.7037787548715446
208,pct_alta_domicilio,0.18281683087051168
208,pct_alta_fallecido,0.7037787548715446
208,pct_alta_traslado,0.6896328609188039
208,pct_origen_emergencia,0.7037787548715446
208,pct_origen_referencia,0.11684989546219636
208,pct_uso_pabellon,0.11684989546219636
208,pabellones_promedio,0.6896328609188039
208,tasa_partos,0.7744920058590424
208,tasa_prematurez,0.7744920058590424
208,cv_estancia,0.8049337785036654
208,pct_estancia_larga,0.41415295207697483
209,egresos_por_anio,0.7917916275288419
209,estancia_media,0.2783276877393944
209,estancia_mediana,0.7917916275288419
209,peso_medio_grd,0.13022230020199194
209,severidad_media,0.7917916275288419
209,mortalidad_media,0.6329942682028219
209,entropia_grd,0.7917916275288419
209,comorbilidades_promedio,0.7917916275288419
209,tasa_cma,0.6329942682028219
209,peso_medio_cma,0.778867956599628
209,pct_pediatrico,0.24880087000623363
209,pct_geriatrico,0.7917916275288419
209,pct_femenino_fertil,0.7917916275288419
209,edad_mediana,0.002532644266334215
209,pct_urgencia,0.9001394845812761
209,pct_programada,0.7917916275288419
209,pct_obstetrica_ingreso,0.7917916275288419
209,pct_alta_domicilio,0.8024204682002176
209,pct_alta_fallecido,0.6329942682028219
209,pct_alta_traslado,0.6329942682028219
209,pct_origen_emergencia,0.7917916275288419
209,pct_origen_referencia,0.7311403875726404
209,pct_uso_pabellon,0.8037365687654511
209,pabellones_promedio,0.2932314953873263
209,tasa_partos,0.7917916275288419
209,tasa_prematurez,0.7917916275288419
209,cv_estancia,0.9365590332186063
209,pct_estancia_larga,0.7311403875726404
210,egresos_por_anio,0.13442673301993285
210,estancia_media,0.9529340827649457
210,estancia_mediana,0.24726739001466838
210,peso_medio_grd,0.11205881594219824
210,severidad_media,0.6654478967850218
210,mortalidad_media,0.5728137547174327
210,entropia_grd,0.11205881594219824
210,comorbilidades_promedio,0.43324911157933166
210,tasa_cma,0.7003239170830835
210,peso_medio_cma,0.6654478967850218
210,pct_pediatrico,0.01704206007032461
210,pct_geriatrico,0.027213286858626166
210,pct_femenino_fertil,0.7003239170830835
210,edad_mediana,0.11205881594219824
210,pct_urgencia,0.4199355145066401
210,pct_programada,0.11205881594219824
210,pct_obstetrica_ingreso,0.6654478967850218
210,pct_alta_domicilio,0.5728137547174327
210,pct_alta_fallecido,0.24726739001466838
210,pct_alta_traslado,0.9529340827649457
210,pct_origen_emergencia,0.9697635578461045
210,pct_origen_referencia,0.11205881594219824
210,pct_uso_pabellon,0.9468967898924011
210,pabellones_promedio,0.9468967898924011
210,tasa_partos,0.046956967844423735
210,tasa_prematurez,0.5728137547174327
210,cv_estancia,0.24726739001466838
210,pct_estancia_larga,0.11205881594219824
211,egresos_por_anio,0.6057864477945005
211,estancia_media,0.5951066562843716
211,estancia_mediana,0.6385293172949962
211,peso_medio_grd,0.4191041685982439
211,severidad_media,0.37950013209154243
211,mortalidad_media,0.16410019846440024
211,entropia_grd,0.4191041685982439
211,comorbilidades_promedio,0.6189251558324531
211,tasa_cma,0.4191041685982439
211,peso_medio_cma,0.6114771677979594
211,pct_pediatrico,0.10727174033625539
211,pct_geriatrico,0.04876312421911045
211,pct_femenino_fertil,0.032395638081927025
211,edad_mediana,0.33419751534080105
211,pct_urgencia,0.8667270520857471
211,pct_programada,0.1180102748617116
211,pct_obstetrica_ingreso,0.5951066562843716
211,pct_alta_domicilio,0.33419751534080105
211,pct_alta_fallecido,0.7417762394846019
211,pct_alta_traslado,0.07256931135199518
211,pct_origen_emergencia,0.973212795800576
211,pct_origen_referencia,0.6385293172949962
211,pct_uso_pabellon,0.6057864477945005
211,pabellones_promedio,0.3601036816231171
211,tasa_partos,0.08968174850427843
211,tasa_prematurez,0.7061757437916764
211,cv_estancia,0.6189251558324531
211,pct_estancia_larga,0.33419751534080105
212,egresos_por_anio,0.7152449556100334
212,estancia_media,0.6597293155437398
212,estancia_mediana,0.6597293155437398
212,peso_medio_grd,0.6597293155437398
212,severidad_media,0.7104983514038645
212,mortalidad_media,0.6597293155437398
212,entropia_grd,0.6597293155437398
212,comorbilidades_promedio,0.6597293155437398
212,tasa_cma,0.8780487225828699
212,peso_medio_cma,0.6731157011832551
212,pct_pediatrico,0.18190974441467406
212,pct_geriatrico,0.055197769871043474
212,pct_femenino_fertil,0.6597293155437398
212,edad_mediana,0.014500065152862026
212,pct_urgencia,0.8780487225828699
212,pct_programada,0.6597293155437398
212,pct_obstetrica_ingreso,0.7152449556100334
212,pct_alta_domicilio,0.7028966287494776
212,pct_alta_fallecido,0.6597293155437398
212,pct_alta_traslado,0.6597293155437398
212,pct_origen_emergencia,0.6597293155437398
212,pct_origen_referencia,0.6597293155437398
212,pct_uso_pabellon,0.7103500802974829
212,pabellones_promedio,0.6597293155437398
212,tasa_partos,0.9973348735025046
212,tasa_prematurez,0.6597293155437398
212,cv_estancia,0.7152449556100334
212,pct_estancia_larga,0.8215298370392132
213,egresos_por_anio,0.8570845816042914
213,estancia_media,0.46131847800901077
213,estancia_mediana,0.7920704095559518
213,peso_medio_grd,0.7920704095559518
213,severidad_media,0.7920704095559518
213,mortalidad_media,0.7955387843666728
213,entropia_grd,0.8570845816042914
213,comorbilidades_promedio,0.7920704095559518
213,tasa_cma,0.4066490559459291
213,peso_medio_cma,0.3559032114785677
213,pct_pediatrico,0.09163171515088007
213,pct_geriatrico,0.15451098029011184
213,pct_femenino_fertil,0.7920704095559518
213,edad_mediana,0.09163171515088007
213,pct_urgencia,0.7920704095559518
213,pct_programada,0.09534281818762963
213,pct_obstetrica_ingreso,0.6967769425690615
213,pct_alta_domicilio,0.8897508048168615
213,pct_alta_fallecido,0.26164787746267826
213,pct_alta_traslado,0.32298864105964914
213,pct_origen_emergencia,0.7955387843666728
213,pct_origen_referencia,0.7920704095559518
213,pct_uso_pabellon,0.7920704095559518
213,pabellones_promedio,0.26164787746267826
213,tasa_partos,0.23458196183569865
213,tasa_prematurez,0.8570845816042914
213,cv_estancia,0.971154761267233
213,pct_estancia_larga,0.971154761267233
214,egresos_por_anio,0.2688361643213885
214,estancia_media,0.4293179328614944
214,estancia_mediana,0.4195897265813101
214,peso_medio_grd,0.4293179328614944
214,severidad_media,0.4293179328614944
214,mortalidad_media,0.2688361643213885
214,entropia_grd,0.4293179328614944
214,comorbilidades_promedio,0.4195897265813101
214,tasa_cma,0.2688361643213885
214,peso_medio_cma,0.4293179328614944
214,pct_pediatrico,0.031046381323985857
214,pct_geriatrico,0.2688361643213885
214,pct_femenino_fertil,0.943724762123366
214,edad_mediana,0.2688361643213885
214,pct_urgencia,0.4293179328614944
214,pct_programada,0.3183183636915946
214,pct_obstetrica_ingreso,0.4293179328614944
214,pct_alta_domicilio,0.4293179328614944
214,pct_alta_fallecido,0.40722478273153145
214,pct_alta_traslado,0.4195897265813101
214,pct_origen_emergencia,0.21001886449402063
214,pct_origen_referencia,0.7030001090012605
214,pct_uso_pabellon,0.4293179328614944
214,pabellones_promedio,0.9986209573195847
214,tasa_partos,0.21001886449402063
214,tasa_prematurez,0.2688361643213885
214,cv_estancia,0.4293179328614944
214,pct_estancia_larga,0.4293179328614944
215,egresos_por_anio,0.2958415228783733
215,estancia_media,0.9833203753779528
215,estancia_mediana,0.51146828904438
215,peso_medio_grd,0.3914623593126497
215,severidad_media,0.3914623593126497
215,mortalidad_media,0.7030823545290723
215,entropia_grd,0.5201574755964928
215,comorbilidades_promedio,0.44229059231480217
215,tasa_cma,0.11146830869613053
215,peso_medio_cma,0.575434116431859
215,pct_pediatrico,0.10437336291322515
215,pct_geriatrico,0.3914623593126497
215,pct_femenino_fertil,0.3914623593126497
215,edad_mediana,0.03446817020567893
215,pct_urgencia,0.1997646714841984
215,pct_programada,0.7925379803373269
215,pct_obstetrica_ingreso,0.3914623593126497
215,pct_alta_domicilio,0.3914623593126497
215,pct_alta_fallecido,0.024951408008167215
215,pct_alta_traslado,0.42000275685910554
215,pct_origen_emergencia,0.3914623593126497
215,pct_origen_referencia,0.7925379803373269
215,pct_uso_pabellon,0.6388337844544807
215,pabellones_promedio,0.3914623593126497
215,tasa_partos,0.04555326087707284
215,tasa_prematurez,0.5201574755964928
215,cv_estancia,0.04555326087707284
215,pct_estancia_larga,0.42000275685910554
216,egresos_por_anio,0.7064786488839248
216,estancia_media,0.9909692073824029
216,estancia_mediana,0.21010322188284153
216,peso_medio_grd,0.2704995193232661
216,severidad_media,0.6818779571118764
216,mortalidad_media,0.2631947944092561
216,entropia_grd,0.4639036194174431
216,comorbilidades_promedio,0.2631947944092561
216,tasa_cma,0.9798171837949907
216,peso_medio_cma,0.6435586789657676
216,pct_pediatrico,0.04465261434136893
216,pct_geriatrico,0.04511627994284118
216,pct_femenino_fertil,0.4639036194174431
216,edad_mediana,0.7064786488839248
216,pct_urgencia,0.48260469204534673
216,pct_programada,0.19844117967349503
216,pct_obstetrica_ingreso,0.48260469204534673
216,pct_alta_domicilio,0.6475949585440679
216,pct_alta_fallecido,0.16948700960143623
216,pct_alta_traslado,0.48260469204534673
216,pct_origen_emergencia,0.2631947944092561
216,pct_origen_referencia,0.2631947944092561
216,pct_uso_pabellon,0.6435586789657676
216,pabellones_promedio,0.4639036194174431
216,tasa_partos,0.8221678492143535
216,tasa_prematurez,0.5822430751505892
216,cv_estancia,0.4639036194174431
216,pct_estancia_larga,0.2631947944092561
217,egresos_por_anio,0.37540387470454545
217,estancia_media,0.9645843964307939
217,estancia_mediana,0.9186912615765519
217,peso_medio_grd,0.7336587590355617
217,severidad_media,0.16478700139195074
217,mortalidad_media,0.12953176562908345
217,entropia_grd,0.5208154323082986
217,comorbilidades_promedio,0.4129733411284021
217,tasa_cma,0.1578795756017671
217,peso_medio_cma,0.9089896513085297
217,pct_pediatrico,0.12953176562908345
217,pct_geriatrico,0.1875699399066947
217,pct_femenino_fertil,0.4378330550645063
217,edad_mediana,0.9645843964307939
217,pct_urgencia,0.01554592261558686
217,pct_programada,0.12953176562908345
217,pct_obstetrica_ingreso,0.7336587590355617
217,pct_alta_domicilio,0.9645843964307939
217,pct_alta_fallecido,0.20281700944295714
217,pct_alta_traslado,0.0015051147113893147
217,pct_origen_emergencia,0.48161724118529176
217,pct_origen_referencia,0.9645843964307939
217,pct_uso_pabellon,0.9645843964307939
217,pabellones_promedio,0.7336587590355617
217,tasa_partos,0.9498999118237235
217,tasa_prematurez,0.4412554937016524
217,cv_estancia,0.9645843964307939
217,pct_estancia_larga,0.9498999118237235
218,egresos_por_anio,0.5268080180958014
218,estancia_media,0.6869694284802133
218,estancia_mediana,0.5747217913217624
218,peso_medio_grd,0.7968909818657378
218,severidad_media,0.3844025462275703
218,mortalidad_media,0.7794758994747326
218,entropia_grd,0.32158434694433735
218,comorbilidades_promedio,0.7794758994747326
218,tasa_cma,0.5268080180958014
218,peso_medio_cma,0.8270882270512435
218,pct_pediatrico,0.2694284378616553
218,pct_geriatrico,0.5685593865718839
218,pct_femenino_fertil,0.2694284378616553
218,edad_mediana,0.2694284378616553
218,pct_urgencia,0.2694284378616553
218,pct_programada,0.3722523576644559
218,pct_obstetrica_ingreso,0.8270882270512435
218,pct_alta_domicilio,0.7794758994747326
218,pct_alta_fallecido,0.5270191004245002
218,pct_alta_traslado,0.8642211007099805
218,pct_origen_emergencia,0.32158434694433735
218,pct_origen_referencia,0.5268080180958014
218,pct_uso_pabellon,0.744842751580002
218,pabellones_promedio,0.5268080180958014
218,tasa_partos,0.6083430874192255
218,tasa_prematurez,0.45667596218857665
218,cv_estancia,0.3722523576644559
218,pct_estancia_larga,0.7794758994747326
219,egresos_por_anio,0.8928555930952864
219,estancia_media,0.7524752019485198
219,estancia_mediana,0.7524752019485198
219,peso_medio_grd,0.8928555930952864
219,severidad_media,0.7524752019485198
219,mortalidad_media,0.7524752019485198
219,entropia_grd,0.8928555930952864
219,comorbilidades_promedio,0.7524752019485198
219,tasa_cma,0.8185105065001977
219,peso_medio_cma,0.8185105065001977
219,pct_pediatrico,0.26034068487384737
219,pct_geriatrico,0.26034068487384737
219,pct_femenino_fertil,0.7524752019485198
219,edad_mediana,0.26034068487384737
219,pct_urgencia,0.8928555930952864
219,pct_programada,0.7524752019485198
219,pct_obstetrica_ingreso,0.32491325769602686
219,pct_alta_domicilio,0.8928555930952864
219,pct_alta_fallecido,0.8562576424590419
219,pct_alta_traslado,0.7524752019485198
219,pct_origen_emergencia,0.7524752019485198
219,pct_origen_referencia,0.7524752019485198
219,pct_uso_pabellon,0.7524752019485198
219,pabellones_promedio,0.7524752019485198
219,tasa_partos,0.7524752019485198
219,tasa_prematurez,0.7524752019485198
219,cv_estancia,0.7524752019485198
219,pct_estancia_larga,0.7524752019485198
220,egresos_por_anio,0.49040711242487534
220,estancia_media,0.5160277002312006
220,estancia_mediana,0.8117292057907404
220,peso_medio_grd,0.15290582553427715
220,severidad_media,0.7809277672818364
220,mortalidad_media,0.05993782327226247
220,entropia_grd,0.3953457614039574
220,comorbilidades_promedio,0.6612684920591427
220,tasa_cma,0.49040711242487534
220,peso_medio_cma,0.7425626955668694
220,pct_pediatrico,0.12383890804050385
220,pct_geriatrico,0.05993782327226247
220,pct_femenino_fertil,0.49040711242487534
220,edad_mediana,0.05993782327226247
220,pct_urgencia,0.9683980663616298
220,pct_programada,0.37958410693105
220,pct_obstetrica_ingreso,0.49040711242487534
220,pct_alta_domicilio,0.34347334998100393
220,pct_alta_fallecido,0.10509671418300809
220,pct_alta_traslado,0.49040711242487534
220,pct_origen_emergencia,0.9683980663616298
220,pct_origen_referencia,0.05993782327226247
220,pct_uso_pabellon,0.5276025961114503
220,pabellones_promedio,0.05993782327226247
220,tasa_partos,0.5552503442558838
220,tasa_prematurez,0.9683980663616298
220,cv_estancia,0.12428144549329563
220,pct_estancia_larga,0.3365700699341335
221,egresos_por_anio,0.701331745105042
221,estancia_media,0.23234568172085465
221,estancia_mediana,0.42511901940852276
221,peso_medio_grd,0.08611791985381946
221,severidad_media,0.7541843891690693
221,mortalidad_media,0.7500954452249026
221,entropia_grd,0.16671021404402336
221,comorbilidades_promedio,0.02222100014458579
221,tasa_cma,0.021308147120797618
221,peso_medio_cma,0.111149633993982
221,pct_pediatrico,0.049125789783809465
221,pct_geriatrico,0.7500954452249026
221,pct_femenino_fertil,0.14390294273872062
221,edad_mediana,0.5610281204040165
221,pct_urgencia,0.12996684653648266
221,pct_programada,0.16671021404402336
221,pct_obstetrica_ingreso,0.7541843891690693
221,pct_alta_domicilio,0.14390294273872062
221,pct_alta_fallecido,0.6901050442861218
221,pct_alta_traslado,0.02222100014458579
221,pct_origen_emergencia,0.3861513210249892
221,pct_origen_referencia,0.012500924248686809
221,pct_uso_pabellon,0.02222100014458579
221,pabellones_promedio,0.03702018603334307
221,tasa_partos,0.67241669073087
221,tasa_prematurez,0.08611791985381946
221,cv_estancia,0.08611791985381946
221,pct_estancia_larga,0.6901050442861218
222,egresos_por_anio,0.7582542218031825
222,estancia_media,0.39388348811056156
222,estancia_mediana,0.6730852948823742
222,peso_medio_grd,0.6730852948823742
222,severidad_media,0.6730852948823742
222,mortalidad_media,0.7404040711687193
222,entropia_grd,0.16227035197939396
222,comorbilidades_promedio,0.9055797152973073
222,tasa_cma,0.6730852948823742
222,peso_medio_cma,0.7582542218031825
222,pct_pediatrico,0.13063651253360048
222,pct_geriatrico,0.3008734651588308
222,pct_femenino_fertil,0.7582542218031825
222,edad_mediana,0.7418793737248001
222,pct_urgencia,0.16227035197939396
222,pct_programada,0.7418793737248001
222,pct_obstetrica_ingreso,0.8566177301442915
222,pct_alta_domicilio,0.6730852948823742
222,pct_alta_fallecido,0.7418793737248001
222,pct_alta_traslado,0.16227035197939396
222,pct_origen_emergencia,0.7582542218031825
222,pct_origen_referencia,0.16227035197939396
222,pct_uso_pabellon,0.7404040711687193
222,pabellones_promedio,0.7418793737248001
222,tasa_partos,0.6730852948823742
222,tasa_prematurez,0.8315376402307112
222,cv_estancia,0.7418793737248001
222,pct_estancia_larga,0.16227035197939396
223,egresos_por_anio,0.6202648253148535
223,estancia_media,0.3934301510369519
223,estancia_mediana,0.5281739414831618
223,peso_medio_grd,0.6202648253148535
223,severidad_media,0.4269857808900936
223,mortalidad_media,0.7832124081984896
223,entropia_grd,0.7824708057109279
223,comorbilidades_promedio,0.3934301510369519
223,tasa_cma,0.6202648253148535
223,peso_medio_cma,0.7832124081984896
223,pct_pediatrico,0.28927847993127703
223,pct_geriatrico,0.7832124081984896
223,pct_femenino_fertil,0.6202648253148535
223,edad_mediana,0.28927847993127703
223,pct_urgencia,0.3934301510369519
223,pct_programada,0.9337250396208494
223,pct_obstetrica_ingreso,0.4180500287210864
223,pct_alta_domicilio,0.7832124081984896
223,pct_alta_fallecido,0.8129095785908462
223,pct_alta_traslado,0.7824708057109279
223,pct_origen_emergencia,0.7943502313023035
223,pct_origen_referencia,0.016416663899258825
223,pct_uso_pabellon,0.3934301510369519
223,pabellones_promedio,0.37479739164538967
223,tasa_partos,0.9337250396208494
223,tasa_prematurez,0.6934265739311816
223,cv_estancia,0.7824708057109279
223,pct_estancia_larga,0.6202648253148535
224,egresos_por_anio,0.5472607435663617
224,estancia_media,0.6630557221385674
224,estancia_mediana,0.9601458021481455
224,peso_medio_grd,0.9601458021481455
224,severidad_media,0.9665566961299876
224,mortalidad_media,0.9601458021481455
224,entropia_grd,0.5472607435663617
224,comorbilidades_promedio,0.32544449374908746
224,tasa_cma,0.9601458021481455
224,peso_medio_cma,0.32544449374908746
224,pct_pediatrico,0.09575797384569804
224,pct_geriatrico,0.22106974067343774
224,pct_femenino_fertil,0.9665566961299876
224,edad_mediana,0.22106974067343774
224,pct_urgencia,0.32544449374908746
224,pct_programada,0.5472607435663617
224,pct_obstetrica_ingreso,0.9601458021481455
224,pct_alta_domicilio,0.9601458021481455
224,pct_alta_fallecido,0.22106974067343774
224,pct_alta_traslado,0.5472607435663617
224,pct_origen_emergencia,0.7388981875709854
224,pct_origen_referencia,0.9665566961299876
224,pct_uso_pabellon,0.32544449374908746
224,pabellones_promedio,0.6579384550153539
224,tasa_partos,0.9665566961299876
224,tasa_prematurez,0.9601458021481455
224,cv_estancia,0.5472607435663617
224,pct_estancia_larga,0.892883228164453
225,egresos_por_anio,0.6919973842227035
225,estancia_media,0.16357139612908925
225,estancia_mediana,0.7870077232958663
225,peso_medio_grd,0.023500088562705176
225,severidad_media,0.6919973842227035
225,mortalidad_media,0.5191344236348385
225,entropia_grd,0.7056923941913664
225,comorbilidades_promedio,0.36501571678232875
225,tasa_cma,0.023500088562705176
225,peso_medio_cma,0.5191344236348385
225,pct_pediatrico,0.0702874198364262
225,pct_geriatrico,0.27458575732965224
225,pct_femenino_fertil,0.6919973842227035
225,edad_mediana,0.14737329729811632
225,pct_urgencia,0.49090998097127836
225,pct_programada,0.7056923941913664
225,pct_obstetrica_ingreso,0.5191344236348385
225,pct_alta_domicilio,0.8218182774266908
225,pct_alta_fallecido,0.023500088562705176
225,pct_alta_traslado,0.7870077232958663
225,pct_origen_emergencia,0.15871740169237794
225,pct_origen_referencia,0.0421554875081943
225,pct_uso_pabellon,0.49090998097127836
225,pabellones_promedio,0.5191344236348385
225,tasa_partos,0.5191344236348385
225,tasa_prematurez,0.0702874198364262
225,cv_estancia,0.0421554875081943
225,pct_estancia_larga,0.6614492774384497
226,egresos_por_anio,0.7581910941015139
226,estancia_media,0.45698699923460556
226,estancia_mediana,0.32026186471277324
226,peso_medio_grd,0.15221685147445013
226,severidad_media,0.2944553501313719
226,mortalidad_media,0.055585646470377635
226,entropia_grd,0.15553756472856434
226,comorbilidades_promedio,0.4570780121142606
226,tasa_cma,0.055585646470377635
226,peso_medio_cma,0.3927040647735597
226,pct_pediatrico,0.1103923668015709
226,pct_geriatrico,0.2891564339655652
226,pct_femenino_fertil,0.1103923668015709
226,edad_mediana,0.1103923668015709
226,pct_urgencia,0.1103923668015709
226,pct_programada,0.2224752931083741
226,pct_obstetrica_ingreso,0.14261086353107524
226,pct_alta_domicilio,0.5733965190767688
226,pct_alta_fallecido,0.47340936082865087
226,pct_alta_traslado,0.1103923668015709
226,pct_origen_emergencia,0.1103923668015709
226,pct_origen_referencia,0.1103923668015709
226,pct_uso_pabellon,0.45698699923460556
226,pabellones_promedio,0.8991424810122772
226,tasa_partos,0.1103923668015709
226,tasa_prematurez,0.14261086353107524
226,cv_estancia,0.8103649612234338
226,pct_estancia_larga,0.9439965957474479
227,egresos_por_anio,0.9055528831205353
227,estancia_media,0.5118501888352954
227,estancia_mediana,0.8243770871498773
227,peso_medio_grd,0.5118501888352954
227,severidad_media,0.5118501888352954
227,mortalidad_media,0.8243770871498773
227,entropia_grd,0.9055528831205353
227,comorbilidades_promedio,0.5118501888352954
227,tasa_cma,0.002875599243340676
227,peso_medio_cma,0.8243770871498773
227,pct_pediatrico,0.020726382883782375
227,pct_geriatrico,0.0023409064263449106
227,pct_femenino_fertil,0.20761350700469663
227,edad_mediana,0.28765373668048266
227,pct_urgencia,0.29243392902264675
227,pct_programada,0.19365791082516287
227,pct_obstetrica_ingreso,0.9471649843552452
227,pct_alta_domicilio,0.5118501888352954
227,pct_alta_fallecido,0.16848953893021779
227,pct_alta_traslado,0.16848953893021779
227,pct_origen_emergencia,0.723912356083523
227,pct_origen_referencia,0.07510164430694186
227,pct_uso_pabellon,0.1878162660242369
227,pabellones_promedio,0.723912356083523
227,tasa_partos,0.9055528831205353
227,tasa_prematurez,0.16848953893021779
227,cv_estancia,0.6272501728853077
227,pct_estancia_larga,0.5118501888352954
228,egresos_por_anio,0.34426247753224504
228,estancia_media,0.7199793254529163
228,estancia_mediana,0.7270985283676296
228,peso_medio_grd,0.34426247753224504
228,severidad_media,0.34426247753224504
228,mortalidad_media,0.7199793254529163
228,entropia_grd,0.739937659604214
228,comorbilidades_promedio,0.4528965504744155
228,tasa_cma,0.7199793254529163
228,peso_medio_cma,0.34426247753224504
228,pct_pediatrico,0.1923464661900074
228,pct_geriatrico,0.34426247753224504
228,pct_femenino_fertil,0.5741843990978902
228,edad_mediana,0.1923464661900074
228,pct_urgencia,0.1923464661900074
228,pct_programada,0.07320762106833877
228,pct_obstetrica_ingreso,0.7199793254529163
228,pct_alta_domicilio,0.34426247753224504
228,pct_alta_fallecido,0.739937659604214
228,pct_alta_traslado,0.2865669859686712
228,pct_origen_emergencia,0.5350612678445185
228,pct_origen_referencia,0.34426247753224504
228,pct_uso_pabellon,0.44975325585373943
228,pabellones_promedio,0.3293440527381214
228,tasa_partos,0.31031436076506647
228,tasa_prematurez,0.1923464661900074
228,cv_estancia,0.48739074834366686
228,pct_estancia_larga,0.34426247753224504
229,egresos_por_anio,0.8433901310525245
229,estancia_media,0.7608428149602703
229,estancia_mediana,0.9495215100281182
229,peso_medio_grd,0.7608428149602703
229,severidad_media,0.9590800344927529
229,mortalidad_media,0.6000656858323582
229,entropia_grd,0.20154681384336004
229,comorbilidades_promedio,0.31758645305631544
229,tasa_cma,0.7284883606695022
229,peso_medio_cma,0.8433901310525245
229,pct_pediatrico,0.04358502718856098
229,pct_geriatrico,0.1545698853239068
229,pct_femenino_fertil,0.9590800344927529
229,edad_mediana,0.049385099215167656
229,pct_urgencia,0.14609736641609658
229,pct_programada,0.46612584157815307
229,pct_obstetrica_ingreso,0.7945738840132747
229,pct_alta_domicilio,0.5123345713998698
229,pct_alta_fallecido,0.14609736641609658
229,pct_alta_traslado,0.9495215100281182
229,pct_origen_emergencia,0.7608428149602703
229,pct_origen_referencia,0.5869649828920573
229,pct_uso_pabellon,0.9495215100281182
229,pabellones_promedio,0.5123345713998698
229,tasa_partos,0.6000656858323582
229,tasa_prematurez,0.8100244263764728
229,cv_estancia,0.7945738840132747
229,pct_estancia_larga,0.14609736641609658
230,egresos_por_anio,0.5857600783575898
230,estancia_media,0.6061149088072584
230,estancia_mediana,0.8307531036468159
230,peso_medio_grd,0.8648488327352423
230,severidad_media,0.28422572750819664
230,mortalidad_media,0.8687192328129851
230,entropia_grd,0.14423226666816724
230,comorbilidades_promedio,0.7690217809474994
230,tasa_cma,0.19003799262164675
230,peso_medio_cma,0.8307531036468159
230,pct_pediatrico,0.14423226666816724
230,pct_geriatrico,0.6061149088072584
230,pct_femenino_fertil,0.28422572750819664
230,edad_mediana,0.05430227270761623
230,pct_urgencia,0.9808312422232388
230,pct_programada,0.02036892787129589
230,pct_obstetrica_ingreso,0.6061149088072584
230,pct_alta_domicilio,0.28422572750819664
230,pct_alta_fallecido,0.14423226666816724
230,pct_alta_traslado,0.7571630452104923
230,pct_origen_emergencia,0.1830463747115909
230,pct_origen_referencia,0.5857600783575898
230,pct_uso_pabellon,0.28422572750819664
230,pabellones_promedio,0.6061149088072584
230,tasa_partos,0.6832847081277215
230,tasa_prematurez,0.8376994676007714
230,cv_estancia,0.6095316215149504
230,pct_estancia_larga,0.9484310364760307
231,egresos_por_anio,0.5040870769200485
231,estancia_media,0.12612410521227319
231,estancia_mediana,0.9605048412980092
231,peso_medio_grd,0.22694535480429512
231,severidad_media,0.22694535480429512
231,mortalidad_media,0.6452616025962908
231,entropia_grd,0.8078097851776681
231,comorbilidades_promedio,0.8971861817942688
231,tasa_cma,0.06915120205792837
231,peso_medio_cma,0.27898852019916703
231,pct_pediatrico,0.129849692333333
231,pct_geriatrico,0.06915120205792837
231,pct_femenino_fertil,0.3526544927364786
231,edad_mediana,0.22694535480429512
231,pct_urgencia,0.22694535480429512
231,pct_programada,0.22694535480429512
231,pct_obstetrica_ingreso,0.8111688068438768
231,pct_alta_domicilio,0.22694535480429512
231,pct_alta_fallecido,0.05121315136531624
231,pct_alta_traslado,0.8698412814459783
231,pct_origen_emergencia,0.22694535480429512
231,pct_origen_referencia,0.12612410521227319
231,pct_uso_pabellon,0.3786724807898271
231,pabellones_promedio,0.3526544927364786
231,tasa_partos,0.8111688068438768
231,tasa_prematurez,0.5040870769200485
231,cv_estancia,0.4353356085017167
231,pct_estancia_larga,0.8111688068438768
232,egresos_por_anio,0.1648143849239428
232,estancia_media,0.28279735581247095
232,estancia_mediana,0.2209923363375677
232,peso_medio_grd,0.3308753609270982
232,severidad_media,0.3484108787226209
232,mortalidad_media,0.7941080336174664
232,entropia_grd,0.04492415487231316
232,comorbilidades_promedio,0.13103721819697142
232,tasa_cma,0.7941080336174664
232,peso_medio_cma,0.197857807854751
232,pct_pediatrico,0.04492415487231316
232,pct_geriatrico,0.24424450625990315
232,pct_femenino_fertil,0.36690783961309004
232,edad_mediana,0.1648143849239428
232,pct_urgencia,0.2209923363375677
232,pct_programada,0.17223593635493503
232,pct_obstetrica_ingreso,0.7941080336174664
232,pct_alta_domicilio,0.17223593635493503
232,pct_alta_fallecido,0.28279735581247095
232,pct_alta_traslado,0.13103721819697142
232,pct_origen_emergencia,0.3308753609270982
232,pct_origen_referencia,0.13103721819697142
232,pct_uso_pabellon,0.3308753609270982
232,pabellones_promedio,0.13103721819697142
232,tasa_partos,0.13414051973603525
232,tasa_prematurez,0.13414051973603525
232,cv_estancia,0.35444273708416724
232,pct_estancia_larga,0.2209923363375677
233,egresos_por_anio,0.7863089228974197
233,estancia_media,0.2363929124510341
233,estancia_mediana,0.7863089228974197
233,peso_medio_grd,0.7863089228974197
233,severidad_media,0.7863089228974197
233,mortalidad_media,0.9847243104652783
233,entropia_grd,0.7863089228974197
233,comorbilidades_promedio,0.7863089228974197
233,tasa_cma,0.2363929124510341
233,peso_medio_cma,0.9801090297031332
233,pct_pediatrico,0.10864211745884181
233,pct_geriatrico,0.10864211745884181
233,pct_femenino_fertil,0.10864211745884181
233,edad_mediana,0.09879423683055046
233,pct_urgencia,0.6188083364284093
233,pct_programada,0.7863089228974197
233,pct_obstetrica_ingreso,0.6188083364284093
233,pct_alta_domicilio,0.48111525589441534
233,pct_alta_fallecido,0.7863089228974197
233,pct_alta_traslado,0.7863089228974197
233,pct_origen_emergencia,0.7863089228974197
233,pct_origen_referencia,0.9267170038463829
233,pct_uso_pabellon,0.7863089228974197
233,pabellones_promedio,0.7955437968317386
233,tasa_partos,0.7863089228974197
233,tasa_prematurez,0.7863089228974197
233,cv_estancia,0.039622128578468294
233,pct_estancia_larga,0.6188083364284093
234,egresos_por_anio,0.40199531133172123
234,estancia_media,0.1917167065206596
234,estancia_mediana,0.4910281271537727
234,peso_medio_grd,0.7895002609280787
234,severidad_media,0.6181393688129823
234,mortalidad_media,0.48645794241389295
234,entropia_grd,0.7895002609280787
234,comorbilidades_promedio,0.1917167065206596
234,tasa_cma,0.43679947115016293
234,peso_medio_cma,0.7895002609280787
234,pct_pediatrico,0.10474396643562335
234,pct_geriatrico,0.0030095872951985845
234,pct_femenino_fertil,0.39304318379191444
234,edad_mediana,0.7895002609280787
234,pct_urgencia,0.3927677286423795
234,pct_programada,0.40199531133172123
234,pct_obstetrica_ingreso,0.4910281271537727
234,pct_alta_domicilio,0.40199531133172123
234,pct_alta_fallecido,0.40199531133172123
234,pct_alta_traslado,0.1917167065206596
234,pct_origen_emergencia,0.9328822442266252
234,pct_origen_referencia,0.008514721357691499
234,pct_uso_pabellon,0.6648967592549514
234,pabellones_promedio,0.40199531133172123
234,tasa_partos,0.3927677286423795
234,tasa_prematurez,0.4242664851097
234,cv_estancia,0.40199531133172123
234,pct_estancia_larga,0.43679947115016293
235,egresos_por_anio,0.9768537551434878
235,estancia_media,0.17575230363089872
235,estancia_mediana,0.7149621528266755
235,peso_medio_grd,0.17575230363089872
235,severidad_media,0.8506952117804629
235,mortalidad_media,0.7165689789955593
235,entropia_grd,0.4862214276363797
235,comorbilidades_promedio,0.4862214276363797
235,tasa_cma,0.8506952117804629
235,peso_medio_cma,0.4862214276363797
235,pct_pediatrico,0.17575230363089872
235,pct_geriatrico,0.1410994670177653
235,pct_femenino_fertil,0.7149621528266755
235,edad_mediana,0.17575230363089872
235,pct_urgencia,0.7339355839695973
235,pct_programada,0.4074069864201813
235,pct_obstetrica_ingreso,0.4862214276363797
235,pct_alta_domicilio,0.4466378787034737
235,pct_alta_fallecido,0.17575230363089872
235,pct_alta_traslado,0.4862214276363797
235,pct_origen_emergencia,0.4862214276363797
235,pct_origen_referencia,0.7149621528266755
235,pct_uso_pabellon,0.9333756942481175
235,pabellones_promedio,0.743226473178289
235,tasa_partos,0.4862214276363797
235,tasa_prematurez,0.9333756942481175
235,cv_estancia,0.6285735786535845
235,pct_estancia_larga,0.4862214276363797
236,egresos_por_anio,0.5965114581598756
236,estancia_media,0.44449932055446734
236,estancia_mediana,0.3748518486573799
236,peso_medio_grd,0.5666329024108834
236,severidad_media,0.9534336309149257
236,mortalidad_media,0.7780125888644415
236,entropia_grd,0.8723014017475877
236,comorbilidades_promedio,0.9534336309149257
236,tasa_cma,0.9534336309149257
236,peso_medio_cma,0.9534336309149257
236,pct_pediatrico,0.12790812172626714
236,pct_geriatrico,0.04249264001929836
236,pct_femenino_fertil,0.7780125888644415
236,edad_mediana,0.1833340274230747
236,pct_urgencia,0.3748518486573799
236,pct_programada,0.12790812172626714
236,pct_obstetrica_ingreso,0.9534336309149257
236,pct_alta_domicilio,0.9534336309149257
236,pct_alta_fallecido,0.9607500302762281
236,pct_alta_traslado,0.37257978206404657
236,pct_origen_emergencia,0.9414880540637774
236,pct_origen_referencia,0.09800683744730412
236,pct_uso_pabellon,0.09800683744730412
236,pabellones_promedio,0.3197802495459933
236,tasa_partos,0.9534336309149257
236,tasa_prematurez,0.5965114581598756
236,cv_estancia,0.3748518486573799
236,pct_estancia_larga,0.9534336309149257
237,egresos_por_anio,0.49272108791321845
237,estancia_media,0.39949362317016
237,estancia_mediana,0.5739073916368073
237,peso_medio_grd,0.39949362317016
237,severidad_media,0.49272108791321845
237,mortalidad_media,0.2159860138888595
237,entropia_grd,0.39949362317016
237,comorbilidades_promedio,0.39949362317016
237,tasa_cma,0.050365557377576774
237,peso_medio_cma,0.41940184058001484
237,pct_pediatrico,0.20569705024948812
237,pct_geriatrico,0.23418655011470654
237,pct_femenino_fertil,0.9844474756881442
237,edad_mediana,0.050365557377576774
237,pct_urgencia,0.9920068870748522
237,pct_programada,0.9844474756881442
237,pct_obstetrica_ingreso,0.39949362317016
237,pct_alta_domicilio,0.6738931751375267
237,pct_alta_fallecido,0.43837188599469146
237,pct_alta_traslado,0.5711172805992206
237,pct_origen_emergencia,0.6472705619624821
237,pct_origen_referencia,0.8933066220664725
237,pct_uso_pabellon,0.9920068870748522
237,pabellones_promedio,0.9844474756881442
237,tasa_partos,0.2729302070729042
237,tasa_prematurez,0.49272108791321845
237,cv_estancia,0.39949362317016
237,pct_estancia_larga,0.39949362317016
238,egresos_por_anio,0.40303111449079426
238,estancia_media,0.5455848738008007
238,estancia_mediana,0.38082050028044895
238,peso_medio_grd,0.11502755035349582
238,severidad_media,0.4798802719778527
238,mortalidad_media,0.5455848738008007
238,entropia_grd,0.6295179690449852
238,comorbilidades_promedio,0.15549753162764024
238,tasa_cma,0.7577911113803277
238,peso_medio_cma,0.9129521265523818
238,pct_pediatrico,0.12917188765100504
238,pct_geriatrico,0.5455848738008007
238,pct_femenino_fertil,0.4798802719778527
238,edad_mediana,0.008652893033922048
238,pct_urgencia,0.5455848738008007
238,pct_programada,0.149386952147085
238,pct_obstetrica_ingreso,0.3047140223306481
238,pct_alta_domicilio,0.012078817327790611
238,pct_alta_fallecido,0.149386952147085
238,pct_alta_traslado,0.29825468996941845
238,pct_origen_emergencia,0.15549753162764024
238,pct_origen_referencia,0.6781390782806964
238,pct_uso_pabellon,0.5455848738008007
238,pabellones_promedio,0.27515865118868743
238,tasa_partos,0.6884857342575337
238,tasa_prematurez,0.6781390782806964
238,cv_estancia,0.5540967160636772
238,pct_estancia_larga,0.6781390782806964
239,egresos_por_anio,0.9489906701270169
239,estancia_media,0.9489906701270169
239,estancia_mediana,0.9489906701270169
239,peso_medio_grd,0.2573040877045139
239,severidad_media,0.9489906701270169
239,mortalidad_media,0.9489906701270169
239,entropia_grd,0.9489906701270169
239,comorbilidades_promedio,0.9489906701270169
239,tasa_cma,0.08205779900169205
239,peso_medio_cma,0.9489906701270169
239,pct_pediatrico,0.08205779900169205
239,pct_geriatrico,0.21420742199114137
239,pct_femenino_fertil,0.615227592430699
239,edad_mediana,0.09688675837118807
239,pct_urgencia,0.9489906701270169
239,pct_programada,0.9489906701270169
239,pct_obstetrica_ingreso,0.0896110973001778
239,pct_alta_domicilio,0.9489906701270169
239,pct_alta_fallecido,0.9489906701270169
239,pct_alta_traslado,0.9489906701270169
239,pct_origen_emergencia,0.21420742199114137
239,pct_origen_referencia,0.9646279023982235
239,pct_uso_pabellon,0.7909940508393699
239,pabellones_promedio,0.43627570714342573
239,tasa_partos,0.9489906701270169
239,tasa_prematurez,0.7422020734057178
239,cv_estancia,0.08205779900169205
239,pct_estancia_larga,0.9489906701270169
240,egresos_por_anio,0.5472557947176342
240,estancia_media,0.050781336722332114
240,estancia_mediana,0.4704801754202347
240,peso_medio_grd,0.026187105391386713
240,severidad_media,0.5233369011555306
240,mortalidad_media,0.0512234051818253
240,entropia_grd,0.5936568398112118
240,comorbilidades_promedio,0.10589282788425008
240,tasa_cma,0.9406407670938689
240,peso_medio_cma,0.4667847652683191
240,pct_pediatrico,0.10589282788425008
240,pct_geriatrico,0.026187105391386713
240,pct_femenino_fertil,0.674129975815132
240,edad_mediana,0.10589282788425008
240,pct_urgencia,0.5358692754471637
240,pct_programada,0.026187105391386713
240,pct_obstetrica_ingreso,0.9406407670938689
240,pct_alta_domicilio,0.5358692754471637
240,pct_alta_fallecido,0.8944764342476766
240,pct_alta_traslado,0.10589282788425008
240,pct_origen_emergencia,0.5358692754471637
240,pct_origen_referencia,0.5358692754471637
240,pct_uso_pabellon,0.050781336722332114
240,pabellones_promedio,0.40866560870102697
240,tasa_partos,0.10589282788425008
240,tasa_prematurez,0.4704801754202347
240,cv_estancia,0.050781336722332114
240,pct_estancia_larga,0.4704801754202347
241,egresos_por_anio,0.43529917697935255
241,estancia_media,0.21332902735142165
241,estancia_mediana,0.22912433832676055
241,peso_medio_grd,0.6336282991664149
241,severidad_media,0.6336282991664149
241,mortalidad_media,0.08389658454895804
241,entropia_grd,0.43529917697935255
241,comorbilidades_promedio,0.6336282991664149
241,tasa_cma,0.08389658454895804
241,peso_medio_cma,0.6836631816250373
241,pct_pediatrico,0.08389658454895804
241,pct_geriatrico,0.02406089625792472
241,pct_femenino_fertil,0.29997735124791136
241,edad_mediana,0.08389658454895804
241,pct_urgencia,0.9617284872876619
241,pct_programada,0.523791401852355
241,pct_obstetrica_ingreso,0.7409703106246942
241,pct_alta_domicilio,0.1896030458620336
241,pct_alta_fallecido,0.001073142566921198
241,pct_alta_traslado,0.02406089625792472
241,pct_origen_emergencia,0.08389658454895804
241,pct_origen_referencia,0.2821064264244299
241,pct_uso_pabellon,0.08389658454895804
241,pabellones_promedio,0.08389658454895804
241,tasa_partos,0.08389658454895804
241,tasa_prematurez,0.9617284872876619
241,cv_estancia,0.9617284872876619
241,pct_estancia_larga,0.9617284872876619
242,egresos_por_anio,0.8817408934206058
242,estancia_media,0.9327065797181141
242,estancia_mediana,0.8108706829557049
242,peso_medio_grd,0.590377563685911
242,severidad_media,0.558489924981787
242,mortalidad_media,0.9327065797181141
242,entropia_grd,0.9327065797181141
242,comorbilidades_promedio,0.044102831439340205
242,tasa_cma,0.01919383423264342
242,peso_medio_cma,0.590377563685911
242,pct_pediatrico,0.011900019228194841
242,pct_geriatrico,0.17784381924502055
242,pct_femenino_fertil,0.18697804739200852
242,edad_mediana,0.26824732759165637
242,pct_urgencia,0.4315868037891087
242,pct_programada,0.011900019228194841
242,pct_obstetrica_ingreso,0.558489924981787
242,pct_alta_domicilio,0.8088237147576122
242,pct_alta_fallecido,0.38108026727465705
242,pct_alta_traslado,0.558489924981787
242,pct_origen_emergencia,0.406974862931217
242,pct_origen_referencia,0.599630003094177
242,pct_uso_pabellon,0.590377563685911
242,pabellones_promedio,0.46288731650530957
242,tasa_partos,0.25360497307205415
242,tasa_prematurez,0.590377563685911
242,cv_estancia,0.406974862931217
242,pct_estancia_larga,0.590377563685911
243,egresos_por_anio,0.35532982647455286
243,estancia_media,0.7023383028186023
243,estancia_mediana,0.609639772470798
243,peso_medio_grd,0.14601013785969744
243,severidad_media,0.26646767915249875
243,mortalidad_media,0.8691991501750784
243,entropia_grd,0.08897108850326325
243,comorbilidades_promedio,0.19495741907296843
243,tasa_cma,0.26646767915249875
243,peso_medio_cma,0.7023383028186023
243,pct_pediatrico,0.11481532505281651
243,pct_geriatrico,0.01976100803126418
243,pct_femenino_fertil,0.19495741907296843
243,edad_mediana,0.0011215255168659929
243,pct_urgencia,0.08897108850326325
243,pct_programada,0.11481532505281651
243,pct_obstetrica_ingreso,0.8516841994206942
243,pct_alta_domicilio,0.8989202597525378
243,pct_alta_fallecido,0.11481532505281651
243,pct_alta_traslado,0.06675493191293451
243,pct_origen_emergencia,0.23090556696646805
243,pct_origen_referencia,0.8157096607720525
243,pct_uso_pabellon,0.19495741907296843
243,pabellones_promedio,0.26646767915249875
243,tasa_partos,0.08897108850326325
243,tasa_prematurez,0.9900443279197653
243,cv_estancia,0.39494057400772503
243,pct_estancia_larga,0.8157096607720525
244,egresos_por_anio,0.8027415662919651
244,estancia_media,0.7753660484587954
244,estancia_mediana,0.8394594257140504
244,peso_medio_grd,0.4857973292237972
244,severidad_media,0.5783079177948898
244,mortalidad_media,0.5024636034909413
244,entropia_grd,0.621434969834367
244,comorbilidades_promedio,0.8394594257140504
244,tasa_cma,0.07441397657432898
244,peso_medio_cma,0.7620828577858316
244,pct_pediatrico,0.04557469010723322
244,pct_geriatrico,0.5024636034909413
244,pct_femenino_fertil,0.5911201139654141
244,edad_mediana,0.04557469010723322
244,pct_urgencia,0.5783079177948898
244,pct_programada,0.4857973292237972
244,pct_obstetrica_ingreso,0.996168571425945
244,pct_alta_domicilio,0.5024636034909413
244,pct_alta_fallecido,0.5388998473279801
244,pct_alta_traslado,0.5453295477228585
244,pct_origen_emergencia,0.5024636034909413
244,pct_origen_referencia,0.8394594257140504
244,pct_uso_pabellon,0.5024636034909413
244,pabellones_promedio,0.8394594257140504
244,tasa_partos,0.7021180932823904
244,tasa_prematurez,0.8394594257140504
244,cv_estancia,0.5024636034909413
244,pct_estancia_larga,0.996168571425945
245,egresos_por_anio,0.314303692263028
245,estancia_media,0.314303692263028
245,estancia_mediana,0.4338209640180569
245,peso_medio_grd,0.314303692263028
245,severidad_media,0.32484700655531185
245,mortalidad_media,0.6214044872962051
245,entropia_grd,0.6214044872962051
245,comorbilidades_promedio,0.08753575991256962
245,tasa_cma,0.30744629446143534
245,peso_medio_cma,0.3855546973067674
245,pct_pediatrico,0.007528557495768094
245,pct_geriatrico,0.9699755632164981
245,pct_femenino_fertil,0.5298050720589725
245,edad_mediana,0.07641708660631438
245,pct_urgencia,0.8821221867568094
245,pct_programada,0.07641708660631438
245,pct_obstetrica_ingreso,0.9699755632164981
245,pct_alta_domicilio,0.6640691541449728
245,pct_alta_fallecido,0.314303692263028
245,pct_alta_traslado,0.01964485952146268
245,pct_origen_emergencia,0.8821221867568094
245,pct_origen_referencia,0.08753575991256962
245,pct_uso_pabellon,0.30744629446143534
245,pabellones_promedio,0.6799315075556988
245,tasa_partos,0.30744629446143534
245,tasa_prematurez,0.314303692263028
245,cv_estancia,0.30744629446143534
245,pct_estancia_larga,0.6214044872962051
246,egresos_por_anio,0.22142422994706043
246,estancia_media,0.8705971815903464
246,estancia_mediana,0.11370218900163019
246,peso_medio_grd,0.7288335532512679
246,severidad_media,0.0716773371295511
246,mortalidad_media,0.21341121325028362
246,entropia_grd,0.41714698307551634
246,comorbilidades_promedio,0.7502342812587589
246,tasa_cma,0.3841615378235152
246,peso_medio_cma,0.7502342812587589
246,pct_pediatrico,0.20461879339030428
246,pct_geriatrico,0.3841615378235152
246,pct_femenino_fertil,0.7288335532512679
246,edad_mediana,0.052696460261097686
246,pct_urgencia,0.3841615378235152
246,pct_programada,0.7952616777301335
246,pct_obstetrica_ingreso,0.7952616777301335
246,pct_alta_domicilio,0.4644291220961453
246,pct_alta_fallecido,0.4003153441757667
246,pct_alta_traslado,0.04776839610368449
246,pct_origen_emergencia,0.7288335532512679
246,pct_origen_referencia,0.7952616777301335
246,pct_uso_pabellon,0.3841615378235152
246,pabellones_promedio,0.4003153441757667
246,tasa_partos,0.4484598619387858
246,tasa_prematurez,0.7502342812587589
246,cv_estancia,0.7502342812587589
246,pct_estancia_larga,0.7288335532512679
247,egresos_por_anio,0.4731031061999682
247,estancia_media,0.1542467344199903
247,estancia_mediana,0.5409771299344062
247,peso_medio_grd,0.8378696619934729
247,severidad_media,0.8680943579213162
247,mortalidad_media,0.8636380767421464
247,entropia_grd,0.040013347864045534
247,comorbilidades_promedio,0.8680943579213162
247,tasa_cma,0.3391703430986134
247,peso_medio_cma,0.8899900242216869
247,pct_pediatrico,0.024385038703859146
247,pct_geriatrico,0.024385038703859146
247,pct_femenino_fertil,0.4935930680990585
247,edad_mediana,0.4935930680990585
247,pct_urgencia,0.4731031061999682
247,pct_programada,0.4935930680990585
247,pct_obstetrica_ingreso,0.4935930680990585
247,pct_alta_domicilio,0.8378696619934729
247,pct_alta_fallecido,0.8636380767421464
247,pct_alta_traslado,0.8636380767421464
247,pct_origen_emergencia,0.5646633997778944
247,pct_origen_referencia,0.003577059727003348
247,pct_uso_pabellon,0.8378696619934729
247,pabellones_promedio,0.2966451685484346
247,tasa_partos,0.4935930680990585
247,tasa_prematurez,0.8142622210945971
247,cv_estancia,0.4935930680990585
247,pct_estancia_larga,0.09421175470469537
248,egresos_por_anio,0.37156057277435517
248,estancia_media,0.8917225874855942
248,estancia_mediana,0.19683120141646665
248,peso_medio_grd,0.4242410837513978
248,severidad_media,0.37156057277435517
248,mortalidad_media,0.9136449733280111
248,entropia_grd,0.9726638235722773
248,comorbilidades_promedio,0.4031502891669848
248,tasa_cma,0.40327637767671604
248,peso_medio_cma,0.927690782053503
248,pct_pediatrico,0.07791293259025736
248,pct_geriatrico,0.07791293259025736
248,pct_femenino_fertil,0.9136449733280111
248,edad_mediana,0.17142352750236947
248,pct_urgencia,0.4070585670627357
248,pct_programada,0.33417757907773094
248,pct_obstetrica_ingreso,0.33417757907773094
248,pct_alta_domicilio,0.35450421934227294
248,pct_alta_fallecido,0.2883726864959325
248,pct_alta_traslado,0.17142352750236947
248,pct_origen_emergencia,0.17142352750236947
248,pct_origen_referencia,0.8170026727142893
248,pct_uso_pabellon,0.31258996746344897
248,pabellones_promedio,0.6113218785423425
248,tasa_partos,0.7869365350807164
248,tasa_prematurez,0.927690782053503
248,cv_estancia,0.7890815131880542
248,pct_estancia_larga,0.2883726864959325
249,egresos_por_anio,0.6778308231226329
249,estancia_media,0.8715745302064349
249,estancia_mediana,0.14384733757136087
249,peso_medio_grd,0.2097414276450357
249,severidad_media,0.8986823087651943
249,mortalidad_media,0.599066574041642
249,entropia_grd,0.599066574041642
249,comorbilidades_promedio,0.599066574041642
249,tasa_cma,0.2097414276450357
249,peso_medio_cma,0.8715745302064349
249,pct_pediatrico,0.14384733757136087
249,pct_geriatrico,0.2097414276450357
249,pct_femenino_fertil,0.20300786809282742
249,edad_mediana,0.3895869246808838
249,pct_urgencia,0.916399073037764
249,pct_programada,0.8715745302064349
249,pct_obstetrica_ingreso,0.3500834607727892
249,pct_alta_domicilio,0.3895869246808838
249,pct_alta_fallecido,0.599066574041642
249,pct_alta_traslado,0.43388763322854845
249,pct_origen_emergencia,0.5320728560901553
249,pct_origen_referencia,0.20300786809282742
249,pct_uso_pabellon,0.14384733757136087
249,pabellones_promedio,0.6778308231226329
249,tasa_partos,0.5819649083514857
249,tasa_prematurez,0.8986823087651943
249,cv_estancia,0.8986823087651943
249,pct_estancia_larga,0.902488940382654
250,egresos_por_anio,0.8573670717992642
250,estancia_media,0.7727020363511007
250,estancia_mediana,0.9096046177105542
250,peso_medio_grd,0.9462410125093564
250,severidad_media,0.9752881660213452
250,mortalidad_media,0.9462410125093564
250,entropia_grd,0.7727020363511007
250,comorbilidades_promedio,0.29952478124392906
250,tasa_cma,0.19174418447683725
250,peso_medio_cma,0.9250635557125401
250,pct_pediatrico,0.015278492799219594
250,pct_geriatrico,0.8573670717992642
250,pct_femenino_fertil,0.9250635557125401
250,edad_mediana,0.015414895059504014
250,pct_urgencia,0.1617680223061044
250,pct_programada,0.4733236369720359
250,pct_obstetrica_ingreso,0.9250635557125401
250,pct_alta_domicilio,0.7727020363511007
250,pct_alta_fallecido,0.03024470581925773
250,pct_alta_traslado,0.020317926108524977
250,pct_origen_emergencia,0.9250635557125401
250,pct_origen_referencia,0.9462410125093564
250,pct_uso_pabellon,0.8573670717992642
250,pabellones_promedio,0.8573670717992642
250,tasa_partos,0.8533113800992596
250,tasa_prematurez,0.90704748926843
250,cv_estancia,0.7727020363511007
250,pct_estancia_larga,0.37993789834100905
251,egresos_por_anio,0.5881841581098507
251,estancia_media,0.5804281932612909
251,estancia_mediana,0.5804281932612909
251,peso_medio_grd,0.8294687891034128
251,severidad_media,0.5881841581098507
251,mortalidad_media,0.053352540629019035
251,entropia_grd,0.3441176894454738
251,comorbilidades_promedio,0.5946492652290783
251,tasa_cma,0.5804281932612909
251,peso_medio_cma,0.9402186965639148
251,pct_pediatrico,0.1290030857321744
251,pct_geriatrico,0.36421333236130526
251,pct_femenino_fertil,0.5804281932612909
251,edad_mediana,0.16087942762214652
251,pct_urgencia,0.3441176894454738
251,pct_programada,0.3441176894454738
251,pct_obstetrica_ingreso,0.6536724126210924
251,pct_alta_domicilio,0.053352540629019035
251,pct_alta_fallecido,0.5804281932612909
251,pct_alta_traslado,0.5804281932612909
251,pct_origen_emergencia,0.16087942762214652
251,pct_origen_referencia,0.5804281932612909
251,pct_uso_pabellon,0.8294687891034128
251,pabellones_promedio,0.5804281932612909
251,tasa_partos,0.9875325621255686
251,tasa_prematurez,0.6536724126210924
251,cv_estancia,0.3441176894454738
251,pct_estancia_larga,0.5946492652290783
252,egresos_por_anio,0.33201122087993196
252,estancia_media,0.40467213663080703
252,estancia_mediana,0.40467213663080703
252,peso_medio_grd,0.8106566674822312
252,severidad_media,0.22414382256250004
252,mortalidad_media,0.4308905361415413
252,entropia_grd,0.03836176610892983
252,comorbilidades_promedio,0.8815148196891143
252,tasa_cma,0.22187348326777606
252,peso_medio_cma,0.4809532097362392
252,pct_pediatrico,0.22187348326777606
252,pct_geriatrico,0.22187348326777606
252,pct_femenino_fertil,0.40467213663080703
252,edad_mediana,0.8815148196891143
252,pct_urgencia,0.4809532097362392
252,pct_programada,0.22187348326777606
252,pct_obstetrica_ingreso,0.22187348326777606
252,pct_alta_domicilio,0.22187348326777606
252,pct_alta_fallecido,0.40467213663080703
252,pct_alta_traslado,0.8815148196891143
252,pct_origen_emergencia,0.7908044286865746
252,pct_origen_referencia,0.40467213663080703
252,pct_uso_pabellon,0.40467213663080703
252,pabellones_promedio,0.40467213663080703
252,tasa_partos,0.5330128435966147
252,tasa_prematurez,0.41794676686394605
252,cv_estancia,0.25569842388791225
252,pct_estancia_larga,0.8815148196891143
253,egresos_por_anio,0.7179304713712733
253,estancia_media,0.743015646844694
253,estancia_mediana,0.7179304713712733
253,peso_medio_grd,0.4720695084171747
253,severidad_media,0.48077597242352943
253,mortalidad_media,0.7179304713712733
253,entropia_grd,0.9528447973556438
253,comorbilidades_promedio,0.7179304713712733
253,tasa_cma,0.7179304713712733
253,peso_medio_cma,0.8735778610949584
253,pct_pediatrico,0.0949335205692309
253,pct_geriatrico,0.19300955713595422
253,pct_femenino_fertil,0.10083099101075339
253,edad_mediana,0.10718644416898514
253,pct_urgencia,0.7179304713712733
253,pct_programada,0.8393164774872308
253,pct_obstetrica_ingreso,0.8393164774872308
253,pct_alta_domicilio,0.8393164774872308
253,pct_alta_fallecido,0.743015646844694
253,pct_alta_traslado,0.3966821941536271
253,pct_origen_emergencia,0.7179304713712733
253,pct_origen_referencia,0.7179304713712733
253,pct_uso_pabellon,0.48077597242352943
253,pabellones_promedio,0.8393164774872308
253,tasa_partos,0.8393164774872308
253,tasa_prematurez,0.4720695084171747
253,cv_estancia,0.7168453484555336
253,pct_estancia_larga,0.3966821941536271
254,egresos_por_anio,0.9355464854182332
254,estancia_media,0.11251604352875948
254,estancia_mediana,0.9355464854182332
254,peso_medio_grd,0.07205568132383139
254,severidad_media,0.1243115641621544
254,mortalidad_media,0.04790880867218992
254,entropia_grd,0.9355464854182332
254,comorbilidades_promedio,0.9355464854182332
254,tasa_cma,0.9355464854182332
254,peso_medio_cma,0.9355464854182332
254,pct_pediatrico,0.1243115641621544
254,pct_geriatrico,0.7207295065308783
254,pct_femenino_fertil,0.9355464854182332
254,edad_mediana,0.4560701954970049
254,pct_urgencia,0.9355464854182332
254,pct_programada,0.09208286158603289
254,pct_obstetrica_ingreso,0.11251604352875948
254,pct_alta_domicilio,0.0746774897216929
254,pct_alta_fallecido,0.9355464854182332
254,pct_alta_traslado,0.37498157323383746
254,pct_origen_emergencia,0.6962827904865515
254,pct_origen_referencia,0.07205568132383139
254,pct_uso_pabellon,0.37498157323383746
254,pabellones_promedio,0.1243115641621544
254,tasa_partos,0.9355464854182332
254,tasa_prematurez,0.3859366795653067
254,cv_estancia,0.9355464854182332
254,pct_estancia_larga,0.7207295065308783
255,egresos_por_anio,0.8595586528100042
255,estancia_media,0.5285894031360553
255,estancia_mediana,0.3966734826793401
255,peso_medio_grd,0.12755484171475562
255,severidad_media,0.8595586528100042
255,mortalidad_media,0.6550638442611941
255,entropia_grd,0.8595586528100042
255,comorbilidades_promedio,0.9188136389923818
255,tasa_cma,0.6705343875521546
255,peso_medio_cma,0.8082466438245228
255,pct_pediatrico,0.15629484705332367
255,pct_geriatrico,0.12755484171475562
255,pct_femenino_fertil,0.8595586528100042
255,edad_mediana,0.12755484171475562
255,pct_urgencia,0.3837241518428773
255,pct_programada,0.16437267123774207
255,pct_obstetrica_ingreso,0.15629484705332367
255,pct_alta_domicilio,0.8595586528100042
255,pct_alta_fallecido,0.8037724380044939
255,pct_alta_traslado,0.3966734826793401
255,pct_origen_emergencia,0.5552743582630076
255,pct_origen_referencia,0.8595586528100042
255,pct_uso_pabellon,0.9345122031833188
255,pabellones_promedio,0.6705343875521546
255,tasa_partos,0.8037724380044939
255,tasa_prematurez,0.9512042889394495
255,cv_estancia,0.5285894031360553
255,pct_estancia_larga,0.8037724380044939
256,egresos_por_anio,0.7275110774426827
256,estancia_media,0.7945406183602056
256,estancia_mediana,0.7168150999648842
256,peso_medio_grd,0.48808436535917316
256,severidad_media,0.9908865086142536
256,mortalidad_media,0.7329061578275573
256,entropia_grd,0.7168150999648842
256,comorbilidades_promedio,0.5459512142704475
256,tasa_cma,0.2802322530408309
256,peso_medio_cma,0.14344504958436874
256,pct_pediatrico,0.12903584524629966
256,pct_geriatrico,0.7672922277926398
256,pct_femenino_fertil,0.8798993180604922
256,edad_mediana,0.1298346767428909
256,pct_urgencia,0.7168150999648842
256,pct_programada,0.5459512142704475
256,pct_obstetrica_ingreso,0.7945406183602056
256,pct_alta_domicilio,0.7168150999648842
256,pct_alta_fallecido,0.7635984001293528
256,pct_alta_traslado,0.7168150999648842
256,pct_origen_emergencia,0.7168150999648842
256,pct_origen_referencia,0.7945406183602056
256,pct_uso_pabellon,0.8799687415782594
256,pabellones_promedio,0.7329061578275573
256,tasa_partos,0.12903584524629966
256,tasa_prematurez,0.5459512142704475
256,cv_estancia,0.5459512142704475
256,pct_estancia_larga,0.7168150999648842
257,egresos_por_anio,0.6820237000816637
257,estancia_media,0.1347803880350903
257,estancia_mediana,0.9666711923355871
257,peso_medio_grd,0.2507362757770202
257,severidad_media,0.7778548319511642
257,mortalidad_media,0.9200051195143825
257,entropia_grd,0.35636838903806667
257,comorbilidades_promedio,0.9200051195143825
257,tasa_cma,0.2507362757770202
257,peso_medio_cma,0.9941799520944357
257,pct_pediatrico,0.11781441592400457
257,pct_geriatrico,0.4714362881560145
257,pct_femenino_fertil,0.9200051195143825
257,edad_mediana,0.2507362757770202
257,pct_urgencia,0.11754676797449462
257,pct_programada,0.8462597110131832
257,pct_obstetrica_ingreso,0.11781441592400457
257,pct_alta_domicilio,0.7801419893903953
257,pct_alta_fallecido,0.0418281751894368
257,pct_alta_traslado,0.5418977566695745
257,pct_origen_emergencia,0.7361291974113847
257,pct_origen_referencia,0.9295218430587382
257,pct_uso_pabellon,0.9200051195143825
257,pabellones_promedio,0.7801419893903953
257,tasa_partos,0.5418977566695745
257,tasa_prematurez,0.851631304649839
257,cv_estancia,0.9666711923355871
257,pct_estancia_larga,0.7778548319511642
258,egresos_por_anio,0.12651412004188828
258,estancia_media,0.5537725723304852
258,estancia_mediana,0.5157631373562119
258,peso_medio_grd,0.23617543612694375
258,severidad_media,0.09147815523129044
258,mortalidad_media,0.18052050280145981
258,entropia_grd,0.4446276165356023
258,comorbilidades_promedio,0.919690853485419
258,tasa_cma,0.3313326081927231
258,peso_medio_cma,0.23617543612694375
258,pct_pediatrico,0.09147815523129044
258,pct_geriatrico,0.23617543612694375
258,pct_femenino_fertil,0.6501517962314766
258,edad_mediana,0.09037611831717744
258,pct_urgencia,0.09147815523129044
258,pct_programada,0.8850744942220435
258,pct_obstetrica_ingreso,0.33607626464529594
258,pct_alta_domicilio,0.09147815523129044
258,pct_alta_fallecido,0.919690853485419
258,pct_alta_traslado,0.6833900364896088
258,pct_origen_emergencia,0.8614559323213377
258,pct_origen_referencia,0.12290820949803308
258,pct_uso_pabellon,0.919690853485419
258,pabellones_promedio,0.09147815523129044
258,tasa_partos,0.8614559323213377
258,tasa_prematurez,0.38237027551854713
258,cv_estancia,0.919690853485419
258,pct_estancia_larga,0.8614559323213377
259,egresos_por_anio,0.2608044661038915
259,estancia_media,0.4199028604234839
259,estancia_mediana,0.6883856471328095
259,peso_medio_grd,0.353701529306555
259,severidad_media,0.8984409655764349
259,mortalidad_media,0.8984409655764349
259,entropia_grd,0.46958900317833907
259,comorbilidades_promedio,0.8366508093195676
259,tasa_cma,0.4199028604234839
259,peso_medio_cma,0.2853827398443207
259,pct_pediatrico,0.04426677705829891
259,pct_geriatrico,0.353701529306555
259,pct_femenino_fertil,0.029860765705684803
259,edad_mediana,0.1516778565834342
259,pct_urgencia,0.46958900317833907
259,pct_programada,0.4199028604234839
259,pct_obstetrica_ingreso,0.8984409655764349
259,pct_alta_domicilio,0.4199028604234839
259,pct_alta_fallecido,0.353701529306555
259,pct_alta_traslado,0.8366508093195676
259,pct_origen_emergencia,0.8988394989050118
259,pct_origen_referencia,0.1516778565834342
259,pct_uso_pabellon,0.007337539559068195
259,pabellones_promedio,0.6883856471328095
259,tasa_partos,0.5472505391979027
259,tasa_prematurez,0.6883856471328095
259,cv_estancia,0.46958900317833907
259,pct_estancia_larga,0.46958900317833907
260,egresos_por_anio,0.932291656344744
260,estancia_media,0.6747845773930874
260,estancia_mediana,0.6747845773930874
260,peso_medio_grd,0.6747845773930874
260,severidad_media,0.5757604129131307
260,mortalidad_media,0.6747845773930874
260,entropia_grd,0.6747845773930874
260,comorbilidades_promedio,0.4464214208930855
260,tasa_cma,0.18801765126432549
260,peso_medio_cma,0.7140799677644056
260,pct_pediatrico,0.17849095319625388
260,pct_geriatrico,0.14270776066838647
260,pct_femenino_fertil,0.14270776066838647
260,edad_mediana,0.18801765126432549
260,pct_urgencia,0.9141454735606708
260,pct_programada,0.4464214208930855
260,pct_obstetrica_ingreso,0.2595215342374706
260,pct_alta_domicilio,0.6747845773930874
260,pct_alta_fallecido,0.6747845773930874
260,pct_alta_traslado,0.7140799677644056
260,pct_origen_emergencia,0.7935605299169858
260,pct_origen_referencia,0.6747845773930874
260,pct_uso_pabellon,0.5757604129131307
260,pabellones_promedio,0.6747845773930874
260,tasa_partos,0.22826690538247374
260,tasa_prematurez,0.6747845773930874
260,cv_estancia,0.22826690538247374
260,pct_estancia_larga,0.14270776066838647
261,egresos_por_anio,0.6242132263323578
261,estancia_media,0.6966263242013351
261,estancia_mediana,0.323740404535069
261,peso_medio_grd,0.7910210555246553
261,severidad_media,0.6613409057738363
261,mortalidad_media,0.7941874712218637
261,entropia_grd,0.7876938550135376
261,comorbilidades_promedio,0.6242132263323578
261,tasa_cma,0.8130568446200231
261,peso_medio_cma,0.7941874712218637
261,pct_pediatrico,0.08920787389738571
261,pct_geriatrico,0.323740404535069
261,pct_femenino_fertil,0.7044919214005354
261,edad_mediana,0.24870067150185657
261,pct_urgencia,0.7959726569717915
261,pct_programada,0.7051795840656756
261,pct_obstetrica_ingreso,0.7959726569717915
261,pct_alta_domicilio,0.6242132263323578
261,pct_alta_fallecido,0.7959726569717915
261,pct_alta_traslado,0.002585907409755989
261,pct_origen_emergencia,0.6242132263323578
261,pct_origen_referencia,0.323740404535069
261,pct_uso_pabellon,0.7051795840656756
261,pabellones_promedio,0.31257599697685096
261,tasa_partos,0.6242132263323578
261,tasa_prematurez,0.7179575077408242
261,cv_estancia,0.6861380773897451
261,pct_estancia_larga,0.7051795840656756
262,egresos_por_anio,0.39701993955968246
262,estancia_media,0.4331362485029406
262,estancia_mediana,0.8105579456606768
262,peso_medio_grd,0.12361537083147278
262,severidad_media,0.6190156521261442
262,mortalidad_media,0.39701993955968246
262,entropia_grd,0.5485462679840619
262,comorbilidades_promedio,0.4331362485029406
262,tasa_cma,0.5921561500027296
262,peso_medio_cma,0.5921561500027296
262,pct_pediatrico,0.1726154993568201
262,pct_geriatrico,0.26784099995412436
262,pct_femenino_fertil,0.7446147327425732
262,edad_mediana,0.7446147327425732
262,pct_urgencia,0.5921561500027296
262,pct_programada,0.17392383365782177
262,pct_obstetrica_ingreso,0.2832392859247164
262,pct_alta_domicilio,0.5921561500027296
262,pct_alta_fallecido,0.4331362485029406
262,pct_alta_traslado,0.39701993955968246
262,pct_origen_emergencia,0.39701993955968246
262,pct_origen_referencia,0.8105579456606768
262,pct_uso_pabellon,0.6169714141039457
262,pabellones_promedio,0.8105579456606768
262,tasa_partos,0.8924049930337592
262,tasa_prematurez,0.39701993955968246
262,cv_estancia,0.39701993955968246
262,pct_estancia_larga,0.5543641998266536
263,egresos_por_anio,0.7927793760586554
263,estancia_media,0.22044838038031692
263,estancia_mediana,0.46450066422321845
263,peso_medio_grd,0.6572118821199441
263,severidad_media,0.6572118821199441
263,mortalidad_media,0.6572118821199441
263,entropia_grd,0.9562239563940708
263,comorbilidades_promedio,0.668850075057825
263,tasa_cma,0.043595145135410455
263,peso_medio_cma,0.8831402012021349
263,pct_pediatrico,0.19618769560274552
263,pct_geriatrico,0.6433173630361163
263,pct_femenino_fertil,0.19618769560274552
263,edad_mediana,0.22044838038031692
263,pct_urgencia,0.9562239563940708
263,pct_programada,0.22044838038031692
263,pct_obstetrica_ingreso,0.7927793760586554
263,pct_alta_domicilio,0.9562239563940708
263,pct_alta_fallecido,0.794889614099134
263,pct_alta_traslado,0.6572118821199441
263,pct_origen_emergencia,0.6572118821199441
263,pct_origen_referencia,0.6572118821199441
263,pct_uso_pabellon,0.22044838038031692
263,pabellones_promedio,0.22044838038031692
263,tasa_partos,0.5142321479008436
263,tasa_prematurez,0.46450066422321845
263,cv_estancia,0.676635723426101
263,pct_estancia_larga,0.9253955842715995
264,egresos_por_anio,0.8099759638011774
264,estancia_media,0.6071530617891812
264,estancia_mediana,0.5250329735673234
264,peso_medio_grd,0.30973467153540857
264,severidad_media,0.21305884874579684
264,mortalidad_media,0.0824879967354264
264,entropia_grd,0.6051712164744621
264,comorbilidades_promedio,0.30973467153540857
264,tasa_cma,0.6071530617891812
264,peso_medio_cma,0.6071530617891812
264,pct_pediatrico,0.0824879967354264
264,pct_geriatrico,0.30973467153540857
264,pct_femenino_fertil,0.21305884874579684
264,edad_mediana,0.366266169706339
264,pct_urgencia,0.0824879967354264
264,pct_programada,0.0016454691614041497
264,pct_obstetrica_ingreso,0.2909218386687646
264,pct_alta_domicilio,0.7191389556459065
264,pct_alta_fallecido,0.2756488836232319
264,pct_alta_traslado,0.6071530617891812
264,pct_origen_emergencia,0.6573726595452173
264,pct_origen_referencia,0.0824879967354264
264,pct_uso_pabellon,0.7279928000905879
264,pabellones_promedio,0.9284094770552265
264,tasa_partos,0.3177061235232794
264,tasa_prematurez,0.0824879967354264
264,cv_estancia,0.48749078105286975
264,pct_estancia_larga,0.6071530617891812
265,egresos_por_anio,0.19165170775610102
265,estancia_media,0.4602190489634465
265,estancia_mediana,0.19165170775610102
265,peso_medio_grd,0.8440380929753359
265,severidad_media,0.4602190489634465
265,mortalidad_media,0.19165170775610102
265,entropia_grd,0.8303739193198153
265,comorbilidades_promedio,0.19165170775610102
265,tasa_cma,0.54299913034845
265,peso_medio_cma,0.8303739193198153
265,pct_pediatrico,0.07742637520796561
265,pct_geriatrico,0.07742637520796561
265,pct_femenino_fertil,0.8303739193198153
265,edad_mediana,0.0847363704603558
265,pct_urgencia,0.04723536966922943
265,pct_programada,0.8303739193198153
265,pct_obstetrica_ingreso,0.5616942797760506
265,pct_alta_domicilio,0.8303739193198153
265,pct_alta_fallecido,0.6382794455286334
265,pct_alta_traslado,0.8303739193198153
265,pct_origen_emergencia,0.08973682488244039
265,pct_origen_referencia,0.006088743849023326
265,pct_uso_pabellon,0.9835022592383457
265,pabellones_promedio,0.19165170775610102
265,tasa_partos,0.008463285601934366
265,tasa_prematurez,0.8303739193198153
265,cv_estancia,0.42030121042003
265,pct_estancia_larga,0.560153017767044
266,egresos_por_anio,0.6171140572771675
266,estancia_media,0.739734299971838
266,estancia_mediana,0.7666568589956397
266,peso_medio_grd,0.466688274142167
266,severidad_media,0.739734299971838
266,mortalidad_media,0.7666568589956397
266,entropia_grd,0.739734299971838
266,comorbilidades_promedio,0.739734299971838
266,tasa_cma,0.739734299971838
266,peso_medio_cma,0.1375339470837359
266,pct_pediatrico,0.20005434136402694
266,pct_geriatrico,0.2717566504137147
266,pct_femenino_fertil,0.739734299971838
266,edad_mediana,0.019613982452890314
266,pct_urgencia,0.739734299971838
266,pct_programada,0.6171140572771675
266,pct_obstetrica_ingreso,0.20005434136402694
266,pct_alta_domicilio,0.7666568589956397
266,pct_alta_fallecido,0.328128192546962
266,pct_alta_traslado,0.7666568589956397
266,pct_origen_emergencia,0.7666568589956397
266,pct_origen_referencia,0.739734299971838
266,pct_uso_pabellon,0.739734299971838
266,pabellones_promedio,0.739734299971838
266,tasa_partos,0.6171140572771675
266,tasa_prematurez,0.739734299971838
266,cv_estancia,0.5728519594993015
266,pct_estancia_larga,0.328128192546962
267,egresos_por_anio,0.7438697987244173
267,estancia_media,0.6809347755600482
267,estancia_mediana,0.2042807588951853
267,peso_medio_grd,0.5855848474525275
267,severidad_media,0.6809347755600482
267,mortalidad_media,0.9743139630003189
267,entropia_grd,0.1910136106652277
267,comorbilidades_promedio,0.08316946298692839
267,tasa_cma,0.4711400813449261
267,peso_medio_cma,0.804082841447322
267,pct_pediatrico,0.10531796396446204
267,pct_geriatrico,0.08316946298692839
267,pct_femenino_fertil,0.6846347986609997
267,edad_mediana,0.08316946298692839
267,pct_urgencia,0.0030210957511204372
267,pct_programada,0.9743139630003189
267,pct_obstetrica_ingreso,0.9743139630003189
267,pct_alta_domicilio,0.2933616122870608
267,pct_alta_fallecido,0.20874393918140444
267,pct_alta_traslado,0.08316946298692839
267,pct_origen_emergencia,0.7713620026149375
267,pct_origen_referencia,0.611964849539617
267,pct_uso_pabellon,0.2933616122870608
267,pabellones_promedio,0.25721732898406396
267,tasa_partos,0.2042807588951853
267,tasa_prematurez,0.5356182468087198
267,cv_estancia,0.5855848474525275
267,pct_estancia_larga,0.10531796396446204
268,egresos_por_anio,0.8618592580732726
268,estancia_media,0.36480627848386415
268,estancia_mediana,0.7050950983621651
268,peso_medio_grd,0.7722957289089932
268,severidad_media,0.9521280259260219
268,mortalidad_media,0.30337452918696445
268,entropia_grd,0.36480627848386415
268,comorbilidades_promedio,0.8834058622319195
268,tasa_cma,0.3235049309930973
268,peso_medio_cma,0.8757276421230128
268,pct_pediatrico,0.174112052490988
268,pct_geriatrico,0.174112052490988
268,pct_femenino_fertil,0.017686100935012727
268,edad_mediana,0.009942732511192699
268,pct_urgencia,0.24886648610338297
268,pct_programada,0.3795991339622247
268,pct_obstetrica_ingreso,0.8618592580732726
268,pct_alta_domicilio,0.7977224506829227
268,pct_alta_fallecido,0.24886648610338297
268,pct_alta_traslado,0.3820053425029816
268,pct_origen_emergencia,0.8080225626828257
268,pct_origen_referencia,0.36480627848386415
268,pct_uso_pabellon,0.30337452918696445
268,pabellones_promedio,0.3235049309930973
268,tasa_partos,0.36480627848386415
268,tasa_prematurez,0.7398186531937478
268,cv_estancia,0.3820053425029816
268,pct_estancia_larga,0.9375925569897522
269,egresos_por_anio,0.631792847195918
269,estancia_media,0.868203979693455
269,estancia_mediana,0.868203979693455
269,peso_medio_grd,0.8545571955401222
269,severidad_media,0.868203979693455
269,mortalidad_media,0.22690081850051058
269,entropia_grd,0.22690081850051058
269,comorbilidades_promedio,0.8545571955401222
269,tasa_cma,0.19976136595491048
269,peso_medio_cma,0.868203979693455
269,pct_pediatrico,0.19976136595491048
269,pct_geriatrico,0.868203979693455
269,pct_femenino_fertil,0.19976136595491048
269,edad_mediana,0.03027583962731138
269,pct_urgencia,0.868203979693455
269,pct_programada,0.868203979693455
269,pct_obstetrica_ingreso,0.9537667378270042
269,pct_alta_domicilio,0.868203979693455
269,pct_alta_fallecido,0.21177280453411448
269,pct_alta_traslado,0.868203979693455
269,pct_origen_emergencia,0.42635616849807983
269,pct_origen_referencia,0.7482501284873401
269,pct_uso_pabellon,0.035248818788695936
269,pabellones_promedio,0.21177280453411448
269,tasa_partos,0.868203979693455
269,tasa_prematurez,0.22690081850051058
269,cv_estancia,0.868203979693455
269,pct_estancia_larga,0.868203979693455
270,egresos_por_anio,0.4634024489683042
270,estancia_media,0.13508103311236863
270,estancia_mediana,0.19314547574636545
270,peso_medio_grd,0.4634024489683042
270,severidad_media,0.22032212415889219
270,mortalidad_media,0.9190897706867017
270,entropia_grd,0.22032212415889219
270,comorbilidades_promedio,0.2155636043637982
270,tasa_cma,0.7447001013069918
270,peso_medio_cma,0.2814809981664893
270,pct_pediatrico,0.04855808019070088
270,pct_geriatrico,0.7075495508200291
270,pct_femenino_fertil,0.9482686507484506
270,edad_mediana,0.19314547574636545
270,pct_urgencia,0.2814809981664893
270,pct_programada,0.29734112912277205
270,pct_obstetrica_ingreso,0.6297054907899929
270,pct_alta_domicilio,0.5634048275262905
270,pct_alta_fallecido,0.13508103311236863
270,pct_alta_traslado,0.7762482493399887
270,pct_origen_emergencia,0.8132532232515655
270,pct_origen_referencia,0.30241230854921625
270,pct_uso_pabellon,0.30241230854921625
270,pabellones_promedio,0.5032224331926701
270,tasa_partos,0.22032212415889219
270,tasa_prematurez,0.22032212415889219
270,cv_estancia,0.4569715035540006
270,pct_estancia_larga,0.9086520145110955
271,egresos_por_anio,0.3302634811003998
271,estancia_media,0.32219824425148574
271,estancia_mediana,0.48971189280205635
271,peso_medio_grd,0.72575178621419
271,severidad_media,0.5150196051977068
271,mortalidad_media,0.3302634811003998
271,entropia_grd,0.6816855558225897
271,comorbilidades_promedio,0.6843632842992203
271,tasa_cma,0.6629120335167734
271,peso_medio_cma,0.4869850666285334
271,pct_pediatrico,0.11311750215961773
271,pct_geriatrico,0.3302634811003998
271,pct_femenino_fertil,0.3302634811003998
271,edad_mediana,0.6629120335167734
271,pct_urgencia,0.72575178621419
271,pct_programada,0.5261870166821562
271,pct_obstetrica_ingreso,0.6629120335167734
271,pct_alta_domicilio,0.3302634811003998
271,pct_alta_fallecido,0.28806069741898727
271,pct_alta_traslado,0.3302634811003998
271,pct_origen_emergencia,0.3302634811003998
271,pct_origen_referencia,0.32219824425148574
271,pct_uso_pabellon,0.6629120335167734
271,pabellones_promedio,0.72575178621419
271,tasa_partos,0.6629120335167734
271,tasa_prematurez,0.3302634811003998
271,cv_estancia,0.42084634860470677
271,pct_estancia_larga,0.6629120335167734
272,egresos_por_anio,0.6190946708278968
272,estancia_media,0.5517709689841489
272,estancia_mediana,0.1854782687388209
272,peso_medio_grd,0.8964819136850236
272,severidad_media,0.4779361945881399
272,mortalidad_media,0.1429858930230564
272,entropia_grd,0.40893193083388274
272,comorbilidades_promedio,0.2690572862316998
272,tasa_cma,0.36334422939108335
272,peso_medio_cma,0.4779361945881399
272,pct_pediatrico,0.08509097861652663
272,pct_geriatrico,0.08509097861652663
272,pct_femenino_fertil,0.19614958142501795
272,edad_mediana,0.0014497852388644617
272,pct_urgencia,0.1429858930230564
272,pct_programada,0.8179775300733287
272,pct_obstetrica_ingreso,0.19614958142501795
272,pct_alta_domicilio,0.9290039053440896
272,pct_alta_fallecido,0.1429858930230564
272,pct_alta_traslado,0.42758317030857645
272,pct_origen_emergencia,0.1429858930230564
272,pct_origen_referencia,0.7146932791222109
272,pct_uso_pabellon,0.011268275700586023
272,pabellones_promedio,0.8751984679336187
272,tasa_partos,0.14619239938558592
272,tasa_prematurez,0.36334422939108335
272,cv_estancia,0.5116579798327309
272,pct_estancia_larga,0.251561186932416
273,egresos_por_anio,0.7802885663696024
273,estancia_media,0.30481773206436025
273,estancia_mediana,0.6616838043734888
273,peso_medio_grd,0.010780734618403159
273,severidad_media,0.764727113773202
273,mortalidad_media,0.3034361351820577
273,entropia_grd,0.44061466380547076
273,comorbilidades_promedio,0.1521348903801972
273,tasa_cma,0.6279939549238169
273,peso_medio_cma,0.6279939549238169
273,pct_pediatrico,0.13876374007094291
273,pct_geriatrico,0.13876374007094291
273,pct_femenino_fertil,0.6475875722536555
273,edad_mediana,0.19166156178675214
273,pct_urgencia,0.13876374007094291
273,pct_programada,0.13876374007094291
273,pct_obstetrica_ingreso,0.6100492918617932
273,pct_alta_domicilio,0.4646601178760899
273,pct_alta_fallecido,0.1521348903801972
273,pct_alta_traslado,0.28689772418704074
273,pct_origen_emergencia,0.9658110077686196
273,pct_origen_referencia,0.2904755879666344
273,pct_uso_pabellon,0.6279939549238169
273,pabellones_promedio,0.13876374007094291
273,tasa_partos,0.28689772418704074
273,tasa_prematurez,0.28689772418704074
273,cv_estancia,0.3034361351820577
273,pct_estancia_larga,0.4646601178760899
274,egresos_por_anio,0.47371540262839046
274,estancia_media,0.7081128927664226
274,estancia_mediana,0.4799695836277762
274,peso_medio_grd,0.2550061112132339
274,severidad_media,0.2550061112132339
274,mortalidad_media,0.4799695836277762
274,entropia_grd,0.47371540262839046
274,comorbilidades_promedio,0.8491142209507351
274,tasa_cma,0.2550061112132339
274,peso_medio_cma,0.36296269504239215
274,pct_pediatrico,0.11688259155868827
274,pct_geriatrico,0.7081128927664226
274,pct_femenino_fertil,0.5523338750648928
274,edad_mediana,0.2550061112132339
274,pct_urgencia,0.462828286341127
274,pct_programada,0.0361796426824126
274,pct_obstetrica_ingreso,0.47371540262839046
274,pct_alta_domicilio,0.462828286341127
274,pct_alta_fallecido,0.2550061112132339
274,pct_alta_traslado,0.462828286341127
274,pct_origen_emergencia,0.7482551245363557
274,pct_origen_referencia,0.462828286341127
274,pct_uso_pabellon,0.7081128927664226
274,pabellones_promedio,0.3819212491604111
274,tasa_partos,0.2550061112132339
274,tasa_prematurez,0.2550061112132339
274,cv_estancia,0.918791026428427
274,pct_estancia_larga,0.8835180214361902
275,egresos_por_anio,0.8466592399415588
275,estancia_media,0.24078588113161858
275,estancia_mediana,0.24078588113161858
275,peso_medio_grd,0.9280432827295967
275,severidad_media,0.1261318926065745
275,mortalidad_media,0.6801350984418463
275,entropia_grd,0.9280432827295967
275,comorbilidades_promedio,0.21009132690690152
275,tasa_cma,0.010232488155354507
275,peso_medio_cma,0.24078588113161858
275,pct_pediatrico,0.05108273302315028
275,pct_geriatrico,0.24078588113161858
275,pct_femenino_fertil,0.8126170436932842
275,edad_mediana,0.14615097700357518
275,pct_urgencia,0.24078588113161858
275,pct_programada,0.29051688325675384
275,pct_obstetrica_ingreso,0.24078588113161858
275,pct_alta_domicilio,0.7736013905315492
275,pct_alta_fallecido,0.1385020477998006
275,pct_alta_traslado,0.29051688325675384
275,pct_origen_emergencia,0.9146551902989908
275,pct_origen_referencia,0.1261318926065745
275,pct_uso_pabellon,0.613186578186482
275,pabellones_promedio,0.613186578186482
275,tasa_partos,0.20321000478341786
275,tasa_prematurez,0.9146551902989908
275,cv_estancia,0.2518288958923327
275,pct_estancia_larga,0.3169376358286404
276,egresos_por_anio,0.9385436536612872
276,estancia_media,0.9282360291423873
276,estancia_mediana,0.8926483042143751
276,peso_medio_grd,0.5307421937603323
276,severidad_media,0.6188591727754892
276,mortalidad_media,0.5307421937603323
276,entropia_grd,0.5307421937603323
276,comorbilidades_promedio,0.5307421937603323
276,tasa_cma,0.5307421937603323
276,peso_medio_cma,0.9793626299549317
276,pct_pediatrico,0.2508903201256775
276,pct_geriatrico,0.3507350320799821
276,pct_femenino_fertil,0.030837139191800193
276,edad_mediana,0.3507350320799821
276,pct_urgencia,0.7664180198723439
276,pct_programada,0.25549367599868933
276,pct_obstetrica_ingreso,0.7137108548994179
276,pct_alta_domicilio,0.9563273470202414
276,pct_alta_fallecido,0.5307421937603323
276,pct_alta_traslado,0.9385436536612872
276,pct_origen_emergencia,0.8926483042143751
276,pct_origen_referencia,0.8926483042143751
276,pct_uso_pabellon,0.5307421937603323
276,pabellones_promedio,0.5307421937603323
276,tasa_partos,0.5307421937603323
276,tasa_prematurez,0.9951106296542729
276,cv_estancia,0.5307421937603323
276,pct_estancia_larga,0.38514357352822437
277,egresos_por_anio,0.04161433827473725
277,estancia_media,0.8774819384704151
277,estancia_mediana,0.4958550263170782
277,peso_medio_grd,0.7117207055371376
277,severidad_media,0.5849539399500685
277,mortalidad_media,0.3515358505387841
277,entropia_grd,0.531711263776628
277,comorbilidades_promedio,0.8714478126035725
277,tasa_cma,0.08298629457485653
277,peso_medio_cma,0.7117207055371376
277,pct_pediatrico,0.14329721000982604
277,pct_geriatrico,0.032698264992308844
277,pct_femenino_fertil,0.04161433827473725
277,edad_mediana,0.531711263776628
277,pct_urgencia,0.5507421060356981
277,pct_programada,0.19368095624645765
277,pct_obstetrica_ingreso,0.5507421060356981
277,pct_alta_domicilio,0.7753510891016294
277,pct_alta_fallecido,0.7117207055371376
277,pct_alta_traslado,0.04161433827473725
277,pct_origen_emergencia,0.25046069629725803
277,pct_origen_referencia,0.9685738839751366
277,pct_uso_pabellon,0.14423720427728345
277,pabellones_promedio,0.5849539399500685
277,tasa_partos,0.04161433827473725
277,tasa_prematurez,0.9795902363371616
277,cv_estancia,0.5926024255375166
277,pct_estancia_larga,0.7753510891016294
278,egresos_por_anio,0.38642501179539035
278,estancia_media,0.22212472177246392
278,estancia_mediana,0.3377750971998968
278,peso_medio_grd,0.22212472177246392
278,severidad_media,0.22212472177246392
278,mortalidad_media,0.3377750971998968
278,entropia_grd,0.8959854023509713
278,comorbilidades_promedio,0.3377750971998968
278,tasa_cma,0.2526955807528259
278,peso_medio_cma,0.35056589347388994
278,pct_pediatrico,0.22212472177246392
278,pct_geriatrico,0.3377750971998968
278,pct_femenino_fertil,0.22212472177246392
278,edad_mediana,0.22212472177246392
278,pct_urgencia,0.22212472177246392
278,pct_programada,0.39107007720925474
278,pct_obstetrica_ingreso,0.4787003000683173
278,pct_alta_domicilio,0.42148398257474046
278,pct_alta_fallecido,0.3377750971998968
278,pct_alta_traslado,0.39107007720925474
278,pct_origen_emergencia,0.5144722206266839
278,pct_origen_referencia,0.22212472177246392
278,pct_uso_pabellon,0.3377750971998968
278,pabellones_promedio,0.2791757630549413
278,tasa_partos,0.38642501179539035
278,tasa_prematurez,0.4787003000683173
278,cv_estancia,0.35056589347388994
278,pct_estancia_larga,0.4787003000683173
279,egresos_por_anio,0.9101918791075765
279,estancia_media,0.337891269480394
279,estancia_mediana,0.6871155209574027
279,peso_medio_grd,0.7459709148709606
279,severidad_media,0.6730595541559524
279,mortalidad_media,0.365938892628097
279,entropia_grd,0.8788573639719901
279,comorbilidades_promedio,0.3940263230336305
279,tasa_cma,0.2556112592170024
279,peso_medio_cma,0.9101918791075765
279,pct_pediatrico,0.2556112592170024
279,pct_geriatrico,0.2556112592170024
279,pct_femenino_fertil,0.2556112592170024
279,edad_mediana,0.2556112592170024
279,pct_urgencia,0.30113725416623893
279,pct_programada,0.365938892628097
279,pct_obstetrica_ingreso,0.7459709148709606
279,pct_alta_domicilio,0.9101918791075765
279,pct_alta_fallecido,0.2761283398904755
279,pct_alta_traslado,0.2556112592170024
279,pct_origen_emergencia,0.2556112592170024
279,pct_origen_referencia,0.2556112592170024
279,pct_uso_pabellon,0.30113725416623893
279,pabellones_promedio,0.4505406789232416
279,tasa_partos,0.8913125072649778
279,tasa_prematurez,0.7459709148709606
279,cv_estancia,0.2556112592170024
279,pct_estancia_larga,0.6871155209574027
280,egresos_por_anio,0.6323171089967474
280,estancia_media,0.7910131829927578
280,estancia_mediana,0.8782568396796127
280,peso_medio_grd,0.8782568396796127
280,severidad_media,0.6323171089967474
280,mortalidad_media,0.3274053643573977
280,entropia_grd,0.8782568396796127
280,comorbilidades_promedio,0.6323171089967474
280,tasa_cma,0.05992418318098719
280,peso_medio_cma,0.8782568396796127
280,pct_pediatrico,0.08708585191760283
280,pct_geriatrico,0.3818166309831901
280,pct_femenino_fertil,0.6323171089967474
280,edad_mediana,0.06918064780623749
280,pct_urgencia,0.05992418318098719
280,pct_programada,0.3274053643573977
280,pct_obstetrica_ingreso,0.8782568396796127
280,pct_alta_domicilio,0.7072040740032619
280,pct_alta_fallecido,0.8782568396796127
280,pct_alta_traslado,0.270104691685746
280,pct_origen_emergencia,0.9148166944052506
280,pct_origen_referencia,0.6377732634682631
280,pct_uso_pabellon,0.3209264907966019
280,pabellones_promedio,0.9704008670459758
280,tasa_partos,0.8758433821793459
280,tasa_prematurez,0.3209264907966019
280,cv_estancia,0.9913720746839081
280,pct_estancia_larga,0.6852466799599064
281,egresos_por_anio,0.5096448149971247
281,estancia_media,0.4456420862776032
281,estancia_mediana,0.0939849373374087
281,peso_medio_grd,0.27970194411257926
281,severidad_media,0.8789794467436751
281,mortalidad_media,0.7478544856724085
281,entropia_grd,0.7478544856724085
281,comorbilidades_promedio,0.7849611306281838
281,tasa_cma,0.12898099963800871
281,peso_medio_cma,0.6722172182650596
281,pct_pediatrico,0.02651647478301336
281,pct_geriatrico,0.04217805733573873
281,pct_femenino_fertil,0.1260543730428219
281,edad_mediana,0.014997109497736201
281,pct_urgencia,0.02651647478301336
281,pct_programada,0.177664780259303
281,pct_obstetrica_ingreso,0.05503854840488944
281,pct_alta_domicilio,0.8009330612511966
281,pct_alta_fallecido,0.027534432240706216
281,pct_alta_traslado,0.27970194411257926
281,pct_origen_emergencia,0.27970194411257926
281,pct_origen_referencia,0.8009330612511966
281,pct_uso_pabellon,0.8789794467436751
281,pabellones_promedio,0.7478544856724085
281,tasa_partos,0.12898099963800871
281,tasa_prematurez,0.27970194411257926
281,cv_estancia,0.48723100293978355
281,pct_estancia_larga,0.5916319288980891
282,egresos_por_anio,0.18312169574261433
282,estancia_media,0.9009170979692588
282,estancia_mediana,0.311442272024912
282,peso_medio_grd,0.6377687084780609
282,severidad_media,0.7903683748068885
282,mortalidad_media,0.5461527272762825
282,entropia_grd,0.6377687084780609
282,comorbilidades_promedio,0.9224222197947032
282,tasa_cma,0.5727474828714578
282,peso_medio_cma,0.5461527272762825
282,pct_pediatrico,0.027482316698050898
282,pct_geriatrico,0.311442272024912
282,pct_femenino_fertil,0.5461527272762825
282,edad_mediana,0.027482316698050898
282,pct_urgencia,0.2038280347877836
282,pct_programada,0.6733594942919109
282,pct_obstetrica_ingreso,0.6301087899365161
282,pct_alta_domicilio,0.5727474828714578
282,pct_alta_fallecido,0.5461527272762825
282,pct_alta_traslado,0.6377687084780609
282,pct_origen_emergencia,0.7926192830186098
282,pct_origen_referencia,0.6287967397129033
282,pct_uso_pabellon,0.18312169574261433
282,pabellones_promedio,0.5461527272762825
282,tasa_partos,0.5727474828714578
282,tasa_prematurez,0.6287967397129033
282,cv_estancia,0.311442272024912
282,pct_estancia_larga,0.27778507562964583
283,egresos_por_anio,0.21902855605490623
283,estancia_media,0.9827616111145924
283,estancia_mediana,0.7473359688860172
283,peso_medio_grd,0.9827616111145924
283,severidad_media,0.593292346549979
283,mortalidad_media,0.7473359688860172
283,entropia_grd,0.7473359688860172
283,comorbilidades_promedio,0.7473359688860172
283,tasa_cma,0.9232852139902099
283,peso_medio_cma,0.9827616111145924
283,pct_pediatrico,0.05676087705225483
283,pct_geriatrico,0.23358360564868302
283,pct_femenino_fertil,0.05676087705225483
283,edad_mediana,0.6573301926511355
283,pct_urgencia,0.05676087705225483
283,pct_programada,0.1514993139961712
283,pct_obstetrica_ingreso,0.9232852139902099
283,pct_alta_domicilio,0.05676087705225483
283,pct_alta_fallecido,0.25450025791995196
283,pct_alta_traslado,0.3342171088751165
283,pct_origen_emergencia,0.25450025791995196
283,pct_origen_referencia,0.21902855605490623
283,pct_uso_pabellon,0.09052950544784837
283,pabellones_promedio,0.36777975401452573
283,tasa_partos,0.36777975401452573
283,tasa_prematurez,0.9232852139902099
283,cv_estancia,0.25450025791995196
283,pct_estancia_larga,0.21902855605490623
284,egresos_por_anio,0.5066891519170752
284,estancia_media,0.5061071350406465
284,estancia_mediana,0.5066891519170752
284,peso_medio_grd,0.7025609677188888
284,severidad_media,0.745501038731388
284,mortalidad_media,0.5066891519170752
284,entropia_grd,0.5066891519170752
284,comorbilidades_promedio,0.8460850742457494
284,tasa_cma,0.5608229709864787
284,peso_medio_cma,0.745501038731388
284,pct_pediatrico,0.07510095923529515
284,pct_geriatrico,0.039920271368733704
284,pct_femenino_fertil,0.5066891519170752
284,edad_mediana,0.5066891519170752
284,pct_urgencia,0.5066891519170752
284,pct_programada,0.8350740585486961
284,pct_obstetrica_ingreso,0.5608229709864787
284,pct_alta_domicilio,0.5608229709864787
284,pct_alta_fallecido,0.5066891519170752
284,pct_alta_traslado,0.5066891519170752
284,pct_origen_emergencia,0.745501038731388
284,pct_origen_referencia,0.0290382290157279
284,pct_uso_pabellon,0.0290382290157279
284,pabellones_promedio,0.5066891519170752
284,tasa_partos,0.5661086785229258
284,tasa_prematurez,0.8460850742457494
284,cv_estancia,0.09162553726783507
284,pct_estancia_larga,0.5608229709864787
285,egresos_por_anio,0.5829259170463442
285,estancia_media,0.7033568431375444
285,estancia_mediana,0.7033568431375444
285,peso_medio_grd,0.10508281092015434
285,severidad_media,0.6923058223108681
285,mortalidad_media,0.7033568431375444
285,entropia_grd,0.714862693133495
285,comorbilidades_promedio,0.714862693133495
285,tasa_cma,0.7033568431375444
285,peso_medio_cma,0.9499999521077516
285,pct_pediatrico,0.24332724794538693
285,pct_geriatrico,0.3339498709208445
285,pct_femenino_fertil,0.12837223656378524
285,edad_mediana,0.24332724794538693
285,pct_urgencia,0.7033568431375444
285,pct_programada,0.7241451471496221
285,pct_obstetrica_ingreso,0.6923058223108681
285,pct_alta_domicilio,0.714862693133495
285,pct_alta_fallecido,0.4612250975556576
285,pct_alta_traslado,0.6556976282238094
285,pct_origen_emergencia,0.5829259170463442
285,pct_origen_referencia,0.6556976282238094
285,pct_uso_pabellon,0.7241451471496221
285,pabellones_promedio,0.6923058223108681
285,tasa_partos,0.6923058223108681
285,tasa_prematurez,0.7033568431375444
285,cv_estancia,0.7876260679129893
285,pct_estancia_larga,0.7033568431375444
286,egresos_por_anio,0.4112876200009163
286,estancia_media,0.5304382920453625
286,estancia_mediana,0.7317271277966269
286,peso_medio_grd,0.6827594909596203
286,severidad_media,0.5304382920453625
286,mortalidad_media,0.7190781698939129
286,entropia_grd,0.6827594909596203
286,comorbilidades_promedio,0.5617115310266493
286,tasa_cma,0.5304382920453625
286,peso_medio_cma,0.6218679466906799
286,pct_pediatrico,0.06660298523913424
286,pct_geriatrico,0.04908375726319623
286,pct_femenino_fertil,0.2910239012314794
286,edad_mediana,0.12162565484624768
286,pct_urgencia,0.8606259751936983
286,pct_programada,0.6827594909596203
286,pct_obstetrica_ingreso,0.7190781698939129
286,pct_alta_domicilio,0.5304382920453625
286,pct_alta_fallecido,0.6472717490377367
286,pct_alta_traslado,0.5304382920453625
286,pct_origen_emergencia,0.7190781698939129
286,pct_origen_referencia,0.5304382920453625
286,pct_uso_pabellon,0.854608363607941
286,pabellones_promedio,0.5304382920453625
286,tasa_partos,0.5077187129693906
286,tasa_prematurez,0.5469642531048396
286,cv_estancia,0.09728190770930276
286,pct_estancia_larga,0.5304382920453625
287,egresos_por_anio,0.6308555002822704
287,estancia_media,0.8581071260641636
287,estancia_mediana,0.8288038134133275
287,peso_medio_grd,0.5166673700211111
287,severidad_media,0.8581071260641636
287,mortalidad_media,0.8581071260641636
287,entropia_grd,0.5567893059584449
287,comorbilidades_promedio,0.6829294853801052
287,tasa_cma,0.5567893059584449
287,peso_medio_cma,0.5039176815743555
287,pct_pediatrico,0.4748087496601231
287,pct_geriatrico,0.5166673700211111
287,pct_femenino_fertil,0.8581071260641636
287,edad_mediana,0.5567893059584449
287,pct_urgencia,0.4748087496601231
287,pct_programada,0.8524038259348645
287,pct_obstetrica_ingreso,0.4748087496601231
287,pct_alta_domicilio,0.5567893059584449
287,pct_alta_fallecido,0.5039176815743555
287,pct_alta_traslado,0.6846348120027728
287,pct_origen_emergencia,0.8288038134133275
287,pct_origen_referencia,0.5866355491663713
287,pct_uso_pabellon,0.9061319848298586
287,pabellones_promedio,0.5567893059584449
287,tasa_partos,0.4748087496601231
287,tasa_prematurez,0.5166673700211111
287,cv_estancia,0.4748087496601231
287,pct_estancia_larga,0.8288038134133275
288,egresos_por_anio,0.4163128292012821
288,estancia_media,0.038691488024631626
288,estancia_mediana,0.5311750835446759
288,peso_medio_grd,0.667639751726756
288,severidad_media,0.31807177960302585
288,mortalidad_media,0.3515911469663417
288,entropia_grd,0.38226010935471
288,comorbilidades_promedio,0.4163128292012821
288,tasa_cma,0.6798761455626117
288,peso_medio_cma,0.38226010935471
288,pct_pediatrico,0.16937742117059357
288,pct_geriatrico,0.038691488024631626
288,pct_femenino_fertil,0.43218572432460983
288,edad_mediana,0.16937742117059357
288,pct_urgencia,0.3515911469663417
288,pct_programada,0.010531941797069396
288,pct_obstetrica_ingreso,0.4163128292012821
288,pct_alta_domicilio,0.6798761455626117
288,pct_alta_fallecido,0.0635773804281602
288,pct_alta_traslado,0.38226010935471
288,pct_origen_emergencia,0.31807177960302585
288,pct_origen_referencia,0.4163128292012821
288,pct_uso_pabellon,0.5046657746694495
288,pabellones_promedio,0.7851601879583191
288,tasa_partos,0.3515911469663417
288,tasa_prematurez,0.31807177960302585
288,cv_estancia,0.38226010935471
288,pct_estancia_larga,0.9673938215396505
289,egresos_por_anio,0.815410326297506
289,estancia_media,0.6170241020399941
289,estancia_mediana,0.815410326297506
289,peso_medio_grd,0.6936587426927299
289,severidad_media,0.8641222519801413
289,mortalidad_media,0.6170241020399941
289,entropia_grd,0.2424216530693217
289,comorbilidades_promedio,0.6170241020399941
289,tasa_cma,0.2931385875552661
289,peso_medio_cma,0.26254893629805326
289,pct_pediatrico,0.09049384083201939
289,pct_geriatrico,0.6170241020399941
289,pct_femenino_fertil,0.6229722099136162
289,edad_mediana,0.19598716448099401
289,pct_urgencia,0.815410326297506
289,pct_programada,0.19598716448099401
289,pct_obstetrica_ingreso,0.815410326297506
289,pct_alta_domicilio,0.19598716448099401
289,pct_alta_fallecido,0.815410326297506
289,pct_alta_traslado,0.815410326297506
289,pct_origen_emergencia,0.815410326297506
289,pct_origen_referencia,0.6936587426927299
289,pct_uso_pabellon,0.6170241020399941
289,pabellones_promedio,0.8641222519801413
289,tasa_partos,0.815410326297506
289,tasa_prematurez,0.42562811672888684
289,cv_estancia,0.6936587426927299
289,pct_estancia_larga,0.6936587426927299
290,egresos_por_anio,0.061127787489620715
290,estancia_media,0.7749239881896433
290,estancia_mediana,0.6996521874938515
290,peso_medio_grd,0.30438074314327984
290,severidad_media,0.5574907232423415
290,mortalidad_media,0.6812106688559292
290,entropia_grd,0.06841235631583001
290,comorbilidades_promedio,0.7617879814359784
290,tasa_cma,0.09224403809223351
290,peso_medio_cma,0.19312689097595714
290,pct_pediatrico,0.08240288899153254
290,pct_geriatrico,0.061127787489620715
290,pct_femenino_fertil,0.061127787489620715
290,edad_mediana,0.061127787489620715
290,pct_urgencia,0.4302505390370777
290,pct_programada,0.4416297132203081
290,pct_obstetrica_ingreso,0.10076179372455284
290,pct_alta_domicilio,0.7617879814359784
290,pct_alta_fallecido,0.7749239881896433
290,pct_alta_traslado,0.6218975156553094
290,pct_origen_emergencia,0.4416297132203081
290,pct_origen_referencia,0.5574907232423415
290,pct_uso_pabellon,0.4302505390370777
290,pabellones_promedio,0.09224403809223351
290,tasa_partos,0.7900952661211228
290,tasa_prematurez,0.7480311501907629
290,cv_estancia,0.7900952661211228
290,pct_estancia_larga,0.7236486776504826
291,egresos_por_anio,0.6580800376943927
291,estancia_media,0.2107121261268236
291,estancia_mediana,0.7773868667676294
291,peso_medio_grd,0.7773868667676294
291,severidad_media,0.8198489187877603
291,mortalidad_media,0.4420504731502137
291,entropia_grd,0.11913970495393197
291,comorbilidades_promedio,0.9665794413889813
291,tasa_cma,0.7773868667676294
291,peso_medio_cma,0.8198489187877603
291,pct_pediatrico,0.11913970495393197
291,pct_geriatrico,0.11913970495393197
291,pct_femenino_fertil,0.07835750113325023
291,edad_mediana,0.11913970495393197
291,pct_urgencia,0.11913970495393197
291,pct_programada,0.09614091046711204
291,pct_obstetrica_ingreso,0.7773868667676294
291,pct_alta_domicilio,0.8198489187877603
291,pct_alta_fallecido,0.8198489187877603
291,pct_alta_traslado,0.07835750113325023
291,pct_origen_emergencia,0.4969738012137115
291,pct_origen_referencia,0.7773868667676294
291,pct_uso_pabellon,0.8198489187877603
291,pabellones_promedio,0.926188063235356
291,tasa_partos,0.014781886087288781
291,tasa_prematurez,0.7773868667676294
291,cv_estancia,0.8198489187877603
291,pct_estancia_larga,0.500614820176646
292,egresos_por_anio,0.5445079702974294
292,estancia_media,0.15065923069508672
292,estancia_mediana,0.7967959707938439
292,peso_medio_grd,0.8771043900772066
292,severidad_media,0.6407208853113722
292,mortalidad_media,0.6180552522181467
292,entropia_grd,0.868469752874512
292,comorbilidades_promedio,0.7560075667390682
292,tasa_cma,0.6407208853113722
292,peso_medio_cma,0.26141938825044087
292,pct_pediatrico,0.045367089899136036
292,pct_geriatrico,0.0027473864235724476
292,pct_femenino_fertil,0.045367089899136036
292,edad_mediana,0.006825775455720729
292,pct_urgencia,0.045367089899136036
292,pct_programada,0.26141938825044087
292,pct_obstetrica_ingreso,0.6407208853113722
292,pct_alta_domicilio,0.41529373533172637
292,pct_alta_fallecido,0.26141938825044087
292,pct_alta_traslado,0.0027473864235724476
292,pct_origen_emergencia,0.868469752874512
292,pct_origen_referencia,0.7967959707938439
292,pct_uso_pabellon,0.15065923069508672
292,pabellones_promedio,0.2543203250784615
292,tasa_partos,0.26141938825044087
292,tasa_prematurez,0.7967959707938439
292,cv_estancia,0.26141938825044087
292,pct_estancia_larga,0.0956798546285535
293,egresos_por_anio,0.5810459188226794
293,estancia_media,0.17786278292433866
293,estancia_mediana,0.08186702811843319
293,peso_medio_grd,0.0273709493424307
293,severidad_media,0.42238954209230045
293,mortalidad_media,0.17786278292433866
293,entropia_grd,0.12358193562856351
293,comorbilidades_promedio,0.11931907306062167
293,tasa_cma,0.8188378908866555
293,peso_medio_cma,0.9712149817566109
293,pct_pediatrico,0.08186702811843319
293,pct_geriatrico,0.09830188186394273
293,pct_femenino_fertil,0.11931907306062167
293,edad_mediana,0.08186702811843319
293,pct_urgencia,0.08186702811843319
293,pct_programada,0.14074901094020867
293,pct_obstetrica_ingreso,0.7612305151905641
293,pct_alta_domicilio,0.443375990027859
293,pct_alta_fallecido,0.12358193562856351
293,pct_alta_traslado,0.12358193562856351
293,pct_origen_emergencia,0.14074901094020867
293,pct_origen_referencia,0.2494748974685524
293,pct_uso_pabellon,0.08186702811843319
293,pabellones_promedio,0.3167208060663262
293,tasa_partos,0.3136936790602581
293,tasa_prematurez,0.14470028166617788
293,cv_estancia,0.8507112891368966
293,pct_estancia_larga,0.33101780252275786
294,egresos_por_anio,0.8996929349484046
294,estancia_media,0.8996929349484046
294,estancia_mediana,0.8996929349484046
294,peso_medio_grd,0.6471944496421846
294,severidad_media,0.7162745530683567
294,mortalidad_media,0.6471944496421846
294,entropia_grd,0.7162745530683567
294,comorbilidades_promedio,0.6471944496421846
294,tasa_cma,0.35650355312292054
294,peso_medio_cma,0.7541822482538759
294,pct_pediatrico,0.11857607637373069
294,pct_geriatrico,0.08931358392932856
294,pct_femenino_fertil,0.08931358392932856
294,edad_mediana,0.6132660127270574
294,pct_urgencia,0.6409642664997762
294,pct_programada,0.8996929349484046
294,pct_obstetrica_ingreso,0.35650355312292054
294,pct_alta_domicilio,0.6471944496421846
294,pct_alta_fallecido,0.0960506303374123
294,pct_alta_traslado,0.44946668794051636
294,pct_origen_emergencia,0.7803523581822971
294,pct_origen_referencia,0.35650355312292054
294,pct_uso_pabellon,0.6471944496421846
294,pabellones_promedio,0.2988152697245359
294,tasa_partos,0.6585038764239945
294,tasa_prematurez,0.2988152697245359
294,cv_estancia,0.8996929349484046
294,pct_estancia_larga,0.8996929349484046
295,egresos_por_anio,0.43014596335578575
295,estancia_media,0.5371966752454913
295,estancia_mediana,0.058403772750704006
295,peso_medio_grd,0.43014596335578575
295,severidad_media,0.5371966752454913
295,mortalidad_media,0.43014596335578575
295,entropia_grd,0.7401998534176601
295,comorbilidades_promedio,0.5371966752454913
295,tasa_cma,0.058403772750704006
295,peso_medio_cma,0.2505004701367102
295,pct_pediatrico,0.037225982572876
295,pct_geriatrico,0.058403772750704006
295,pct_femenino_fertil,0.8383490255961966
295,edad_mediana,0.058403772750704006
295,pct_urgencia,0.43014596335578575
295,pct_programada,0.4644829036359446
295,pct_obstetrica_ingreso,0.10275999466302796
295,pct_alta_domicilio,0.8383490255961966
295,pct_alta_fallecido,0.43014596335578575
295,pct_alta_traslado,0.4471938821254011
295,pct_origen_emergencia,0.037225982572876
295,pct_origen_referencia,0.5371966752454913
295,pct_uso_pabellon,0.5371966752454913
295,pabellones_promedio,0.7831985900863608
295,tasa_partos,0.3048990080555792
295,tasa_prematurez,0.43014596335578575
295,cv_estancia,0.8383490255961966
295,pct_estancia_larga,0.834740257251865
296,egresos_por_anio,0.383641461848786
296,estancia_media,0.4734121642715703
296,estancia_mediana,0.9248051260463704
296,peso_medio_grd,0.383641461848786
296,severidad_media,0.5514316800127048
296,mortalidad_media,0.4734121642715703
296,entropia_grd,0.4734121642715703
296,comorbilidades_promedio,0.9935803609810071
296,tasa_cma,0.8691892706921232
296,peso_medio_cma,0.383641461848786
296,pct_pediatrico,0.23368548334201097
296,pct_geriatrico,0.04135366600136429
296,pct_femenino_fertil,0.026305208779321226
296,edad_mediana,0.3444616343670139
296,pct_urgencia,0.9621936142827084
296,pct_programada,0.6218139377816866
296,pct_obstetrica_ingreso,0.44409031810388633
296,pct_alta_domicilio,0.3444616343670139
296,pct_alta_fallecido,0.04135366600136429
296,pct_alta_traslado,0.6711738981812525
296,pct_origen_emergencia,0.9621936142827084
296,pct_origen_referencia,0.9935803609810071
296,pct_uso_pabellon,0.8990869141300655
296,pabellones_promedio,0.4734121642715703
296,tasa_partos,0.8691892706921232
296,tasa_prematurez,0.9344648356781168
296,cv_estancia,0.9935803609810071
296,pct_estancia_larga,0.9935803609810071
297,egresos_por_anio,0.8656620924068805
297,estancia_media,0.2575078202871918
297,estancia_mediana,0.4286971781068928
297,peso_medio_grd,0.5880155175109649
297,severidad_media,0.7984079548289907
297,mortalidad_media,0.47347060963771315
297,entropia_grd,0.8656620924068805
297,comorbilidades_promedio,0.9693231313096214
297,tasa_cma,0.7984079548289907
297,peso_medio_cma,0.6905164285711506
297,pct_pediatrico,0.15204634240403025
297,pct_geriatrico,0.03274597390811315
297,pct_femenino_fertil,0.25768871780369773
297,edad_mediana,0.742716778573071
297,pct_urgencia,0.25768871780369773
297,pct_programada,0.6267159858977522
297,pct_obstetrica_ingreso,0.9790293340972438
297,pct_alta_domicilio,0.8392026576257594
297,pct_alta_fallecido,0.4286971781068928
297,pct_alta_traslado,0.25768871780369773
297,pct_origen_emergencia,0.11137693183649366
297,pct_origen_referencia,0.6267159858977522
297,pct_uso_pabellon,0.25768871780369773
297,pabellones_promedio,0.8656620924068805
297,tasa_partos,0.6014551683231364
297,tasa_prematurez,0.25768871780369773
297,cv_estancia,0.7777870572252631
297,pct_estancia_larga,0.26672667034207836
298,egresos_por_anio,0.9304611637526953
298,estancia_media,0.24213169549062022
298,estancia_mediana,0.8342404424041416
298,peso_medio_grd,0.23352319472526453
298,severidad_media,0.8342404424041416
298,mortalidad_media,0.9225263135260557
298,entropia_grd,0.25220906050113284
298,comorbilidades_promedio,0.23969090866615375
298,tasa_cma,0.8342404424041416
298,peso_medio_cma,0.9152940020567456
298,pct_pediatrico,0.18692944688026863
298,pct_geriatrico,0.2316337126298636
298,pct_femenino_fertil,0.2981664593819319
298,edad_mediana,0.18692944688026863
298,pct_urgencia,0.9304611637526953
298,pct_programada,0.2316337126298636
298,pct_obstetrica_ingreso,0.9304611637526953
298,pct_alta_domicilio,0.6248228088619749
298,pct_alta_fallecido,0.6248228088619749
298,pct_alta_traslado,0.8342404424041416
298,pct_origen_emergencia,0.9657258054420527
298,pct_origen_referencia,0.39737850925113655
298,pct_uso_pabellon,0.23352319472526453
298,pabellones_promedio,0.9304611637526953
298,tasa_partos,0.93300529620444
298,tasa_prematurez,0.2316337126298636
298,cv_estancia,0.4189033197925852
298,pct_estancia_larga,0.4189033197925852
299,egresos_por_anio,0.7839206124307144
299,estancia_media,0.17351354173081493
299,estancia_mediana,0.32227818000566316
299,peso_medio_grd,0.7453452697738809
299,severidad_media,0.10190704442952951
299,mortalidad_media,0.20463019787572004
299,entropia_grd,0.7839206124307144
299,comorbilidades_promedio,0.17351354173081493
299,tasa_cma,0.19259906715385303
299,peso_medio_cma,0.8070974368472347
299,pct_pediatrico,0.10190704442952951
299,pct_geriatrico,0.10190704442952951
299,pct_femenino_fertil,0.36662099519602226
299,edad_mediana,0.10190704442952951
299,pct_urgencia,0.6916478698654975
299,pct_programada,0.20463019787572004
299,pct_obstetrica_ingreso,0.7839206124307144
299,pct_alta_domicilio,0.7839206124307144
299,pct_alta_fallecido,0.7453452697738809
299,pct_alta_traslado,0.10190704442952951
299,pct_origen_emergencia,0.20463019787572004
299,pct_origen_referencia,0.10190704442952951
299,pct_uso_pabellon,0.10190704442952951
299,pabellones_promedio,0.6596016119895467
299,tasa_partos,0.8070974368472347
299,tasa_prematurez,0.6916478698654975
299,cv_estancia,0.80936830021397
299,pct_estancia_larga,0.6017815797221961
300,egresos_por_anio,0.3726434173717972
300,estancia_media,0.5516386671246517
300,estancia_mediana,0.5883092612166437
300,peso_medio_grd,0.4541189435036629
300,severidad_media,0.4898128814062356
300,mortalidad_media,0.40628718034391587
300,entropia_grd,0.9814874819659196
300,comorbilidades_promedio,0.5516386671246517
300,tasa_cma,0.5883092612166437
300,peso_medio_cma,0.6957776914939025
300,pct_pediatrico,0.02204963776042792
300,pct_geriatrico,0.053179700898242914
300,pct_femenino_fertil,0.9075649876981121
300,edad_mediana,0.14894635735501932
300,pct_urgencia,0.2510836760518853
300,pct_programada,0.7609350703009223
300,pct_obstetrica_ingreso,0.8206690878740625
300,pct_alta_domicilio,0.5516386671246517
300,pct_alta_fallecido,0.012049151122732957
300,pct_alta_traslado,0.08020218807328607
300,pct_origen_emergencia,0.342968851116567
300,pct_origen_referencia,0.5597824825355606
300,pct_uso_pabellon,0.7505874862200705
300,pabellones_promedio,0.00276749819678777
300,tasa_partos,0.5876125060385062
300,tasa_prematurez,0.4898128814062356
300,cv_estancia,0.4898128814062356
300,pct_estancia_larga,0.5883092612166437
301,egresos_por_anio,0.7663714636712389
301,estancia_media,0.3306168030587332
301,estancia_mediana,0.514272445979904
301,peso_medio_grd,0.29466181185516305
301,severidad_media,0.08624114952903157
301,mortalidad_media,0.5518993944398454
301,entropia_grd,7.803056274547467e-05
301,comorbilidades_promedio,0.514272445979904
301,tasa_cma,0.3056411416094506
301,peso_medio_cma,0.9818719288133495
301,pct_pediatrico,0.08624114952903157
301,pct_geriatrico,0.037581409215075454
301,pct_femenino_fertil,0.9990228307459273
301,edad_mediana,0.07716284609712629
301,pct_urgencia,0.5722584449613493
301,pct_programada,0.014449757461182017
301,pct_obstetrica_ingreso,0.9825917283574762
301,pct_alta_domicilio,0.29466181185516305
301,pct_alta_fallecido,0.06737541676936006
301,pct_alta_traslado,0.5673031867064936
301,pct_origen_emergencia,0.3056411416094506
301,pct_origen_referencia,0.7207406242440033
301,pct_uso_pabellon,0.014449757461182017
301,pabellones_promedio,0.385142535092679
301,tasa_partos,0.3821856495687406
301,tasa_prematurez,0.3056411416094506
301,cv_estancia,0.514272445979904
301,pct_estancia_larga,0.514272445979904
302,egresos_por_anio,0.12025769763673348
302,estancia_media,0.6928452491047373
302,estancia_mediana,0.5813648346675355
302,peso_medio_grd,0.20223084038023845
302,severidad_media,0.9279746562182579
302,mortalidad_media,0.39483227556759837
302,entropia_grd,0.5813648346675355
302,comorbilidades_promedio,0.5818010264944619
302,tasa_cma,0.3239404814868496
302,peso_medio_cma,0.5813648346675355
302,pct_pediatrico,0.13520917388426468
302,pct_geriatrico,0.020357261746739463
302,pct_femenino_fertil,0.5813648346675355
302,edad_mediana,0.3239404814868496
302,pct_urgencia,0.004863787077016462
302,pct_programada,0.39483227556759837
302,pct_obstetrica_ingreso,0.5813648346675355
302,pct_alta_domicilio,0.12025769763673348
302,pct_alta_fallecido,0.6064042109113631
302,pct_alta_traslado,0.09940475616874449
302,pct_origen_emergencia,0.3239404814868496
302,pct_origen_referencia,0.18423679010179145
302,pct_uso_pabellon,0.3239404814868496
302,pabellones_promedio,0.3239404814868496
302,tasa_partos,0.5606241426385873
302,tasa_prematurez,0.6064042109113631
302,cv_estancia,0.39483227556759837
302,pct_estancia_larga,0.6234277100504588
303,egresos_por_anio,0.8451667333418298
303,estancia_media,0.3249497952223597
303,estancia_mediana,0.8451667333418298
303,peso_medio_grd,0.8451667333418298
303,severidad_media,0.8451667333418298
303,mortalidad_media,0.8451667333418298
303,entropia_grd,0.3249497952223597
303,comorbilidades_promedio,0.8775298340246628
303,tasa_cma,0.8451667333418298
303,peso_medio_cma,0.48531368271595
303,pct_pediatrico,0.1030685963646889
303,pct_geriatrico,0.1030685963646889
303,pct_femenino_fertil,0.3637937339680398
303,edad_mediana,0.1030685963646889
303,pct_urgencia,0.3249497952223597
303,pct_programada,0.8451667333418298
303,pct_obstetrica_ingreso,0.8451667333418298
303,pct_alta_domicilio,0.3249497952223597
303,pct_alta_fallecido,0.48531368271595
303,pct_alta_traslado,0.8451667333418298
303,pct_origen_emergencia,0.8775298340246628
303,pct_origen_referencia,0.48304485270346476
303,pct_uso_pabellon,0.8451667333418298
303,pabellones_promedio,0.8451667333418298
303,tasa_partos,0.8451667333418298
303,tasa_prematurez,0.48531368271595
303,cv_estancia,0.8451667333418298
303,pct_estancia_larga,0.3249497952223597
304,egresos_por_anio,0.7820508451226338
304,estancia_media,0.1654406343438836
304,estancia_mediana,0.5829597592979625
304,peso_medio_grd,0.8132492285935781
304,severidad_media,0.6673459001930325
304,mortalidad_media,0.4482152954844033
304,entropia_grd,0.39630827374992683
304,comorbilidades_promedio,0.6050578061309321
304,tasa_cma,0.3401507237265446
304,peso_medio_cma,0.4101653919483782
304,pct_pediatrico,0.05522529193080826
304,pct_geriatrico,0.0005833750009042485
304,pct_femenino_fertil,0.30000256766283295
304,edad_mediana,0.1550381317036347
304,pct_urgencia,0.07087760225684023
304,pct_programada,0.6050578061309321
304,pct_obstetrica_ingreso,0.5829597592979625
304,pct_alta_domicilio,0.6788076058051515
304,pct_alta_fallecido,0.7928295603861171
304,pct_alta_traslado,0.8435448572295376
304,pct_origen_emergencia,0.4482152954844033
304,pct_origen_referencia,0.4101653919483782
304,pct_uso_pabellon,0.3401507237265446
304,pabellones_promedio,0.6679247066525139
304,tasa_partos,0.3401507237265446
304,tasa_prematurez,0.3401507237265446
304,cv_estancia,0.1747602583714909
304,pct_estancia_larga,0.7856292233297434
305,egresos_por_anio,0.6265756764926067
305,estancia_media,0.15201833645188062
305,estancia_mediana,0.8176722810136522
305,peso_medio_grd,0.9494278725068565
305,severidad_media,0.8176722810136522
305,mortalidad_media,0.44097502688324636
305,entropia_grd,0.44417553990338055
305,comorbilidades_promedio,0.3207195029075362
305,tasa_cma,0.15201833645188062
305,peso_medio_cma,0.36338455640000233
305,pct_pediatrico,0.15201833645188062
305,pct_geriatrico,0.12976935679213308
305,pct_femenino_fertil,0.3207195029075362
305,edad_mediana,0.15201833645188062
305,pct_urgencia,0.15201833645188062
305,pct_programada,0.13443825079588448
305,pct_obstetrica_ingreso,0.12976935679213308
305,pct_alta_domicilio,0.44097502688324636
305,pct_alta_fallecido,0.15201833645188062
305,pct_alta_traslado,0.36338455640000233
305,pct_origen_emergencia,0.3207195029075362
305,pct_origen_referencia,0.15201833645188062
305,pct_uso_pabellon,0.4504953320280379
305,pabellones_promedio,0.9195816383875093
305,tasa_partos,0.8176722810136522
305,tasa_prematurez,0.9195816383875093
305,cv_estancia,0.3207195029075362
305,pct_estancia_larga,0.6265756764926067
306,egresos_por_anio,0.0821158174689442
306,estancia_media,0.46166765917188574
306,estancia_mediana,0.9990338453888576
306,peso_medio_grd,0.9508991113328558
306,severidad_media,0.41035378075330425
306,mortalidad_media,0.41035378075330425
306,entropia_grd,0.24995521640375767
306,comorbilidades_promedio,0.5221894462754101
306,tasa_cma,0.4048433025041384
306,peso_medio_cma,0.5183601739865162
306,pct_pediatrico,0.02676264315689558
306,pct_geriatrico,0.1334446338298641
306,pct_femenino_fertil,0.31112994634285945
306,edad_mediana,0.030885382857348327
306,pct_urgencia,0.2335953162961606
306,pct_programada,0.8456271527715873
306,pct_obstetrica_ingreso,0.9990338453888576
306,pct_alta_domicilio,0.5183601739865162
306,pct_alta_fallecido,0.31112994634285945
306,pct_alta_traslado,0.1334446338298641
306,pct_origen_emergencia,0.41035378075330425
306,pct_origen_referencia,0.31112994634285945
306,pct_uso_pabellon,0.5622370294796167
306,pabellones_promedio,0.24995521640375767
306,tasa_partos,0.24995521640375767
306,tasa_prematurez,0.5183601739865162
306,cv_estancia,0.31112994634285945
306,pct_estancia_larga,0.31112994634285945
307,egresos_por_anio,0.5133884408283598
307,estancia_media,0.42837334036286184
307,estancia_mediana,0.554837050014083
307,peso_medio_grd,0.054939724178769106
307,severidad_media,0.500062699211225
307,mortalidad_media,0.4034417513211197
307,entropia_grd,0.9007598231122016
307,comorbilidades_promedio,0.5133884408283598
307,tasa_cma,0.4034417513211197
307,peso_medio_cma,0.4034417513211197
307,pct_pediatrico,0.15830666767648827
307,pct_geriatrico,0.2181369391732903
307,pct_femenino_fertil,0.4034417513211197
307,edad_mediana,0.36681663573052137
307,pct_urgencia,0.42837334036286184
307,pct_programada,0.5133884408283598
307,pct_obstetrica_ingreso,0.650131789431996
307,pct_alta_domicilio,0.692325988232534
307,pct_alta_fallecido,0.4034417513211197
307,pct_alta_traslado,0.500062699211225
307,pct_origen_emergencia,0.5133884408283598
307,pct_origen_referencia,0.650131789431996
307,pct_uso_pabellon,0.500062699211225
307,pabellones_promedio,0.6457656703740603
307,tasa_partos,0.5133884408283598
307,tasa_prematurez,0.28955945172798575
307,cv_estancia,0.4034417513211197
307,pct_estancia_larga,0.650131789431996
308,egresos_por_anio,0.5257049734438669
308,estancia_media,0.8275962967357695
308,estancia_mediana,0.8017967540181393
308,peso_medio_grd,0.5058893511226309
308,severidad_media,0.21335806503318666
308,mortalidad_media,0.45483046841567965
308,entropia_grd,0.033333127420010315
308,comorbilidades_promedio,0.3475200440160481
308,tasa_cma,0.962853365259857
308,peso_medio_cma,0.7187241005274284
308,pct_pediatrico,0.06498138376165653
308,pct_geriatrico,0.3475200440160481
308,pct_femenino_fertil,0.21335806503318666
308,edad_mediana,0.5058893511226309
308,pct_urgencia,0.023994594044532837
308,pct_programada,0.008154603859522845
308,pct_obstetrica_ingreso,0.8875453321969323
308,pct_alta_domicilio,0.962853365259857
308,pct_alta_fallecido,0.3475200440160481
308,pct_alta_traslado,0.10001258919962601
308,pct_origen_emergencia,0.33262015167468917
308,pct_origen_referencia,0.08414358142428822
308,pct_uso_pabellon,0.02466619750548227
308,pabellones_promedio,0.07352470999708523
308,tasa_partos,0.06498138376165653
308,tasa_prematurez,0.8017967540181393
308,cv_estancia,0.08383422505255675
308,pct_estancia_larga,0.3475200440160481
309,egresos_por_anio,0.7464823822966627
309,estancia_media,0.89039545691895
309,estancia_mediana,0.9892491360655206
309,peso_medio_grd,0.9836489548498388
309,severidad_media,0.7464823822966627
309,mortalidad_media,0.7464823822966627
309,entropia_grd,0.8987549520784988
309,comorbilidades_promedio,0.7464823822966627
309,tasa_cma,0.7464823822966627
309,peso_medio_cma,0.89039545691895
309,pct_pediatrico,0.14642497111397673
309,pct_geriatrico,0.5698347682729434
309,pct_femenino_fertil,0.7464823822966627
309,edad_mediana,0.14642497111397673
309,pct_urgencia,0.89039545691895
309,pct_programada,0.41963565186542673
309,pct_obstetrica_ingreso,0.7464823822966627
309,pct_alta_domicilio,0.9836489548498388
309,pct_alta_fallecido,0.7464823822966627
309,pct_alta_traslado,0.7464823822966627
309,pct_origen_emergencia,0.14642497111397673
309,pct_origen_referencia,0.7464823822966627
309,pct_uso_pabellon,0.7464823822966627
309,pabellones_promedio,0.9836489548498388
309,tasa_partos,0.5698347682729434
309,tasa_prematurez,0.89039545691895
309,cv_estancia,0.7464823822966627
309,pct_estancia_larga,0.14642497111397673
310,egresos_por_anio,0.8004362216469609
310,estancia_media,0.6304387711539332
310,estancia_mediana,0.8406946092472731
310,peso_medio_grd,0.9891297333969663
310,severidad_media,0.426658521215306
310,mortalidad_media,0.8616209874774908
310,entropia_grd,0.6304387711539332
310,comorbilidades_promedio,0.2126242554797509
310,tasa_cma,0.426658521215306
310,peso_medio_cma,0.9891297333969663
310,pct_pediatrico,0.011921353620219333
310,pct_geriatrico,0.426658521215306
310,pct_femenino_fertil,0.15114082678841823
310,edad_mediana,0.15114082678841823
310,pct_urgencia,0.9891297333969663
310,pct_programada,0.2126242554797509
310,pct_obstetrica_ingreso,0.45193603634676244
310,pct_alta_domicilio,0.3964492989656577
310,pct_alta_fallecido,0.426658521215306
310,pct_alta_traslado,0.9891297333969663
310,pct_origen_emergencia,0.6304387711539332
310,pct_origen_referencia,0.9891297333969663
310,pct_uso_pabellon,0.426658521215306
310,pabellones_promedio,0.2126242554797509
310,tasa_partos,0.6304387711539332
310,tasa_prematurez,0.6304387711539332
310,cv_estancia,0.9891297333969663
310,pct_estancia_larga,0.426658521215306
311,egresos_por_anio,0.7441493753939555
311,estancia_media,0.7441493753939555
311,estancia_mediana,0.9889618561292595
311,peso_medio_grd,0.3975523211027654
311,severidad_media,0.7441493753939555
311,mortalidad_media,0.3975523211027654
311,entropia_grd,0.3975523211027654
311,comorbilidades_promedio,0.6753451091711453
311,tasa_cma,0.5089456110617206
311,peso_medio_cma,0.9661997195869518
311,pct_pediatrico,0.2305894959824793
311,pct_geriatrico,0.07352549266053961
311,pct_femenino_fertil,0.5886046595436099
311,edad_mediana,0.1906688894698821
311,pct_urgencia,0.2305894959824793
311,pct_programada,0.9661997195869518
311,pct_obstetrica_ingreso,0.9661997195869518
311,pct_alta_domicilio,0.9661997195869518
311,pct_alta_fallecido,0.7441493753939555
311,pct_alta_traslado,0.5089456110617206
311,pct_origen_emergencia,0.3975523211027654
311,pct_origen_referencia,0.5089456110617206
311,pct_uso_pabellon,0.9661997195869518
311,pabellones_promedio,0.9661997195869518
311,tasa_partos,0.9661997195869518
311,tasa_prematurez,0.7441493753939555
311,cv_estancia,0.24289946976773907
311,pct_estancia_larga,0.7441493753939555
312,egresos_por_anio,0.9301407241091454
312,estancia_media,0.9301407241091454
312,estancia_mediana,0.5792148393267851
312,peso_medio_grd,0.15675041287142905
312,severidad_media,0.5792148393267851
312,mortalidad_media,0.5792148393267851
312,entropia_grd,0.9301407241091454
312,comorbilidades_promedio,0.8127539569385046
312,tasa_cma,0.5792148393267851
312,peso_medio_cma,0.7451365379427958
312,pct_pediatrico,0.15675041287142905
312,pct_geriatrico,0.5792148393267851
312,pct_femenino_fertil,0.5797871885900612
312,edad_mediana,0.15675041287142905
312,pct_urgencia,0.5792148393267851
312,pct_programada,0.5199708206439241
312,pct_obstetrica_ingreso,0.7306263615597762
312,pct_alta_domicilio,0.5792148393267851
312,pct_alta_fallecido,0.7451365379427958
312,pct_alta_traslado,0.9301407241091454
312,pct_origen_emergencia,0.5792148393267851
312,pct_origen_referencia,0.8595689920643954
312,pct_uso_pabellon,0.5792148393267851
312,pabellones_promedio,0.8595689920643954
312,tasa_partos,0.9301407241091454
312,tasa_prematurez,0.5792148393267851
312,cv_estancia,0.5797871885900612
312,pct_estancia_larga,0.7538795251111079
313,egresos_por_anio,0.4085436165425335
313,estancia_media,0.7857717678024323
313,estancia_mediana,0.6040119643873986
313,peso_medio_grd,0.4085436165425335
313,severidad_media,0.6449437566787658
313,mortalidad_media,0.28436443760562846
313,entropia_grd,0.28947202209736805
313,comorbilidades_promedio,0.18704560269434242
313,tasa_cma,0.28947202209736805
313,peso_medio_cma,0.47965582406949875
313,pct_pediatrico,0.18704560269434242
313,pct_geriatrico,0.8116630434161842
313,pct_femenino_fertil,0.28947202209736805
313,edad_mediana,0.3805992185555657
313,pct_urgencia,0.18704560269434242
313,pct_programada,0.18704560269434242
313,pct_obstetrica_ingreso,0.801092845399526
313,pct_alta_domicilio,0.36601720916490066
313,pct_alta_fallecido,0.801092845399526
313,pct_alta_traslado,0.23177669913093873
313,pct_origen_emergencia,0.801092845399526
313,pct_origen_referencia,0.3805992185555657
313,pct_uso_pabellon,0.6011563942641429
313,pabellones_promedio,0.4085436165425335
313,tasa_partos,0.11116643687964876
313,tasa_prematurez,0.3805992185555657
313,cv_estancia,0.43303586987132475
313,pct_estancia_larga,0.8831508031541361
314,egresos_por_anio,0.8617140419544442
314,estancia_media,0.5744372068068156
314,estancia_mediana,0.7744789925789979
314,peso_medio_grd,0.08934175116121246
314,severidad_media,0.3145709628157718
314,mortalidad_media,0.49862974987769454
314,entropia_grd,0.6843513478833806
314,comorbilidades_promedio,0.7744789925789979
314,tasa_cma,0.6843513478833806
314,peso_medio_cma,0.984672630784141
314,pct_pediatrico,0.10718262378050154
314,pct_geriatrico,0.984672630784141
314,pct_femenino_fertil,0.5224993411850101
314,edad_mediana,0.10718262378050154
314,pct_urgencia,0.08934175116121246
314,pct_programada,0.22826806534906374
314,pct_obstetrica_ingreso,0.6013620620891945
314,pct_alta_domicilio,0.6843513478833806
314,pct_alta_fallecido,0.5744372068068156
314,pct_alta_traslado,0.6843513478833806
314,pct_origen_emergencia,0.984672630784141
314,pct_origen_referencia,0.10718262378050154
314,pct_uso_pabellon,0.6843513478833806
314,pabellones_promedio,0.6843513478833806
314,tasa_partos,0.5744372068068156
314,tasa_prematurez,0.6097941558816168
314,cv_estancia,0.49862974987769454
314,pct_estancia_larga,0.7744789925789979
315,egresos_por_anio,0.7448177141144398
315,estancia_media,0.7448177141144398
315,estancia_mediana,0.8123182472100471
315,peso_medio_grd,0.8574810470121557
315,severidad_media,0.23486524868045888
315,mortalidad_media,0.06984746979423542
315,entropia_grd,0.7448177141144398
315,comorbilidades_promedio,0.8123182472100471
315,tasa_cma,0.7448177141144398
315,peso_medio_cma,0.9698321222037647
315,pct_pediatrico,0.02458950800534361
315,pct_geriatrico,0.0006880420388115343
315,pct_femenino_fertil,0.6057885932472269
315,edad_mediana,0.7448177141144398
315,pct_urgencia,0.0022400055337548543
315,pct_programada,0.23486524868045888
315,pct_obstetrica_ingreso,0.8574810470121557
315,pct_alta_domicilio,0.6057885932472269
315,pct_alta_fallecido,0.012477667996535106
315,pct_alta_traslado,0.8574810470121557
315,pct_origen_emergencia,0.17905412561565767
315,pct_origen_referencia,0.2087623231363064
315,pct_uso_pabellon,0.7448177141144398
315,pabellones_promedio,0.7900511963023304
315,tasa_partos,0.28090684680311534
315,tasa_prematurez,0.7900511963023304
315,cv_estancia,0.7448177141144398
315,pct_estancia_larga,0.4498948417821612
316,egresos_por_anio,0.5704049103891431
316,estancia_media,0.3343571762805852
316,estancia_mediana,0.716798675085655
316,peso_medio_grd,0.6263515398237962
316,severidad_media,0.5082096887316698
316,mortalidad_media,0.5022383024272934
316,entropia_grd,0.4391853116930443
316,comorbilidades_promedio,0.4391853116930443
316,tasa_cma,0.47115404922638804
316,peso_medio_cma,0.7921049999841517
316,pct_pediatrico,0.038397434696808064
316,pct_geriatrico,0.440215777728106
316,pct_femenino_fertil,0.5082096887316698
316,edad_mediana,0.009255139878067482
316,pct_urgencia,0.008401449859203734
316,pct_programada,0.02721194039620879
316,pct_obstetrica_ingreso,0.020246412249448
316,pct_alta_domicilio,0.09935847664928091
316,pct_alta_fallecido,0.017065425579299635
316,pct_alta_traslado,0.440215777728106
316,pct_origen_emergencia,0.010481763482998386
316,pct_origen_referencia,0.008401449859203734
316,pct_uso_pabellon,0.009255139878067482
316,pabellones_promedio,0.6263035135702683
316,tasa_partos,0.5082096887316698
316,tasa_prematurez,0.7921049999841517
316,cv_estancia,0.04836467054205635
316,pct_estancia_larga,0.3343571762805852
317,egresos_por_anio,0.7052910931770959
317,estancia_media,0.7905045916037176
317,estancia_mediana,0.6697385216094102
317,peso_medio_grd,0.15924030727291089
317,severidad_media,0.46405285253710477
317,mortalidad_media,0.9328656826038234
317,entropia_grd,0.7904541806704919
317,comorbilidades_promedio,0.6195829351973571
317,tasa_cma,0.15924030727291089
317,peso_medio_cma,0.7905045916037176
317,pct_pediatrico,0.13564264441432117
317,pct_geriatrico,0.1305689672782656
317,pct_femenino_fertil,0.6697385216094102
317,edad_mediana,0.1305689672782656
317,pct_urgencia,0.6195829351973571
317,pct_programada,0.7905045916037176
317,pct_obstetrica_ingreso,0.7905045916037176
317,pct_alta_domicilio,0.46405285253710477
317,pct_alta_fallecido,0.13564264441432117
317,pct_alta_traslado,0.9328656826038234
317,pct_origen_emergencia,0.46405285253710477
317,pct_origen_referencia,0.32571095607585926
317,pct_uso_pabellon,0.625934475656708
317,pabellones_promedio,0.1515815006645612
317,tasa_partos,0.4261696402832749
317,tasa_prematurez,0.7904541806704919
317,cv_estancia,0.7905045916037176
317,pct_estancia_larga,0.7905045916037176
318,egresos_por_anio,0.2191682795449146
318,estancia_media,0.34891334944306135
318,estancia_mediana,0.270643307012878
318,peso_medio_grd,0.21133437094378993
318,severidad_media,0.6027943297366185
318,mortalidad_media,0.6356246552245147
318,entropia_grd,0.3338729680082552
318,comorbilidades_promedio,0.8204672896174428
318,tasa_cma,0.9988209176365968
318,peso_medio_cma,0.5684711102721731
318,pct_pediatrico,0.13285907268798255
318,pct_geriatrico,0.2655687106829677
318,pct_femenino_fertil,0.8204672896174428
318,edad_mediana,0.13285907268798255
318,pct_urgencia,0.35076165908247636
318,pct_programada,0.5684711102721731
318,pct_obstetrica_ingreso,0.8204672896174428
318,pct_alta_domicilio,0.42681370643437605
318,pct_alta_fallecido,0.21342464329454175
318,pct_alta_traslado,0.4762205584038709
318,pct_origen_emergencia,0.8204672896174428
318,pct_origen_referencia,0.2191682795449146
318,pct_uso_pabellon,0.13285907268798255
318,pabellones_promedio,0.44050018849384975
318,tasa_partos,0.7033919949079054
318,tasa_prematurez,0.9022991000360913
318,cv_estancia,0.5684711102721731
318,pct_estancia_larga,0.33615249987296514
319,egresos_por_anio,0.5818174911041988
319,estancia_media,0.4484877582400349
319,estancia_mediana,0.4484877582400349
319,peso_medio_grd,0.5493840888743315
319,severidad_media,0.37745192962445256
319,mortalidad_media,0.7208973705435633
319,entropia_grd,0.37745192962445256
319,comorbilidades_promedio,0.37745192962445256
319,tasa_cma,0.4484877582400349
319,peso_medio_cma,0.5818174911041988
319,pct_pediatrico,0.13180429975267863
319,pct_geriatrico,0.004369804670430717
319,pct_femenino_fertil,0.004369804670430717
319,edad_mediana,0.18794997287567095
319,pct_urgencia,0.6427597470620505
319,pct_programada,0.5844785581765335
319,pct_obstetrica_ingreso,0.712462185312226
319,pct_alta_domicilio,0.1732800120396198
319,pct_alta_fallecido,0.20314301997626524
319,pct_alta_traslado,0.3373512045352688
319,pct_origen_emergencia,0.20314301997626524
319,pct_origen_referencia,0.4974608510938001
319,pct_uso_pabellon,0.7208973705435633
319,pabellones_promedio,0.37745192962445256
319,tasa_partos,0.20314301997626524
319,tasa_prematurez,0.41225223302370345
319,cv_estancia,0.6427597470620505
319,pct_estancia_larga,0.37745192962445256
320,egresos_por_anio,0.5643633235132369
320,estancia_media,0.719383715029664
320,estancia_mediana,0.43843208334195
320,peso_medio_grd,0.24379820674134567
320,severidad_media,0.43843208334195
320,mortalidad_media,0.5643633235132369
320,entropia_grd,0.43843208334195
320,comorbilidades_promedio,0.5643633235132369
320,tasa_cma,0.5643633235132369
320,peso_medio_cma,0.5643633235132369
320,pct_pediatrico,0.0605137416164984
320,pct_geriatrico,0.05782618037883075
320,pct_femenino_fertil,0.43843208334195
320,edad_mediana,0.43843208334195
320,pct_urgencia,0.7451996025018129
320,pct_programada,0.7727828107746695
320,pct_obstetrica_ingreso,0.43843208334195
320,pct_alta_domicilio,0.042400176696369384
320,pct_alta_fallecido,0.5643633235132369
320,pct_alta_traslado,0.042400176696369384
320,pct_origen_emergencia,0.9296029617134325
320,pct_origen_referencia,0.5643633235132369
320,pct_uso_pabellon,0.5643633235132369
320,pabellones_promedio,0.5643633235132369
320,tasa_partos,0.7451996025018129
320,tasa_prematurez,0.43843208334195
320,cv_estancia,0.43843208334195
320,pct_estancia_larga,0.7727828107746695
321,egresos_por_anio,0.5163054055809709
321,estancia_media,0.8014209260293487
321,estancia_mediana,0.6047906348799265
321,peso_medio_grd,0.21337522743047604
321,severidad_media,0.4881031520299454
321,mortalidad_media,0.9535596378406784
321,entropia_grd,0.894090402525481
321,comorbilidades_promedio,0.9750731914913023
321,tasa_cma,0.4881031520299454
321,peso_medio_cma,0.21337522743047604
321,pct_pediatrico,0.12832907635909063
321,pct_geriatrico,0.21337522743047604
321,pct_femenino_fertil,0.11293326273221738
321,edad_mediana,0.3707623392387949
321,pct_urgencia,0.9750731914913023
321,pct_programada,0.6676124067556877
321,pct_obstetrica_ingreso,0.4881031520299454
321,pct_alta_domicilio,0.45659560981327735
321,pct_alta_fallecido,0.21337522743047604
321,pct_alta_traslado,0.4881031520299454
321,pct_origen_emergencia,0.27433347353956966
321,pct_origen_referencia,0.21337522743047604
321,pct_uso_pabellon,0.9750731914913023
321,pabellones_promedio,0.9750731914913023
321,tasa_partos,0.8014209260293487
321,tasa_prematurez,0.4881031520299454
321,cv_estancia,0.21337522743047604
321,pct_estancia_larga,0.4881031520299454
322,egresos_por_anio,0.39480568025274926
322,estancia_media,0.3739875828291275
322,estancia_mediana,0.5081648295971065
322,peso_medio_grd,0.2556778900160628
322,severidad_media,0.5081648295971065
322,mortalidad_media,0.17442057075847625
322,entropia_grd,0.4898730630494915
322,comorbilidades_promedio,0.13785742651982763
322,tasa_cma,0.01513656982226444
322,peso_medio_cma,0.5081648295971065
322,pct_pediatrico,0.07825657806127186
322,pct_geriatrico,0.628261818329959
322,pct_femenino_fertil,0.4597870731616754
322,edad_mediana,0.024235727610754165
322,pct_urgencia,0.09340088976626675
322,pct_programada,0.494166320633891
322,pct_obstetrica_ingreso,0.7680156806145344
322,pct_alta_domicilio,0.4908706565177419
322,pct_alta_fallecido,0.4634268182573519
322,pct_alta_traslado,0.4898730630494915
322,pct_origen_emergencia,0.09340088976626675
322,pct_origen_referencia,0.634222388205622
322,pct_uso_pabellon,0.01513656982226444
322,pabellones_promedio,0.7269759843681456
322,tasa_partos,0.5081648295971065
322,tasa_prematurez,0.4908706565177419
322,cv_estancia,0.12581751217724343
322,pct_estancia_larga,0.10117841537024333
323,egresos_por_anio,0.8112759877896686
323,estancia_media,0.5516902484055697
323,estancia_mediana,0.532229807069152
323,peso_medio_grd,0.17541686447621313
323,severidad_media,0.4372893106568521
323,mortalidad_media,0.9144110906725735
323,entropia_grd,0.06771720901904435
323,comorbilidades_promedio,0.8527586224922412
323,tasa_cma,0.8112759877896686
323,peso_medio_cma,0.3174535368340801
323,pct_pediatrico,0.17541686447621313
323,pct_geriatrico,0.04674066928735899
323,pct_femenino_fertil,0.8112759877896686
323,edad_mediana,0.18363717281869155
323,pct_urgencia,0.4738194925020764
323,pct_programada,0.05659395315274835
323,pct_obstetrica_ingreso,0.8112759877896686
323,pct_alta_domicilio,0.34239661774579633
323,pct_alta_fallecido,0.25023208235701283
323,pct_alta_traslado,0.004580136863515355
323,pct_origen_emergencia,0.8527586224922412
323,pct_origen_referencia,0.8527586224922412
323,pct_uso_pabellon,0.29391110069842796
323,pabellones_promedio,0.31586321450672344
323,tasa_partos,0.4346164246560594
323,tasa_prematurez,0.18363717281869155
323,cv_estancia,0.31586321450672344
323,pct_estancia_larga,0.8112759877896686
324,egresos_por_anio,0.8783121093991628
324,estancia_media,0.68092683810202
324,estancia_mediana,0.38714497297750966
324,peso_medio_grd,0.5867162813205793
324,severidad_media,0.3221690954823928
324,mortalidad_media,0.21256318026622667
324,entropia_grd,0.2996876005482158
324,comorbilidades_promedio,0.754326975369681
324,tasa_cma,0.08795785297318458
324,peso_medio_cma,0.38714497297750966
324,pct_pediatrico,0.12314774710998626
324,pct_geriatrico,0.3372986062588588
324,pct_femenino_fertil,0.3529111255348496
324,edad_mediana,0.38714497297750966
324,pct_urgencia,0.3221690954823928
324,pct_programada,0.6141921008349954
324,pct_obstetrica_ingreso,0.38714497297750966
324,pct_alta_domicilio,0.6141921008349954
324,pct_alta_fallecido,0.3221690954823928
324,pct_alta_traslado,0.9785150492226189
324,pct_origen_emergencia,0.9785150492226189
324,pct_origen_referencia,0.9785150492226189
324,pct_uso_pabellon,0.08795785297318458
324,pabellones_promedio,0.20546565294664937
324,tasa_partos,0.21256318026622667
324,tasa_prematurez,0.8744339370671887
324,cv_estancia,0.21256318026622667
324,pct_estancia_larga,0.20546565294664937
325,egresos_por_anio,0.8546338215070731
325,estancia_media,0.16985836239586788
325,estancia_mediana,0.6738722206909439
325,peso_medio_grd,0.6219633207264943
325,severidad_media,0.239965063398165
325,mortalidad_media,0.006006227427449002
325,entropia_grd,0.6219633207264943
325,comorbilidades_promedio,0.7657036670462023
325,tasa_cma,0.8124696791207979
325,peso_medio_cma,0.8788675208369578
325,pct_pediatrico,0.08336156069953352
325,pct_geriatrico,0.8124696791207979
325,pct_femenino_fertil,0.6219633207264943
325,edad_mediana,0.08336156069953352
325,pct_urgencia,0.8788675208369578
325,pct_programada,0.0008251990640935701
325,pct_obstetrica_ingreso,0.6219633207264943
325,pct_alta_domicilio,0.6219633207264943
325,pct_alta_fallecido,0.16985836239586788
325,pct_alta_traslado,0.8546338215070731
325,pct_origen_emergencia,0.6738722206909439
325,pct_origen_referencia,0.8192661445576189
325,pct_uso_pabellon,0.1931361710671461
325,pabellones_promedio,0.8124696791207979
325,tasa_partos,0.8546338215070731
325,tasa_prematurez,0.8788675208369578
325,cv_estancia,0.239965063398165
325,pct_estancia_larga,0.8124696791207979
326,egresos_por_anio,0.9672534182164859
326,estancia_media,0.9672534182164859
326,estancia_mediana,0.6760605705155054
326,peso_medio_grd,0.4708542040218807
326,severidad_media,0.3628092154863204
326,mortalidad_media,0.5310907772741249
326,entropia_grd,0.5310907772741249
326,comorbilidades_promedio,0.9672534182164859
326,tasa_cma,0.18636056341713658
326,peso_medio_cma,0.3983209512729615
326,pct_pediatrico,0.1425493534304371
326,pct_geriatrico,0.10923928511212395
326,pct_femenino_fertil,0.4907613738079223
326,edad_mediana,0.08627886408148724
326,pct_urgencia,0.4907613738079223
326,pct_programada,0.3606694966550062
326,pct_obstetrica_ingreso,0.18598406761341843
326,pct_alta_domicilio,0.9672534182164859
326,pct_alta_fallecido,0.10923928511212395
326,pct_alta_traslado,0.7913680308348048
326,pct_origen_emergencia,0.3509237421619253
326,pct_origen_referencia,0.6270083015361446
326,pct_uso_pabellon,0.008669582267065047
326,pabellones_promedio,0.3177669436752326
326,tasa_partos,0.18598406761341843
326,tasa_prematurez,0.7977678737173888
326,cv_estancia,0.5061538793649202
326,pct_estancia_larga,0.10923928511212395
327,egresos_por_anio,0.4198296857303195
327,estancia_media,0.4198296857303195
327,estancia_mediana,0.9334513607688029
327,peso_medio_grd,0.4198296857303195
327,severidad_media,0.5683039143406726
327,mortalidad_media,0.8264188294273028
327,entropia_grd,0.8114410139543686
327,comorbilidades_promedio,0.4912699316026237
327,tasa_cma,0.5410367306275145
327,peso_medio_cma,0.8114410139543686
327,pct_pediatrico,0.231376215960435
327,pct_geriatrico,0.2901253533468495
327,pct_femenino_fertil,0.4198296857303195
327,edad_mediana,0.4912699316026237
327,pct_urgencia,0.5410367306275145
327,pct_programada,0.6781078943082265
327,pct_obstetrica_ingreso,0.4912699316026237
327,pct_alta_domicilio,0.4912699316026237
327,pct_alta_fallecido,0.9267276649420275
327,pct_alta_traslado,0.9267276649420275
327,pct_origen_emergencia,0.9657173791484184
327,pct_origen_referencia,0.4499586198308786
327,pct_uso_pabellon,0.11401580092526648
327,pabellones_promedio,0.9267276649420275
327,tasa_partos,0.4198296857303195
327,tasa_prematurez,0.13324387355692463
327,cv_estancia,0.11401580092526648
327,pct_estancia_larga,0.4912699316026237
328,egresos_por_anio,0.8343131140454193
328,estancia_media,0.273807343016546
328,estancia_mediana,0.433265805829543
328,peso_medio_grd,0.008438558300746307
328,severidad_media,0.02301577525750002
328,mortalidad_media,0.9245725822509405
328,entropia_grd,0.9245725822509405
328,comorbilidades_promedio,0.5058009703541596
328,tasa_cma,0.433265805829543
328,peso_medio_cma,0.9245725822509405
328,pct_pediatrico,0.02301577525750002
328,pct_geriatrico,0.0059849035204173244
328,pct_femenino_fertil,0.5705572895715346
328,edad_mediana,0.07408113095704813
328,pct_urgencia,0.433265805829543
328,pct_programada,0.7742636467420849
328,pct_obstetrica_ingreso,0.7742636467420849
328,pct_alta_domicilio,0.7742636467420849
328,pct_alta_fallecido,0.433265805829543
328,pct_alta_traslado,0.8343131140454193
328,pct_origen_emergencia,0.5058009703541596
328,pct_origen_referencia,0.21206356841296578
328,pct_uso_pabellon,0.7742636467420849
328,pabellones_promedio,0.07408113095704813
328,tasa_partos,0.06260059200163803
328,tasa_prematurez,0.06260059200163803
328,cv_estancia,0.8369756088742203
328,pct_estancia_larga,0.2353252779273285
329,egresos_por_anio,0.8109021125226572
329,estancia_media,0.9932705766572102
329,estancia_mediana,0.8109021125226572
329,peso_medio_grd,0.9932705766572102
329,severidad_media,0.41659748693827614
329,mortalidad_media,0.9932705766572102
329,entropia_grd,0.635460805117162
329,comorbilidades_promedio,0.41659748693827614
329,tasa_cma,0.8109021125226572
329,peso_medio_cma,0.8109021125226572
329,pct_pediatrico,0.15966857669466988
329,pct_geriatrico,0.009051882450169487
329,pct_femenino_fertil,0.034048003960082125
329,edad_mediana,0.009051882450169487
329,pct_urgencia,0.2897265825381051
329,pct_programada,0.5297554687103898
329,pct_obstetrica_ingreso,0.3747406611319687
329,pct_alta_domicilio,0.3747406611319687
329,pct_alta_fallecido,0.43529082844709055
329,pct_alta_traslado,0.5813196587716616
329,pct_origen_emergencia,0.5813196587716616
329,pct_origen_referencia,0.41659748693827614
329,pct_uso_pabellon,0.1767408059867654
329,pabellones_promedio,0.635460805117162
329,tasa_partos,0.33008653050067477
329,tasa_prematurez,0.635460805117162
329,cv_estancia,0.2897265825381051
329,pct_estancia_larga,0.635460805117162
330,egresos_por_anio,0.9262229311313736
330,estancia_media,0.9352420046454553
330,estancia_mediana,0.21399079364055557
330,peso_medio_grd,0.21399079364055557
330,severidad_media,0.43318213697525987
330,mortalidad_media,0.7307364776834748
330,entropia_grd,0.9042018631685896
330,comorbilidades_promedio,0.6301176128639323
330,tasa_cma,0.21399079364055557
330,peso_medio_cma,0.43744675127700544
330,pct_pediatrico,0.21399079364055557
330,pct_geriatrico,0.8365110292937761
330,pct_femenino_fertil,0.35934942541789755
330,edad_mediana,0.0944575904147181
330,pct_urgencia,0.3129283558088233
330,pct_programada,0.5290233961301352
330,pct_obstetrica_ingreso,0.8365110292937761
330,pct_alta_domicilio,0.9352420046454553
330,pct_alta_fallecido,0.22249350225387385
330,pct_alta_traslado,0.35934942541789755
330,pct_origen_emergencia,0.35934942541789755
330,pct_origen_referencia,0.9352420046454553
330,pct_uso_pabellon,0.9352420046454553
330,pabellones_promedio,0.020991901962543157
330,tasa_partos,0.9262229311313736
330,tasa_prematurez,0.5737989067491938
330,cv_estancia,0.5737989067491938
330,pct_estancia_larga,0.43744675127700544
331,egresos_por_anio,0.4263421145899334
331,estancia_media,0.6744743185791036
331,estancia_mediana,0.6744743185791036
331,peso_medio_grd,0.08896266154738079
331,severidad_media,0.6744743185791036
331,mortalidad_media,0.6002023187585976
331,entropia_grd,0.6002023187585976
331,comorbilidades_promedio,0.6877180305883782
331,tasa_cma,0.6877180305883782
331,peso_medio_cma,0.5835985336171569
331,pct_pediatrico,0.16985526853177038
331,pct_geriatrico,0.6877180305883782
331,pct_femenino_fertil,0.8573338699728582
331,edad_mediana,0.07164799427151247
331,pct_urgencia,0.07164799427151247
331,pct_programada,0.8337493080625585
331,pct_obstetrica_ingreso,0.7603033768195795
331,pct_alta_domicilio,0.6002023187585976
331,pct_alta_fallecido,0.16985526853177038
331,pct_alta_traslado,0.3206003276368412
331,pct_origen_emergencia,0.6877180305883782
331,pct_origen_referencia,0.9325021171564561
331,pct_uso_pabellon,0.6744743185791036
331,pabellones_promedio,0.7984707568596346
331,tasa_partos,0.42292757935246234
331,tasa_prematurez,0.6744743185791036
331,cv_estancia,0.6744743185791036
331,pct_estancia_larga,0.42292757935246234
332,egresos_por_anio,0.7957354609625177
332,estancia_media,0.593306970816637
332,estancia_mediana,0.9554731885888451
332,peso_medio_grd,0.29305109243875954
332,severidad_media,0.9317995337317684
332,mortalidad_media,0.21944116044217732
332,entropia_grd,0.593306970816637
332,comorbilidades_promedio,0.21944116044217732
332,tasa_cma,0.7923960777254063
332,peso_medio_cma,0.593306970816637
332,pct_pediatrico,0.2055898813209398
332,pct_geriatrico,0.593306970816637
332,pct_femenino_fertil,0.5959307585072191
332,edad_mediana,0.2055898813209398
332,pct_urgencia,0.5206090641955422
332,pct_programada,0.593306970816637
332,pct_obstetrica_ingreso,0.9312377071858148
332,pct_alta_domicilio,0.7965980028256533
332,pct_alta_fallecido,0.7461661227311482
332,pct_alta_traslado,0.7923960777254063
332,pct_origen_emergencia,0.21944116044217732
332,pct_origen_referencia,0.7316168989549524
332,pct_uso_pabellon,0.0619201589346542
332,pabellones_promedio,0.8854916635207513
332,tasa_partos,0.573621050515408
332,tasa_prematurez,0.593306970816637
332,cv_estancia,0.593306970816637
332,pct_estancia_larga,0.8854916635207513
333,egresos_por_anio,0.28341004440163065
333,estancia_media,0.4405979362504533
333,estancia_mediana,0.28341004440163065
333,peso_medio_grd,0.23280881566455372
333,severidad_media,0.37739866066700345
333,mortalidad_media,0.0010391088994967323
333,entropia_grd,0.28341004440163065
333,comorbilidades_promedio,0.29656520889154275
333,tasa_cma,0.9845247546218103
333,peso_medio_cma,0.6176412696567212
333,pct_pediatrico,0.13592998559681949
333,pct_geriatrico,0.3560993443089077
333,pct_femenino_fertil,0.03396443951431534
333,edad_mediana,0.03396443951431534
333,pct_urgencia,0.05780644138081172
333,pct_programada,0.03396443951431534
333,pct_obstetrica_ingreso,0.3560993443089077
333,pct_alta_domicilio,0.4405979362504533
333,pct_alta_fallecido,0.4532328643716177
333,pct_alta_traslado,0.9521703570225729
333,pct_origen_emergencia,0.4405979362504533
333,pct_origen_referencia,0.49100808864590656
333,pct_uso_pabellon,0.9289335193115088
333,pabellones_promedio,0.35451935572027177
333,tasa_partos,0.4405979362504533
333,tasa_prematurez,0.5034502935223322
333,cv_estancia,0.3560993443089077
333,pct_estancia_larga,0.35451935572027177
334,egresos_por_anio,0.46526464736118905
334,estancia_media,0.5154932909344855
334,estancia_mediana,0.6848473579117056
334,peso_medio_grd,0.8420162776263944
334,severidad_media,0.40400984362541054
334,mortalidad_media,0.49287520591190487
334,entropia_grd,0.09781757895357951
334,comorbilidades_promedio,0.5154932909344855
334,tasa_cma,0.0008850661100409262
334,peso_medio_cma,0.7131607561776798
334,pct_pediatrico,0.05854766681958463
334,pct_geriatrico,0.46526464736118905
334,pct_femenino_fertil,0.2349155421517863
334,edad_mediana,0.05854766681958463
334,pct_urgencia,0.05854766681958463
334,pct_programada,0.05681914601587168
334,pct_obstetrica_ingreso,0.28297192216985656
334,pct_alta_domicilio,0.939362337743173
334,pct_alta_fallecido,0.46526464736118905
334,pct_alta_traslado,0.09803852959103707
334,pct_origen_emergencia,0.07537042638782554
334,pct_origen_referencia,0.46526464736118905
334,pct_uso_pabellon,0.09803852959103707
334,pabellones_promedio,0.46526464736118905
334,tasa_partos,0.07537042638782554
334,tasa_prematurez,0.2990810608743232
334,cv_estancia,0.46526464736118905
334,pct_estancia_larga,0.07537042638782554
335,egresos_por_anio,0.7847568490995461
335,estancia_media,0.11411021810307793
335,estancia_mediana,0.7847568490995461
335,peso_medio_grd,0.5906636000871671
335,severidad_media,0.9318038726201275
335,mortalidad_media,0.8605935190345017
335,entropia_grd,0.06527113833976578
335,comorbilidades_promedio,0.27028474337839387
335,tasa_cma,0.08374550979827407
335,peso_medio_cma,0.7847568490995461
335,pct_pediatrico,0.06527113833976578
335,pct_geriatrico,0.30512842173254295
335,pct_femenino_fertil,0.9318038726201275
335,edad_mediana,0.08374550979827407
335,pct_urgencia,0.0880332187478079
335,pct_programada,0.5906636000871671
335,pct_obstetrica_ingreso,0.11411021810307793
335,pct_alta_domicilio,0.07346711115276766
335,pct_alta_fallecido,0.2610298703036834
335,pct_alta_traslado,0.29884106844935177
335,pct_origen_emergencia,0.7847568490995461
335,pct_origen_referencia,0.6690001209770355
335,pct_uso_pabellon,0.8632274772969488
335,pabellones_promedio,0.6063431965647511
335,tasa_partos,0.06527113833976578
335,tasa_prematurez,0.7847568490995461
335,cv_estancia,0.7847568490995461
335,pct_estancia_larga,0.2174836299338603
336,egresos_por_anio,0.3490893840520839
336,estancia_media,0.7501203694200412
336,estancia_mediana,0.7501203694200412
336,peso_medio_grd,0.5777473183680433
336,severidad_media,0.7501203694200412
336,mortalidad_media,0.5777473183680433
336,entropia_grd,0.7055839388557966
336,comorbilidades_promedio,0.5777473183680433
336,tasa_cma,0.3121657237581947
336,peso_medio_cma,0.5777473183680433
336,pct_pediatrico,0.1850575046765718
336,pct_geriatrico,0.024208830167978593
336,pct_femenino_fertil,0.292868266752649
336,edad_mediana,0.19581336876555563
336,pct_urgencia,0.292868266752649
336,pct_programada,0.7501203694200412
336,pct_obstetrica_ingreso,0.19581336876555563
336,pct_alta_domicilio,0.8434812856495297
336,pct_alta_fallecido,0.5777473183680433
336,pct_alta_traslado,0.8434812856495297
336,pct_origen_emergencia,0.8434812856495297
336,pct_origen_referencia,0.7501203694200412
336,pct_uso_pabellon,0.7501203694200412
336,pabellones_promedio,0.19581336876555563
336,tasa_partos,0.7501203694200412
336,tasa_prematurez,0.7501203694200412
336,cv_estancia,0.7501203694200412
336,pct_estancia_larga,0.7501203694200412
337,egresos_por_anio,0.8874347148917172
337,estancia_media,0.05611104901928709
337,estancia_mediana,0.5294187923483304
337,peso_medio_grd,0.5294187923483304
337,severidad_media,0.6239383170393555
337,mortalidad_media,0.045584762540573115
337,entropia_grd,0.5203184975406265
337,comorbilidades_promedio,0.5203184975406265
337,tasa_cma,0.49708595446554443
337,peso_medio_cma,0.8874347148917172
337,pct_pediatrico,0.045584762540573115
337,pct_geriatrico,0.6239383170393555
337,pct_femenino_fertil,0.7374347058320619
337,edad_mediana,0.014663900542578736
337,pct_urgencia,0.7176795281135814
337,pct_programada,0.045584762540573115
337,pct_obstetrica_ingreso,0.7353907854673046
337,pct_alta_domicilio,0.6239383170393555
337,pct_alta_fallecido,0.5284069160134435
337,pct_alta_traslado,0.014663900542578736
337,pct_origen_emergencia,0.23252051379017077
337,pct_origen_referencia,0.7374347058320619
337,pct_uso_pabellon,0.045584762540573115
337,pabellones_promedio,0.28405713493653234
337,tasa_partos,0.6239383170393555
337,tasa_prematurez,0.11501641546156625
337,cv_estancia,0.7374347058320619
337,pct_estancia_larga,0.8874347148917172
338,egresos_por_anio,0.9659945708152856
338,estancia_media,0.4645053657048142
338,estancia_mediana,0.77875322371553
338,peso_medio_grd,0.77875322371553
338,severidad_media,0.8091537326859528
338,mortalidad_media,0.77875322371553
338,entropia_grd,0.2438443385216423
338,comorbilidades_promedio,0.6705952667298145
338,tasa_cma,0.77875322371553
338,peso_medio_cma,0.8091537326859528
338,pct_pediatrico,0.015986614719113057
338,pct_geriatrico,0.015986614719113057
338,pct_femenino_fertil,0.04293080275263537
338,edad_mediana,0.16044105877065684
338,pct_urgencia,0.015986614719113057
338,pct_programada,0.825019168420665
338,pct_obstetrica_ingreso,0.5314328916429477
338,pct_alta_domicilio,0.9066929859652652
338,pct_alta_fallecido,0.4645053657048142
338,pct_alta_traslado,0.825019168420665
338,pct_origen_emergencia,0.7969844950554854
338,pct_origen_referencia,0.825019168420665
338,pct_uso_pabellon,0.78873401306436
338,pabellones_promedio,0.77875322371553
338,tasa_partos,0.6705952667298145
338,tasa_prematurez,0.7969844950554854
338,cv_estancia,0.77875322371553
338,pct_estancia_larga,0.8091537326859528
339,egresos_por_anio,0.468688224672545
339,estancia_media,0.7610872777030434
339,estancia_mediana,0.49683515720660865
339,peso_medio_grd,0.8295140655438649
339,severidad_media,0.7278560859592228
339,mortalidad_media,0.468688224672545
339,entropia_grd,0.05932806829817031
339,comorbilidades_promedio,0.7278560859592228
339,tasa_cma,0.9149083251136558
339,peso_medio_cma,0.7454358769429508
339,pct_pediatrico,0.005507850611237668
339,pct_geriatrico,0.468688224672545
339,pct_femenino_fertil,0.10581201861699831
339,edad_mediana,0.001829963504361844
339,pct_urgencia,0.7278560859592228
339,pct_programada,0.8772170446477543
339,pct_obstetrica_ingreso,0.7278560859592228
339,pct_alta_domicilio,0.7278560859592228
339,pct_alta_fallecido,0.07477451647621507
339,pct_alta_traslado,0.468688224672545
339,pct_origen_emergencia,0.7278560859592228
339,pct_origen_referencia,0.468688224672545
339,pct_uso_pabellon,0.7278560859592228
339,pabellones_promedio,0.7278560859592228
339,tasa_partos,0.9149083251136558
339,tasa_prematurez,0.8396560596625708
339,cv_estancia,0.8289081482493535
339,pct_estancia_larga,0.7278560859592228
340,egresos_por_anio,0.7915665172784048
340,estancia_media,0.5038468641455462
340,estancia_mediana,0.9881726530136883
340,peso_medio_grd,0.8744894685120267
340,severidad_media,0.2962531983808045
340,mortalidad_media,0.3102583145855653
340,entropia_grd,0.9782599941504644
340,comorbilidades_promedio,0.37316692064759543
340,tasa_cma,0.2962531983808045
340,peso_medio_cma,0.3102583145855653
340,pct_pediatrico,0.030387674806920117
340,pct_geriatrico,0.06806710930313198
340,pct_femenino_fertil,0.8412854795274223
340,edad_mediana,0.030387674806920117
340,pct_urgencia,0.06806710930313198
340,pct_programada,0.7096353111788908
340,pct_obstetrica_ingreso,0.3102583145855653
340,pct_alta_domicilio,0.6983561403467473
340,pct_alta_fallecido,0.3102583145855653
340,pct_alta_traslado,0.07132077689703864
340,pct_origen_emergencia,0.736538033788999
340,pct_origen_referencia,0.04813239429761724
340,pct_uso_pabellon,0.030387674806920117
340,pabellones_promedio,0.7572449571588127
340,tasa_partos,0.6293424987049808
340,tasa_prematurez,0.3102583145855653
340,cv_estancia,0.9881726530136883
340,pct_estancia_larga,0.21411256068817291
341,egresos_por_anio,0.2638605878378446
341,estancia_media,0.5422294457993888
341,estancia_mediana,0.5585412736603563
341,peso_medio_grd,0.3351192047823456
341,severidad_media,0.357702265771576
341,mortalidad_media,0.5422294457993888
341,entropia_grd,0.3351192047823456
341,comorbilidades_promedio,0.7588293774922021
341,tasa_cma,0.5141051313966889
341,peso_medio_cma,0.357702265771576
341,pct_pediatrico,0.12295612255884425
341,pct_geriatrico,0.08646509968055234
341,pct_femenino_fertil,0.2638605878378446
341,edad_mediana,0.5141051313966889
341,pct_urgencia,0.2638605878378446
341,pct_programada,0.13147105815276247
341,pct_obstetrica_ingreso,0.6185169918594509
341,pct_alta_domicilio,0.7339640107293375
341,pct_alta_fallecido,0.2638605878378446
341,pct_alta_traslado,0.7540713468976641
341,pct_origen_emergencia,0.6185169918594509
341,pct_origen_referencia,0.651497351298451
341,pct_uso_pabellon,0.3351192047823456
341,pabellones_promedio,0.5141051313966889
341,tasa_partos,0.48935087790569654
341,tasa_prematurez,0.2638605878378446
341,cv_estancia,0.5141051313966889
341,pct_estancia_larga,0.357702265771576
342,egresos_por_anio,0.9302645725660862
342,estancia_media,0.9302645725660862
342,estancia_mediana,0.5917364972480845
342,peso_medio_grd,0.29577105450034014
342,severidad_media,0.9302645725660862
342,mortalidad_media,0.29577105450034014
342,entropia_grd,0.5767297981628894
342,comorbilidades_promedio,0.9302645725660862
342,tasa_cma,0.29577105450034014
342,peso_medio_cma,0.9327281309290457
342,pct_pediatrico,0.1696605490771721
342,pct_geriatrico,0.1696605490771721
342,pct_femenino_fertil,0.9302645725660862
342,edad_mediana,0.01200871459074917
342,pct_urgencia,0.29577105450034014
342,pct_programada,0.37702732680579826
342,pct_obstetrica_ingreso,0.29577105450034014
342,pct_alta_domicilio,0.9302645725660862
342,pct_alta_fallecido,0.00014596837655909533
342,pct_alta_traslado,0.5917364972480845
342,pct_origen_emergencia,0.42356775223434384
342,pct_origen_referencia,0.9302645725660862
342,pct_uso_pabellon,0.29577105450034014
342,pabellones_promedio,0.9302645725660862
342,tasa_partos,0.9302645725660862
342,tasa_prematurez,0.9302645725660862
342,cv_estancia,0.6905472288984281
342,pct_estancia_larga,0.42356775223434384
343,egresos_por_anio,0.4728867681864617
343,estancia_media,0.4972386144163843
343,estancia_mediana,0.889059137994453
343,peso_medio_grd,0.4728867681864617
343,severidad_media,0.5154776266023826
343,mortalidad_media,0.600769374877189
343,entropia_grd,0.889059137994453
343,comorbilidades_promedio,0.5325443164332078
343,tasa_cma,0.4972386144163843
343,peso_medio_cma,0.708173077681335
343,pct_pediatrico,0.08326948119465076
343,pct_geriatrico,0.4728867681864617
343,pct_femenino_fertil,0.708173077681335
343,edad_mediana,0.4728867681864617
343,pct_urgencia,0.7181949759467046
343,pct_programada,0.889059137994453
343,pct_obstetrica_ingreso,0.708173077681335
343,pct_alta_domicilio,0.708173077681335
343,pct_alta_fallecido,0.0043854314453929755
343,pct_alta_traslado,0.10263508683520624
343,pct_origen_emergencia,0.708173077681335
343,pct_origen_referencia,0.4728867681864617
343,pct_uso_pabellon,0.708173077681335
343,pabellones_promedio,0.7181949759467046
343,tasa_partos,0.889059137994453
343,tasa_prematurez,0.889059137994453
343,cv_estancia,0.4728867681864617
343,pct_estancia_larga,0.708173077681335
344,egresos_por_anio,0.6898027901972433
344,estancia_media,0.8542145336544135
344,estancia_mediana,0.9703493080145804
344,peso_medio_grd,0.8542145336544135
344,severidad_media,0.6898027901972433
344,mortalidad_media,0.6747148343962068
344,entropia_grd,0.6747148343962068
344,comorbilidades_promedio,0.6898027901972433
344,tasa_cma,0.8542145336544135
344,peso_medio_cma,0.9571601442540373
344,pct_pediatrico,0.12497920545422955
344,pct_geriatrico,0.12497920545422955
344,pct_femenino_fertil,0.913590490135878
344,edad_mediana,0.12497920545422955
344,pct_urgencia,0.4858626020908859
344,pct_programada,0.39311181102689063
344,pct_obstetrica_ingreso,0.972009448533033
344,pct_alta_domicilio,0.8542145336544135
344,pct_alta_fallecido,0.8542145336544135
344,pct_alta_traslado,0.7502256761480294
344,pct_origen_emergencia,0.19077946713714417
344,pct_origen_referencia,0.291405688333029
344,pct_uso_pabellon,0.12497920545422955
344,pabellones_promedio,0.9703493080145804
344,tasa_partos,0.7502256761480294
344,tasa_prematurez,0.7502256761480294
344,cv_estancia,0.9753262744588165
344,pct_estancia_larga,0.7502256761480294
345,egresos_por_anio,0.04994968405834991
345,estancia_media,0.15708785566455244
345,estancia_mediana,0.5237344458239253
345,peso_medio_grd,0.23765638371971848
345,severidad_media,0.8809828224742723
345,mortalidad_media,0.019728850766907616
345,entropia_grd,0.27412266331748414
345,comorbilidades_promedio,0.34287340964163426
345,tasa_cma,0.23765638371971848
345,peso_medio_cma,0.7477507934819604
345,pct_pediatrico,0.019728850766907616
345,pct_geriatrico,0.47124068879295294
345,pct_femenino_fertil,0.2710200968560803
345,edad_mediana,0.16422936058361015
345,pct_urgencia,0.27412266331748414
345,pct_programada,0.7828216668353755
345,pct_obstetrica_ingreso,0.6565617530174064
345,pct_alta_domicilio,0.9072017861712416
345,pct_alta_fallecido,0.26117013341604783
345,pct_alta_traslado,0.2710200968560803
345,pct_origen_emergencia,0.42644144885564444
345,pct_origen_referencia,0.24556693622707712
345,pct_uso_pabellon,0.15708785566455244
345,pabellones_promedio,0.08852815436384949
345,tasa_partos,0.8540768273909991
345,tasa_prematurez,0.20376563413180607
345,cv_estancia,0.919502382799339
345,pct_estancia_larga,0.636069043888253
346,egresos_por_anio,0.2678095750223019
346,estancia_media,0.7947026998361443
346,estancia_mediana,0.7947535216303355
346,peso_medio_grd,0.12772699858307013
346,severidad_media,0.7844708860179618
346,mortalidad_media,0.7844708860179618
346,entropia_grd,0.16783426944758958
346,comorbilidades_promedio,0.9002382233162222
346,tasa_cma,0.7844708860179618
346,peso_medio_cma,0.6470892274514871
346,pct_pediatrico,0.15630498022937805
346,pct_geriatrico,0.9002382233162222
346,pct_femenino_fertil,0.9821725126412635
346,edad_mediana,0.12369645058712889
346,pct_urgencia,0.12369645058712889
346,pct_programada,0.25333277434708573
346,pct_obstetrica_ingreso,0.7844708860179618
346,pct_alta_domicilio,0.7844708860179618
346,pct_alta_fallecido,0.5016725499048356
346,pct_alta_traslado,0.3992120651948861
346,pct_origen_emergencia,0.6470892274514871
346,pct_origen_referencia,0.5016725499048356
346,pct_uso_pabellon,0.9002382233162222
346,pabellones_promedio,0.25333277434708573
346,tasa_partos,0.9002382233162222
346,tasa_prematurez,0.6470892274514871
346,cv_estancia,0.9821725126412635
346,pct_estancia_larga,0.6470892274514871
347,egresos_por_anio,0.17835395537508442
347,estancia_media,0.3923742144247921
347,estancia_mediana,0.5626647049139553
347,peso_medio_grd,0.5987467613416516
347,severidad_media,0.45466599264103114
347,mortalidad_media,0.45012807614085226
347,entropia_grd,0.6893124906043145
347,comorbilidades_promedio,0.05702628620562003
347,tasa_cma,0.023339974871380204
347,peso_medio_cma,0.6598908655409208
347,pct_pediatrico,0.023339974871380204
347,pct_geriatrico,0.1063251500780479
347,pct_femenino_fertil,0.023339974871380204
347,edad_mediana,0.294595859140926
347,pct_urgencia,0.5142837607262755
347,pct_programada,0.023339974871380204
347,pct_obstetrica_ingreso,0.7500812027870198
347,pct_alta_domicilio,0.5273853619244765
347,pct_alta_fallecido,0.3923742144247921
347,pct_alta_traslado,0.3562788954181241
347,pct_origen_emergencia,0.45466599264103114
347,pct_origen_referencia,0.38785154082508005
347,pct_uso_pabellon,0.28151074642828045
347,pabellones_promedio,0.28151074642828045
347,tasa_partos,0.8925224176789314
347,tasa_prematurez,0.45012807614085226
347,cv_estancia,0.4960280068424655
347,pct_estancia_larga,0.38594604889913997
348,egresos_por_anio,0.4724668169812077
348,estancia_media,0.4724668169812077
348,estancia_mediana,0.4724668169812077
348,peso_medio_grd,0.1434027449276587
348,severidad_media,0.3286968991525863
348,mortalidad_media,0.4724668169812077
348,entropia_grd,0.4724668169812077
348,comorbilidades_promedio,0.920828685772471
348,tasa_cma,0.34665053014140046
348,peso_medio_cma,0.8214649251276083
348,pct_pediatrico,0.15634863030704652
348,pct_geriatrico,0.048504578231890576
348,pct_femenino_fertil,0.4686646457517129
348,edad_mediana,0.11964279983279677
348,pct_urgencia,0.5940468690662826
348,pct_programada,0.19185462059999117
348,pct_obstetrica_ingreso,0.4724668169812077
348,pct_alta_domicilio,0.7667753472948263
348,pct_alta_fallecido,0.11964279983279677
348,pct_alta_traslado,0.4724668169812077
348,pct_origen_emergencia,0.670681074057938
348,pct_origen_referencia,0.1434027449276587
348,pct_uso_pabellon,0.7552094091268846
348,pabellones_promedio,0.19185462059999117
348,tasa_partos,0.6629264663383538
348,tasa_prematurez,0.5940468690662826
348,cv_estancia,0.4724668169812077
348,pct_estancia_larga,0.4724668169812077
349,egresos_por_anio,0.9235912751865617
349,estancia_media,0.8036287663550806
349,estancia_mediana,0.9743473599443627
349,peso_medio_grd,0.8036287663550806
349,severidad_media,0.5079506965170117
349,mortalidad_media,0.5031228636236743
349,entropia_grd,0.6982606078876733
349,comorbilidades_promedio,0.24212367487083122
349,tasa_cma,0.9716375792123093
349,peso_medio_cma,0.9235912751865617
349,pct_pediatrico,0.09721766399979838
349,pct_geriatrico,0.03908902358907463
349,pct_femenino_fertil,0.5079506965170117
349,edad_mediana,0.0008423389869366934
349,pct_urgencia,0.9743473599443627
349,pct_programada,0.9716375792123093
349,pct_obstetrica_ingreso,0.24212367487083122
349,pct_alta_domicilio,0.8388127360200022
349,pct_alta_fallecido,0.9235912751865617
349,pct_alta_traslado,0.5570368997015052
349,pct_origen_emergencia,0.2815773421412649
349,pct_origen_referencia,0.6292353163031741
349,pct_uso_pabellon,0.09721766399979838
349,pabellones_promedio,0.2902576679126857
349,tasa_partos,0.10009715596459622
349,tasa_prematurez,0.5079506965170117
349,cv_estancia,0.8956504886808414
349,pct_estancia_larga,0.8956504886808414
350,egresos_por_anio,0.7708486641446761
350,estancia_media,0.9999846817741582
350,estancia_mediana,0.3592677019433071
350,peso_medio_grd,0.13895890253090623
350,severidad_media,0.19073000235989065
350,mortalidad_media,0.9147771646872792
350,entropia_grd,0.9147771646872792
350,comorbilidades_promedio,0.24916150189017486
350,tasa_cma,0.6655473814793277
350,peso_medio_cma,0.7206120752819316
350,pct_pediatrico,0.13895890253090623
350,pct_geriatrico,0.13895890253090623
350,pct_femenino_fertil,0.21448021040872317
350,edad_mediana,0.13895890253090623
350,pct_urgencia,0.9147771646872792
350,pct_programada,0.9517439173411223
350,pct_obstetrica_ingreso,0.9517439173411223
350,pct_alta_domicilio,0.7531186630147072
350,pct_alta_fallecido,0.9517439173411223
350,pct_alta_traslado,0.8392559163942228
350,pct_origen_emergencia,0.19073000235989065
350,pct_origen_referencia,0.9230706489645167
350,pct_uso_pabellon,0.13895890253090623
350,pabellones_promedio,0.3592677019433071
350,tasa_partos,0.13895890253090623
350,tasa_prematurez,0.9230706489645167
350,cv_estancia,0.7708486641446761
350,pct_estancia_larga,0.9517439173411223
351,egresos_por_anio,0.4447585448425163
351,estancia_media,0.9807768488200012
351,estancia_mediana,0.3890411887370433
351,peso_medio_grd,0.548477941569442
351,severidad_media,0.6489622779955265
351,mortalidad_media,0.20713665862945377
351,entropia_grd,0.5823852999061371
351,comorbilidades_promedio,0.11756456855232023
351,tasa_cma,0.5676127258493228
351,peso_medio_cma,0.4447585448425163
351,pct_pediatrico,0.09246831488137262
351,pct_geriatrico,0.548477941569442
351,pct_femenino_fertil,0.25929958846809387
351,edad_mediana,0.0795679449133085
351,pct_urgencia,0.04440200866074298
351,pct_programada,0.548477941569442
351,pct_obstetrica_ingreso,0.7294183114221523
351,pct_alta_domicilio,0.548477941569442
351,pct_alta_fallecido,0.052805015926630006
351,pct_alta_traslado,0.1355209851659628
351,pct_origen_emergencia,0.9211112576624131
351,pct_origen_referencia,0.4279905101566225
351,pct_uso_pabellon,0.7806286175495994
351,pabellones_promedio,0.9807768488200012
351,tasa_partos,0.04440200866074298
351,tasa_prematurez,0.4628402834258228
351,cv_estancia,0.5823852999061371
351,pct_estancia_larga,0.548477941569442
352,egresos_por_anio,0.8243341097840678
352,estancia_media,0.8243341097840678
352,estancia_mediana,0.47167902363932884
352,peso_medio_grd,0.8243341097840678
352,severidad_media,0.8243341097840678
352,mortalidad_media,0.40504955377370494
352,entropia_grd,0.8243341097840678
352,comorbilidades_promedio,0.40504955377370494
352,tasa_cma,0.2274728330721225
352,peso_medio_cma,0.8243341097840678
352,pct_pediatrico,0.169412171189148
352,pct_geriatrico,0.28070672628874155
352,pct_femenino_fertil,0.1674406637604338
352,edad_mediana,0.1674406637604338
352,pct_urgencia,0.8243341097840678
352,pct_programada,0.8243341097840678
352,pct_obstetrica_ingreso,0.40504955377370494
352,pct_alta_domicilio,0.42673815584652963
352,pct_alta_fallecido,0.3091536349488718
352,pct_alta_traslado,0.40504955377370494
352,pct_origen_emergencia,0.6613182056520048
352,pct_origen_referencia,0.40504955377370494
352,pct_uso_pabellon,0.9188075525057986
352,pabellones_promedio,0.8243341097840678
352,tasa_partos,0.40504955377370494
352,tasa_prematurez,0.33874419489109
352,cv_estancia,0.19743031826234797
352,pct_estancia_larga,0.40504955377370494
353,egresos_por_anio,0.21816845011639818
353,estancia_media,0.5653690018105998
353,estancia_mediana,0.40521308819501356
353,peso_medio_grd,0.3818090765541607
353,severidad_media,0.40521308819501356
353,mortalidad_media,0.7623899493487096
353,entropia_grd,0.40521308819501356
353,comorbilidades_promedio,0.7225648495137941
353,tasa_cma,0.7904739754511849
353,peso_medio_cma,0.6196227327273857
353,pct_pediatrico,0.04893735194762498
353,pct_geriatrico,0.003245929042902399
353,pct_femenino_fertil,0.40521308819501356
353,edad_mediana,0.056074588146384316
353,pct_urgencia,0.566601741637981
353,pct_programada,0.6473889157299683
353,pct_obstetrica_ingreso,0.40521308819501356
353,pct_alta_domicilio,0.7756217154941307
353,pct_alta_fallecido,0.21905871862607323
353,pct_alta_traslado,0.40521308819501356
353,pct_origen_emergencia,0.6683816082212753
353,pct_origen_referencia,0.40521308819501356
353,pct_uso_pabellon,0.6683816082212753
353,pabellones_promedio,0.05142280311713986
353,tasa_partos,0.7225648495137941
353,tasa_prematurez,0.40521308819501356
353,cv_estancia,0.1396216390434529
353,pct_estancia_larga,0.5652364979699619
354,egresos_por_anio,0.6911869274091188
354,estancia_media,0.3063293123871738
354,estancia_mediana,0.6529453704327751
354,peso_medio_grd,0.7892234096163148
354,severidad_media,0.2256634792814361
354,mortalidad_media,0.603229975559946
354,entropia_grd,0.3267314593578446
354,comorbilidades_promedio,0.9146090623172487
354,tasa_cma,0.8461764282849805
354,peso_medio_cma,0.6529453704327751
354,pct_pediatrico,0.2256634792814361
354,pct_geriatrico,0.6911869274091188
354,pct_femenino_fertil,0.31242382775825905
354,edad_mediana,0.2256634792814361
354,pct_urgencia,0.6911869274091188
354,pct_programada,0.31242382775825905
354,pct_obstetrica_ingreso,0.3063293123871738
354,pct_alta_domicilio,0.3063293123871738
354,pct_alta_fallecido,0.37431203031569144
354,pct_alta_traslado,0.4770537585081899
354,pct_origen_emergencia,0.4770537585081899
354,pct_origen_referencia,0.7892234096163148
354,pct_uso_pabellon,0.31242382775825905
354,pabellones_promedio,0.31242382775825905
354,tasa_partos,0.11024378741194532
354,tasa_prematurez,0.9146090623172487
354,cv_estancia,0.7065482879074717
354,pct_estancia_larga,0.3063293123871738
355,egresos_por_anio,0.8148243510750792
355,estancia_media,0.004047695492748293
355,estancia_mediana,0.9296116455815906
355,peso_medio_grd,0.9296116455815906
355,severidad_media,0.9296116455815906
355,mortalidad_media,0.9296116455815906
355,entropia_grd,0.9296116455815906
355,comorbilidades_promedio,0.9296116455815906
355,tasa_cma,0.7830707776543384
355,peso_medio_cma,0.9296116455815906
355,pct_pediatrico,0.008216094239457015
355,pct_geriatrico,0.008771024935874417
355,pct_femenino_fertil,0.9296116455815906
355,edad_mediana,0.06806839171668352
355,pct_urgencia,0.9296116455815906
355,pct_programada,0.008716729025102217
355,pct_obstetrica_ingreso,0.026930296607019583
355,pct_alta_domicilio,0.49655146752177276
355,pct_alta_fallecido,0.3311869463239792
355,pct_alta_traslado,0.7214546148857176
355,pct_origen_emergencia,0.7830707776543384
355,pct_origen_referencia,0.7830707776543384
355,pct_uso_pabellon,0.4875047466727683
355,pabellones_promedio,0.9296116455815906
355,tasa_partos,0.9296116455815906
355,tasa_prematurez,0.7830707776543384
355,cv_estancia,0.9296116455815906
355,pct_estancia_larga,0.008716729025102217
356,egresos_por_anio,0.6195440079543022
356,estancia_media,0.931026563761314
356,estancia_mediana,0.931026563761314
356,peso_medio_grd,0.2748881293312459
356,severidad_media,0.06782719363275724
356,mortalidad_media,0.6085036464453959
356,entropia_grd,0.931026563761314
356,comorbilidades_promedio,0.931026563761314
356,tasa_cma,0.9626355327795499
356,peso_medio_cma,0.931026563761314
356,pct_pediatrico,0.11272563242763284
356,pct_geriatrico,0.0499894322272889
356,pct_femenino_fertil,0.0499894322272889
356,edad_mediana,0.11272563242763284
356,pct_urgencia,0.6085036464453959
356,pct_programada,0.9325458242369079
356,pct_obstetrica_ingreso,0.931026563761314
356,pct_alta_domicilio,0.9347006915110277
356,pct_alta_fallecido,0.931026563761314
356,pct_alta_traslado,0.6297921488421431
356,pct_origen_emergencia,0.2748881293312459
356,pct_origen_referencia,0.931026563761314
356,pct_uso_pabellon,0.8175520994743246
356,pabellones_promedio,0.11272563242763284
356,tasa_partos,0.0499894322272889
356,tasa_prematurez,0.931026563761314
356,cv_estancia,0.931026563761314
356,pct_estancia_larga,0.11272563242763284
357,egresos_por_anio,0.9256327860174848
357,estancia_media,0.9256327860174848
357,estancia_mediana,0.8103271444321205
357,peso_medio_grd,0.7424092985270305
357,severidad_media,0.8536422629214268
357,mortalidad_media,0.1251871212486073
357,entropia_grd,0.6240240162725014
357,comorbilidades_promedio,0.8103271444321205
357,tasa_cma,0.8103271444321205
357,peso_medio_cma,0.8226908641646472
357,pct_pediatrico,0.09838706675054211
357,pct_geriatrico,0.29582686147165016
357,pct_femenino_fertil,0.8103271444321205
357,edad_mediana,0.09838706675054211
357,pct_urgencia,0.8103271444321205
357,pct_programada,0.1517472227587532
357,pct_obstetrica_ingreso,0.6240240162725014
357,pct_alta_domicilio,0.8103271444321205
357,pct_alta_fallecido,0.8536422629214268
357,pct_alta_traslado,0.041140723867072966
357,pct_origen_emergencia,0.8103271444321205
357,pct_origen_referencia,0.057397569459333116
357,pct_uso_pabellon,0.0043709644286210195
357,pabellones_promedio,0.057397569459333116
357,tasa_partos,0.8103271444321205
357,tasa_prematurez,0.8103271444321205
357,cv_estancia,0.057397569459333116
357,pct_estancia_larga,0.8536422629214268
358,egresos_por_anio,0.7067970482744701
358,estancia_media,0.7067970482744701
358,estancia_mediana,0.7067970482744701
358,peso_medio_grd,0.1867108961677814
358,severidad_media,0.7067970482744701
358,mortalidad_media,0.7067970482744701
358,entropia_grd,0.7067970482744701
358,comorbilidades_promedio,0.7067970482744701
358,tasa_cma,0.7067970482744701
358,peso_medio_cma,0.7067970482744701
358,pct_pediatrico,0.1867108961677814
358,pct_geriatrico,0.7067970482744701
358,pct_femenino_fertil,0.7067970482744701
358,edad_mediana,0.1867108961677814
358,pct_urgencia,0.8218084636688653
358,pct_programada,0.7067970482744701
358,pct_obstetrica_ingreso,0.7067970482744701
358,pct_alta_domicilio,0.7067970482744701
358,pct_alta_fallecido,0.1962272068386189
358,pct_alta_traslado,0.8218084636688653
358,pct_origen_emergencia,0.7067970482744701
358,pct_origen_referencia,0.7067970482744701
358,pct_uso_pabellon,0.7067970482744701
358,pabellones_promedio,0.7067970482744701
358,tasa_partos,0.7067970482744701
358,tasa_prematurez,0.7067970482744701
358,cv_estancia,0.7067970482744701
358,pct_estancia_larga,0.7067970482744701
359,egresos_por_anio,0.3598957723284807
359,estancia_media,0.7277666048374002
359,estancia_mediana,0.355848942658378
359,peso_medio_grd,0.4364188620387022
359,severidad_media,0.355848942658378
359,mortalidad_media,0.7089347183190136
359,entropia_grd,0.02011480396478784
359,comorbilidades_promedio,0.355848942658378
359,tasa_cma,0.6298329787797208
359,peso_medio_cma,0.4524163766017789
359,pct_pediatrico,0.02011480396478784
359,pct_geriatrico,0.21875489226588668
359,pct_femenino_fertil,0.4837704859145893
359,edad_mediana,0.05221430444122237
359,pct_urgencia,0.0077481114958098075
359,pct_programada,0.07347996803259094
359,pct_obstetrica_ingreso,0.7089347183190136
359,pct_alta_domicilio,0.7089347183190136
359,pct_alta_fallecido,0.355848942658378
359,pct_alta_traslado,0.21875489226588668
359,pct_origen_emergencia,0.355848942658378
359,pct_origen_referencia,0.26743887346141865
359,pct_uso_pabellon,0.26743887346141865
359,pabellones_promedio,0.46209308009483535
359,tasa_partos,0.21875489226588668
359,tasa_prematurez,0.35804665873411395
359,cv_estancia,0.3598957723284807
359,pct_estancia_larga,0.4837704859145893
360,egresos_por_anio,0.865793368846132
360,estancia_media,0.6439281082924421
360,estancia_mediana,0.17734518519726764
360,peso_medio_grd,0.34607339368971013
360,severidad_media,0.08604796396954337
360,mortalidad_media,0.7342032526812989
360,entropia_grd,0.9702241857932238
360,comorbilidades_promedio,0.9702241857932238
360,tasa_cma,0.1981052023217453
360,peso_medio_cma,0.2786435804516745
360,pct_pediatrico,0.08604796396954337
360,pct_geriatrico,0.5449884302270639
360,pct_femenino_fertil,0.5449884302270639
360,edad_mediana,0.17734518519726764
360,pct_urgencia,0.5449884302270639
360,pct_programada,0.7342032526812989
360,pct_obstetrica_ingreso,0.20803303872222945
360,pct_alta_domicilio,0.559921601274695
360,pct_alta_fallecido,0.7342032526812989
360,pct_alta_traslado,0.17734518519726764
360,pct_origen_emergencia,0.7342032526812989
360,pct_origen_referencia,0.17734518519726764
360,pct_uso_pabellon,0.2832939163399133
360,pabellones_promedio,0.5449884302270639
360,tasa_partos,0.27521326846637223
360,tasa_prematurez,0.6048133772056654
360,cv_estancia,0.7342032526812989
360,pct_estancia_larga,0.9702241857932238
361,egresos_por_anio,0.6053295375703955
361,estancia_media,0.12575712412402731
361,estancia_mediana,0.09393709442251096
361,peso_medio_grd,0.09406889473120814
361,severidad_media,0.3309520631058024
361,mortalidad_media,0.7314473453008162
361,entropia_grd,0.3309520631058024
361,comorbilidades_promedio,0.7314473453008162
361,tasa_cma,0.17682024441200322
361,peso_medio_cma,0.6410320723658849
361,pct_pediatrico,0.09393709442251096
361,pct_geriatrico,0.02546310110517689
361,pct_femenino_fertil,0.9727854996937548
361,edad_mediana,0.09393709442251096
361,pct_urgencia,0.17682024441200322
361,pct_programada,0.02546310110517689
361,pct_obstetrica_ingreso,0.03298715978805378
361,pct_alta_domicilio,0.2947043396222032
361,pct_alta_fallecido,0.07563777039208568
361,pct_alta_traslado,0.07563777039208568
361,pct_origen_emergencia,0.2503006245978727
361,pct_origen_referencia,0.03298715978805378
361,pct_uso_pabellon,0.7327760939001791
361,pabellones_promedio,0.7314473453008162
361,tasa_partos,0.2669106402028334
361,tasa_prematurez,0.7314473453008162
361,cv_estancia,0.6053295375703955
361,pct_estancia_larga,0.4863572604672947
362,egresos_por_anio,0.6715957260434129
362,estancia_media,0.34548440597957886
362,estancia_mediana,0.6695747534290858
362,peso_medio_grd,0.12570650251991114
362,severidad_media,0.6715957260434129
362,mortalidad_media,0.6715957260434129
362,entropia_grd,0.1481213289517924
362,comorbilidades_promedio,0.35494178875716015
362,tasa_cma,0.8495486529964187
362,peso_medio_cma,0.2743462550463923
362,pct_pediatrico,0.1481213289517924
362,pct_geriatrico,0.4657833597763406
362,pct_femenino_fertil,0.34548440597957886
362,edad_mediana,0.12570650251991114
362,pct_urgencia,0.15995068474646443
362,pct_programada,0.6715957260434129
362,pct_obstetrica_ingreso,0.12570650251991114
362,pct_alta_domicilio,0.2743462550463923
362,pct_alta_fallecido,0.12570650251991114
362,pct_alta_traslado,0.9528202375718365
362,pct_origen_emergencia,0.44825886378823754
362,pct_origen_referencia,0.6715957260434129
362,pct_uso_pabellon,0.9528202375718365
362,pabellones_promedio,0.9528202375718365
362,tasa_partos,0.22529710223644092
362,tasa_prematurez,0.5588266300433778
362,cv_estancia,0.9121189722197669
362,pct_estancia_larga,0.9528202375718365
363,egresos_por_anio,0.9114111461742417
363,estancia_media,0.9114111461742417
363,estancia_mediana,0.7297865672584888
363,peso_medio_grd,0.8278299885708725
363,severidad_media,0.7297865672584888
363,mortalidad_media,0.660817154628058
363,entropia_grd,0.4524520559686222
363,comorbilidades_promedio,0.9114111461742417
363,tasa_cma,0.660817154628058
363,peso_medio_cma,0.7297865672584888
363,pct_pediatrico,0.10892597067109476
363,pct_geriatrico,0.11147988642836286
363,pct_femenino_fertil,0.492304429459277
363,edad_mediana,0.10892597067109476
363,pct_urgencia,0.7297865672584888
363,pct_programada,0.11147988642836286
363,pct_obstetrica_ingreso,0.3995735742427014
363,pct_alta_domicilio,0.8684561054121782
363,pct_alta_fallecido,0.30206191408832983
363,pct_alta_traslado,0.7297865672584888
363,pct_origen_emergencia,0.7297865672584888
363,pct_origen_referencia,0.9083472174025515
363,pct_uso_pabellon,0.8684561054121782
363,pabellones_promedio,0.7297865672584888
363,tasa_partos,0.3995735742427014
363,tasa_prematurez,0.9114111461742417
363,cv_estancia,0.8278299885708725
363,pct_estancia_larga,0.9114111461742417
364,egresos_por_anio,0.8016905597827381
364,estancia_media,0.7551559222644775
364,estancia_mediana,0.5892572592925358
364,peso_medio_grd,0.5792600079463757
364,severidad_media,0.38937739155602447
364,mortalidad_media,0.6211064178559521
364,entropia_grd,0.7551559222644775
364,comorbilidades_promedio,0.2688813028989868
364,tasa_cma,0.38937739155602447
364,peso_medio_cma,0.8509878960081494
364,pct_pediatrico,0.18031859698429042
364,pct_geriatrico,0.18031859698429042
364,pct_femenino_fertil,0.18031859698429042
364,edad_mediana,0.18031859698429042
364,pct_urgencia,0.38937739155602447
364,pct_programada,0.6211064178559521
364,pct_obstetrica_ingreso,0.5792600079463757
364,pct_alta_domicilio,0.685320281593341
364,pct_alta_fallecido,0.18031859698429042
364,pct_alta_traslado,0.511014363040383
364,pct_origen_emergencia,0.38937739155602447
364,pct_origen_referencia,0.18031859698429042
364,pct_uso_pabellon,0.38937739155602447
364,pabellones_promedio,0.5792600079463757
364,tasa_partos,0.6211064178559521
364,tasa_prematurez,0.47389339273904435
364,cv_estancia,0.9801794192779412
364,pct_estancia_larga,0.9651336891779004
365,egresos_por_anio,0.584442932028706
365,estancia_media,0.5287356301600095
365,estancia_mediana,0.31408406995246124
365,peso_medio_grd,0.8852837168458995
365,severidad_media,0.5452730906252726
365,mortalidad_media,0.35220398301953054
365,entropia_grd,0.6965349409069667
365,comorbilidades_promedio,0.9586885177985216
365,tasa_cma,0.31408406995246124
365,peso_medio_cma,0.7671332768632977
365,pct_pediatrico,0.03797407599775944
365,pct_geriatrico,0.8681954123743848
365,pct_femenino_fertil,0.9586885177985216
365,edad_mediana,0.2278883819728954
365,pct_urgencia,0.8852837168458995
365,pct_programada,0.2278883819728954
365,pct_obstetrica_ingreso,0.6126652274407896
365,pct_alta_domicilio,0.5325057593414907
365,pct_alta_fallecido,0.3953772076505586
365,pct_alta_traslado,0.31408406995246124
365,pct_origen_emergencia,0.5287356301600095
365,pct_origen_referencia,0.02088234276841682
365,pct_uso_pabellon,0.5287356301600095
365,pabellones_promedio,0.5452730906252726
365,tasa_partos,0.03797407599775944
365,tasa_prematurez,0.31408406995246124
365,cv_estancia,0.5287356301600095
365,pct_estancia_larga,0.8852837168458995
366,egresos_por_anio,0.08677448966683067
366,estancia_media,0.017378278033389042
366,estancia_mediana,0.10232014574924816
366,peso_medio_grd,0.9641660345893565
366,severidad_media,0.2550625499985728
366,mortalidad_media,0.10232014574924816
366,entropia_grd,0.16686035718801936
366,comorbilidades_promedio,0.9641660345893565
366,tasa_cma,0.922453707550448
366,peso_medio_cma,0.37620977241827147
366,pct_pediatrico,0.10232014574924816
366,pct_geriatrico,0.012072009457347347
366,pct_femenino_fertil,0.922453707550448
366,edad_mediana,0.012072009457347347
366,pct_urgencia,0.7163322574146523
366,pct_programada,0.012072009457347347
366,pct_obstetrica_ingreso,0.024094705072575932
366,pct_alta_domicilio,0.922453707550448
366,pct_alta_fallecido,0.02983310122189825
366,pct_alta_traslado,0.6132629769920598
366,pct_origen_emergencia,0.9641660345893565
366,pct_origen_referencia,0.6667078592745765
366,pct_uso_pabellon,0.11196024627375344
366,pabellones_promedio,0.9641660345893565
366,tasa_partos,0.6313149287127483
366,tasa_prematurez,0.9641660345893565
366,cv_estancia,0.012072009457347347
366,pct_estancia_larga,0.8037017407785704
367,egresos_por_anio,0.19565982173302707
367,estancia_media,0.5247111371033787
367,estancia_mediana,0.7062624128159071
367,peso_medio_grd,0.6061873479422297
367,severidad_media,0.6061873479422297
367,mortalidad_media,0.5247111371033787
367,entropia_grd,0.7062624128159071
367,comorbilidades_promedio,0.6061873479422297
367,tasa_cma,0.7430644888395024
367,peso_medio_cma,0.3218664771971489
367,pct_pediatrico,0.14183785577478186
367,pct_geriatrico,0.902026858175817
367,pct_femenino_fertil,0.3218664771971489
367,edad_mediana,0.113165681459055
367,pct_urgencia,0.04469289856007545
367,pct_programada,0.8908461934999468
367,pct_obstetrica_ingreso,0.3218664771971489
367,pct_alta_domicilio,0.30380491757358247
367,pct_alta_fallecido,0.4680649929643908
367,pct_alta_traslado,0.9750194228603245
367,pct_origen_emergencia,0.902026858175817
367,pct_origen_referencia,0.04469289856007545
367,pct_uso_pabellon,0.6061873479422297
367,pabellones_promedio,0.30380491757358247
367,tasa_partos,0.902026858175817
367,tasa_prematurez,0.8158878601831977
367,cv_estancia,0.113165681459055
367,pct_estancia_larga,0.08658866357820538
368,egresos_por_anio,0.523917858454342
368,estancia_media,0.2859145205648365
368,estancia_mediana,0.9330825253276254
368,peso_medio_grd,0.49364349661292517
368,severidad_media,0.08990304184077468
368,mortalidad_media,0.5680750456253029
368,entropia_grd,0.9532518761590238
368,comorbilidades_promedio,0.9330825253276254
368,tasa_cma,0.1520665052903792
368,peso_medio_cma,0.2621593599204164
368,pct_pediatrico,0.11922182395253225
368,pct_geriatrico,0.1520665052903792
368,pct_femenino_fertil,0.9330825253276254
368,edad_mediana,0.11922182395253225
368,pct_urgencia,0.0727100993242407
368,pct_programada,0.08990304184077468
368,pct_obstetrica_ingreso,0.9330825253276254
368,pct_alta_domicilio,0.9330825253276254
368,pct_alta_fallecido,0.0727100993242407
368,pct_alta_traslado,0.1520665052903792
368,pct_origen_emergencia,0.33897880573935757
368,pct_origen_referencia,0.9330825253276254
368,pct_uso_pabellon,0.08990304184077468
368,pabellones_promedio,0.9330825253276254
368,tasa_partos,0.0727100993242407
368,tasa_prematurez,0.0727100993242407
368,cv_estancia,0.6022650211069034
368,pct_estancia_larga,0.9330825253276254
369,egresos_por_anio,0.6191105909960698
369,estancia_media,0.6191105909960698
369,estancia_mediana,0.7145828528443314
369,peso_medio_grd,0.67451005872665
369,severidad_media,0.8188056095122902
369,mortalidad_media,0.11694113045834974
369,entropia_grd,0.8188056095122902
369,comorbilidades_promedio,0.7631796396707171
369,tasa_cma,0.7631796396707171
369,peso_medio_cma,0.6191105909960698
369,pct_pediatrico,0.0027203302068106814
369,pct_geriatrico,0.601108250970647
369,pct_femenino_fertil,0.8188056095122902
369,edad_mediana,0.0005469982617330639
369,pct_urgencia,0.7754440417552587
369,pct_programada,0.0656392066569271
369,pct_obstetrica_ingreso,0.6191105909960698
369,pct_alta_domicilio,0.77276275598415
369,pct_alta_fallecido,0.10314617185201364
369,pct_alta_traslado,0.7145828528443314
369,pct_origen_emergencia,0.6191105909960698
369,pct_origen_referencia,0.46342571167002683
369,pct_uso_pabellon,0.6191105909960698
369,pabellones_promedio,0.7826547389525479
369,tasa_partos,0.6191105909960698
369,tasa_prematurez,0.8188056095122902
369,cv_estancia,0.8520936141330813
369,pct_estancia_larga,0.7754440417552587
370,egresos_por_anio,0.31031481464849253
370,estancia_media,0.19119483073879132
370,estancia_mediana,0.19119483073879132
370,peso_medio_grd,0.3035749608800103
370,severidad_media,0.31031481464849253
370,mortalidad_media,0.5938005702569988
370,entropia_grd,0.31031481464849253
370,comorbilidades_promedio,0.31031481464849253
370,tasa_cma,0.19119483073879132
370,peso_medio_cma,0.44513583153481917
370,pct_pediatrico,0.1698594622301224
370,pct_geriatrico,0.31031481464849253
370,pct_femenino_fertil,0.19119483073879132
370,edad_mediana,0.19119483073879132
370,pct_urgencia,0.02437673707980587
370,pct_programada,0.03665453932795312
370,pct_obstetrica_ingreso,0.5938005702569988
370,pct_alta_domicilio,0.02437673707980587
370,pct_alta_fallecido,0.6931254454520601
370,pct_alta_traslado,0.3035749608800103
370,pct_origen_emergencia,0.31031481464849253
370,pct_origen_referencia,0.27228703561749323
370,pct_uso_pabellon,0.31031481464849253
370,pabellones_promedio,0.5938005702569988
370,tasa_partos,0.25602780702050026
370,tasa_prematurez,0.24238373629162727
370,cv_estancia,0.5897247662147865
370,pct_estancia_larga,0.24238373629162727
371,egresos_por_anio,0.09675026103386332
371,estancia_media,0.44454067563566874
371,estancia_mediana,0.717210487954799
371,peso_medio_grd,0.9360858420687622
371,severidad_media,0.9360858420687622
371,mortalidad_media,0.1514078889837925
371,entropia_grd,0.8213709280368904
371,comorbilidades_promedio,0.512045304610652
371,tasa_cma,0.512045304610652
371,peso_medio_cma,0.6089840116134728
371,pct_pediatrico,0.09675026103386332
371,pct_geriatrico,0.44454067563566874
371,pct_femenino_fertil,0.09675026103386332
371,edad_mediana,0.0861272993058438
371,pct_urgencia,0.16184439814831297
371,pct_programada,0.10651019611216798
371,pct_obstetrica_ingreso,0.900737116703786
371,pct_alta_domicilio,0.09675026103386332
371,pct_alta_fallecido,0.04853477968631644
371,pct_alta_traslado,0.25397664052719204
371,pct_origen_emergencia,0.2725960255744857
371,pct_origen_referencia,0.09675026103386332
371,pct_uso_pabellon,0.09675026103386332
371,pabellones_promedio,0.13044436474425034
371,tasa_partos,0.5175999001850037
371,tasa_prematurez,0.8213709280368904
371,cv_estancia,0.2725960255744857
371,pct_estancia_larga,0.3086838061831129
372,egresos_por_anio,0.8755068628647648
372,estancia_media,0.924053232781552
372,estancia_mediana,0.7697001748638941
372,peso_medio_grd,0.6435603289765621
372,severidad_media,0.7050381987050433
372,mortalidad_media,0.7697001748638941
372,entropia_grd,0.6435603289765621
372,comorbilidades_promedio,0.8411314524297194
372,tasa_cma,0.8334387922148737
372,peso_medio_cma,0.7451436940079591
372,pct_pediatrico,0.21185114937404897
372,pct_geriatrico,0.004447145681355801
372,pct_femenino_fertil,0.8411314524297194
372,edad_mediana,0.27507322407811957
372,pct_urgencia,0.7202814627904982
372,pct_programada,0.8302647236357511
372,pct_obstetrica_ingreso,0.8302647236357511
372,pct_alta_domicilio,0.7697001748638941
372,pct_alta_fallecido,0.8411314524297194
372,pct_alta_traslado,0.6435603289765621
372,pct_origen_emergencia,0.9910409225970161
372,pct_origen_referencia,0.8302647236357511
372,pct_uso_pabellon,0.7451436940079591
372,pabellones_promedio,0.9783662447446478
372,tasa_partos,0.7697001748638941
372,tasa_prematurez,0.8334387922148737
372,cv_estancia,0.7451436940079591
372,pct_estancia_larga,0.7697001748638941
373,egresos_por_anio,0.9137070008960465
373,estancia_media,0.48074495037780857
373,estancia_mediana,0.3206081800558963
373,peso_medio_grd,0.2613869554193907
373,severidad_media,0.12180909424781064
373,mortalidad_media,0.40830507670195404
373,entropia_grd,0.40830507670195404
373,comorbilidades_promedio,0.2613869554193907
373,tasa_cma,0.6144864200562985
373,peso_medio_cma,0.4663664305739324
373,pct_pediatrico,0.11891951642650911
373,pct_geriatrico,0.11891951642650911
373,pct_femenino_fertil,0.2613869554193907
373,edad_mediana,0.11891951642650911
373,pct_urgencia,0.2613869554193907
373,pct_programada,0.9518122255950223
373,pct_obstetrica_ingreso,0.1262988679370146
373,pct_alta_domicilio,0.6144864200562985
373,pct_alta_fallecido,0.12180909424781064
373,pct_alta_traslado,0.11891951642650911
373,pct_origen_emergencia,0.7576042077537898
373,pct_origen_referencia,0.9518122255950223
373,pct_uso_pabellon,0.6144864200562985
373,pabellones_promedio,0.7576042077537898
373,tasa_partos,0.12180909424781064
373,tasa_prematurez,0.4663664305739324
373,cv_estancia,0.7576042077537898
373,pct_estancia_larga,0.48050518377803325
374,egresos_por_anio,0.5859200777845577
374,estancia_media,0.1902245448666834
374,estancia_mediana,0.6971413901061612
374,peso_medio_grd,0.18151488275168245
374,severidad_media,0.7618809222005875
374,mortalidad_media,0.6971413901061612
374,entropia_grd,0.7618809222005875
374,comorbilidades_promedio,0.6971413901061612
374,tasa_cma,0.2659019406284272
374,peso_medio_cma,0.7618809222005875
374,pct_pediatrico,0.011221696286421211
374,pct_geriatrico,0.8817035858699336
374,pct_femenino_fertil,0.6971413901061612
374,edad_mediana,0.09416453471126088
374,pct_urgencia,0.1902245448666834
374,pct_programada,0.1902245448666834
374,pct_obstetrica_ingreso,0.6971413901061612
374,pct_alta_domicilio,0.7688549123682106
374,pct_alta_fallecido,0.7688549123682106
374,pct_alta_traslado,0.7618809222005875
374,pct_origen_emergencia,0.4767055885984235
374,pct_origen_referencia,0.480973584406441
374,pct_uso_pabellon,0.7618809222005875
374,pabellones_promedio,0.6328733917641609
374,tasa_partos,0.011221696286421211
374,tasa_prematurez,0.1902245448666834
374,cv_estancia,0.1902245448666834
374,pct_estancia_larga,0.4074325131211349
375,egresos_por_anio,0.42734064152413975
375,estancia_media,0.8932074781281046
375,estancia_mediana,0.3094949448687616
375,peso_medio_grd,0.07486733296259789
375,severidad_media,0.8932074781281046
375,mortalidad_media,0.6599106702577583
375,entropia_grd,0.6129922547235246
375,comorbilidades_promedio,0.8997024778268191
375,tasa_cma,0.6460178712142067
375,peso_medio_cma,0.9819444910712662
375,pct_pediatrico,0.12572249515512188
375,pct_geriatrico,0.12572249515512188
375,pct_femenino_fertil,0.47732713019624007
375,edad_mediana,0.07486733296259789
375,pct_urgencia,0.40805358841614725
375,pct_programada,0.40805358841614725
375,pct_obstetrica_ingreso,0.7118080138202373
375,pct_alta_domicilio,0.8783186928304442
375,pct_alta_fallecido,0.12572249515512188
375,pct_alta_traslado,0.9819444910712662
375,pct_origen_emergencia,0.8932074781281046
375,pct_origen_referencia,0.259657002676174
375,pct_uso_pabellon,0.3094949448687616
375,pabellones_promedio,0.12572249515512188
375,tasa_partos,0.6460178712142067
375,tasa_prematurez,0.07486733296259789
375,cv_estancia,0.7118080138202373
375,pct_estancia_larga,0.12572249515512188
376,egresos_por_anio,0.14842023331891072
376,estancia_media,0.5647191474864872
376,estancia_mediana,0.10743191821414604
376,peso_medio_grd,0.38008179607907305
376,severidad_media,0.883328952132556
376,mortalidad_media,0.7383343995306744
376,entropia_grd,0.202478981675182
376,comorbilidades_promedio,0.45163462042600855
376,tasa_cma,0.19181211273209803
376,peso_medio_cma,0.19181211273209803
376,pct_pediatrico,0.007887789663707612
376,pct_geriatrico,0.007887789663707612
376,pct_femenino_fertil,0.013174629458208631
376,edad_mediana,0.004122745103699238
376,pct_urgencia,0.883328952132556
376,pct_programada,0.01652464589136295
376,pct_obstetrica_ingreso,0.19181211273209803
376,pct_alta_domicilio,0.5243860831481097
376,pct_alta_fallecido,0.8903183178758878
376,pct_alta_traslado,0.1661973093732757
376,pct_origen_emergencia,0.5982222388593015
376,pct_origen_referencia,0.7383343995306744
376,pct_uso_pabellon,0.8903183178758878
376,pabellones_promedio,0.19181211273209803
376,tasa_partos,0.19515091256257042
376,tasa_prematurez,0.9016679530949011
376,cv_estancia,0.202478981675182
376,pct_estancia_larga,0.5830966750640492
377,egresos_por_anio,0.7659603531383516
377,estancia_media,0.9586696419752699
377,estancia_mediana,0.6889864781478656
377,peso_medio_grd,0.7659603531383516
377,severidad_media,0.7659603531383516
377,mortalidad_media,0.9586696419752699
377,entropia_grd,0.6889864781478656
377,comorbilidades_promedio,0.7659603531383516
377,tasa_cma,0.7659603531383516
377,peso_medio_cma,0.7659603531383516
377,pct_pediatrico,0.13833324360536572
377,pct_geriatrico,0.026271558583873776
377,pct_femenino_fertil,0.7659603531383516
377,edad_mediana,0.14496701684572152
377,pct_urgencia,0.956927525043848
377,pct_programada,0.3862997983290573
377,pct_obstetrica_ingreso,0.992558191658565
377,pct_alta_domicilio,0.9332262275871089
377,pct_alta_fallecido,0.7659603531383516
377,pct_alta_traslado,0.7659603531383516
377,pct_origen_emergencia,0.7659603531383516
377,pct_origen_referencia,0.988583075260669
377,pct_uso_pabellon,0.9714673073917917
377,pabellones_promedio,0.3862997983290573
377,tasa_partos,0.7659603531383516
377,tasa_prematurez,0.7659603531383516
377,cv_estancia,0.9714673073917917
377,pct_estancia_larga,0.8707249787389327
378,egresos_por_anio,0.663136673125132
378,estancia_media,0.36025185356236955
378,estancia_mediana,0.4209488845997805
378,peso_medio_grd,0.9958943244944675
378,severidad_media,0.39484700836978615
378,mortalidad_media,0.39484700836978615
378,entropia_grd,0.5632311908315725
378,comorbilidades_promedio,0.6881726943340386
378,tasa_cma,0.27328159327410784
378,peso_medio_cma,0.39484700836978615
378,pct_pediatrico,0.10938690969731679
378,pct_geriatrico,0.4209488845997805
378,pct_femenino_fertil,0.06511284821294996
378,edad_mediana,0.10938690969731679
378,pct_urgencia,0.0036372152532460076
378,pct_programada,0.5744152458695825
378,pct_obstetrica_ingreso,0.17406924028921722
378,pct_alta_domicilio,0.39484700836978615
378,pct_alta_fallecido,0.21799392239992996
378,pct_alta_traslado,0.3098819860350108
378,pct_origen_emergencia,0.3507255722954656
378,pct_origen_referencia,0.0036372152532460076
378,pct_uso_pabellon,0.39484700836978615
378,pabellones_promedio,0.6186521850187601
378,tasa_partos,0.8789014478923977
378,tasa_prematurez,0.7591028491253817
378,cv_estancia,0.8789014478923977
378,pct_estancia_larga,0.34215325388344897
379,egresos_por_anio,0.8248310905656977
379,estancia_media,0.810550703589063
379,estancia_mediana,0.1434974193410963
379,peso_medio_grd,0.1434974193410963
379,severidad_media,0.6074372414340762
379,mortalidad_media,0.4469798760990738
379,entropia_grd,0.8248310905656977
379,comorbilidades_promedio,0.8248310905656977
379,tasa_cma,0.1434974193410963
379,peso_medio_cma,0.8248310905656977
379,pct_pediatrico,0.00445680202955885
379,pct_geriatrico,0.032613312952163215
379,pct_femenino_fertil,0.35613861965118787
379,edad_mediana,0.1434974193410963
379,pct_urgencia,0.4469798760990738
379,pct_programada,0.7802231064526305
379,pct_obstetrica_ingreso,0.018049023214945954
379,pct_alta_domicilio,0.4469798760990738
379,pct_alta_fallecido,0.36377539926583913
379,pct_alta_traslado,0.03375310499281384
379,pct_origen_emergencia,0.1434974193410963
379,pct_origen_referencia,0.810550703589063
379,pct_uso_pabellon,0.1434974193410963
379,pabellones_promedio,0.8248310905656977
379,tasa_partos,0.4469798760990738
379,tasa_prematurez,0.4469798760990738
379,cv_estancia,0.5007596930956774
379,pct_estancia_larga,0.4469798760990738
380,egresos_por_anio,0.5453987268258951
380,estancia_media,0.06113806741032925
380,estancia_mediana,0.5008335388746088
380,peso_medio_grd,0.762254537842321
380,severidad_media,0.7111100138488697
380,mortalidad_media,0.3649584034206264
380,entropia_grd,0.12918958204158007
380,comorbilidades_promedio,0.021784389047264128
380,tasa_cma,0.5008335388746088
380,peso_medio_cma,0.5453987268258951
380,pct_pediatrico,0.0588814691609321
380,pct_geriatrico,0.04781834463965612
380,pct_femenino_fertil,0.3649584034206264
380,edad_mediana,0.06113806741032925
380,pct_urgencia,0.16479396673173402
380,pct_programada,0.3649584034206264
380,pct_obstetrica_ingreso,0.15224634659506048
380,pct_alta_domicilio,0.7111100138488697
380,pct_alta_fallecido,0.06113806741032925
380,pct_alta_traslado,0.5961255940546613
380,pct_origen_emergencia,0.16479396673173402
380,pct_origen_referencia,0.04781834463965612
380,pct_uso_pabellon,0.7111100138488697
380,pabellones_promedio,0.04781834463965612
380,tasa_partos,0.7624988736772983
380,tasa_prematurez,0.021784389047264128
380,cv_estancia,0.09497090942164023
380,pct_estancia_larga,0.7624988736772983
381,egresos_por_anio,0.5419694413981119
381,estancia_media,0.8020406511643434
381,estancia_mediana,0.9210202169851844
381,peso_medio_grd,0.10682034124274878
381,severidad_media,0.7186543659059708
381,mortalidad_media,0.2924435486573749
381,entropia_grd,0.2924435486573749
381,comorbilidades_promedio,0.906914900942057
381,tasa_cma,0.8527691307076729
381,peso_medio_cma,0.5115948663356074
381,pct_pediatrico,0.1070088794429537
381,pct_geriatrico,0.10682034124274878
381,pct_femenino_fertil,0.755304293446307
381,edad_mediana,0.6319153535529939
381,pct_urgencia,0.1070088794429537
381,pct_programada,0.755304293446307
381,pct_obstetrica_ingreso,0.7186543659059708
381,pct_alta_domicilio,0.906914900942057
381,pct_alta_fallecido,0.3546901114480609
381,pct_alta_traslado,0.755304293446307
381,pct_origen_emergencia,0.6319153535529939
381,pct_origen_referencia,0.7014643027965906
381,pct_uso_pabellon,0.906914900942057
381,pabellones_promedio,0.47934499256729507
381,tasa_partos,0.755304293446307
381,tasa_prematurez,0.5287562485220499
381,cv_estancia,0.9126658078228213
381,pct_estancia_larga,0.5287562485220499
382,egresos_por_anio,0.6648414593222953
382,estancia_media,0.6961598734166191
382,estancia_mediana,0.6648414593222953
382,peso_medio_grd,0.08933349375814584
382,severidad_media,0.6648414593222953
382,mortalidad_media,0.7988873701968999
382,entropia_grd,0.6648414593222953
382,comorbilidades_promedio,0.3838071893673125
382,tasa_cma,0.7555684763491431
382,peso_medio_cma,0.5924952627936415
382,pct_pediatrico,0.11031913386576175
382,pct_geriatrico,0.067731575792673
382,pct_femenino_fertil,0.6648414593222953
382,edad_mediana,0.48743614225865756
382,pct_urgencia,0.7555684763491431
382,pct_programada,0.6648414593222953
382,pct_obstetrica_ingreso,0.6648414593222953
382,pct_alta_domicilio,0.5924952627936415
382,pct_alta_fallecido,0.6648414593222953
382,pct_alta_traslado,0.5924952627936415
382,pct_origen_emergencia,0.6648414593222953
382,pct_origen_referencia,0.6648414593222953
382,pct_uso_pabellon,0.6648414593222953
382,pabellones_promedio,0.3838071893673125
382,tasa_partos,0.3838071893673125
382,tasa_prematurez,0.7555684763491431
382,cv_estancia,0.6648414593222953
382,pct_estancia_larga,0.5924952627936415
383,egresos_por_anio,0.9743930983551095
383,estancia_media,0.9174602877470696
383,estancia_mediana,0.9743930983551095
383,peso_medio_grd,0.622263427088646
383,severidad_media,0.622263427088646
383,mortalidad_media,0.622263427088646
383,entropia_grd,0.9743930983551095
383,comorbilidades_promedio,0.8463838435592195
383,tasa_cma,0.9743930983551095
383,peso_medio_cma,0.9174602877470696
383,pct_pediatrico,0.17459194216503118
383,pct_geriatrico,0.004766796212861716
383,pct_femenino_fertil,0.9743930983551095
383,edad_mediana,0.005379765818236438
383,pct_urgencia,0.622263427088646
383,pct_programada,0.6528753289457627
383,pct_obstetrica_ingreso,0.4745074777846904
383,pct_alta_domicilio,0.622263427088646
383,pct_alta_fallecido,0.05245163451324245
383,pct_alta_traslado,0.9009826034961964
383,pct_origen_emergencia,0.9743930983551095
383,pct_origen_referencia,0.0009902389655386346
383,pct_uso_pabellon,0.8463838435592195
383,pabellones_promedio,0.014954093579760236
383,tasa_partos,0.6528753289457627
383,tasa_prematurez,0.5525914898648896
383,cv_estancia,0.8463838435592195
383,pct_estancia_larga,0.9743930983551095
384,egresos_por_anio,0.8781859660929511
384,estancia_media,0.8971557771633386
384,estancia_mediana,0.8781859660929511
384,peso_medio_grd,0.4558992981869423
384,severidad_media,0.8781859660929511
384,mortalidad_media,0.8781859660929511
384,entropia_grd,0.8971557771633386
384,comorbilidades_promedio,0.514185092260968
384,tasa_cma,0.09844062031507898
384,peso_medio_cma,0.5255233836415228
384,pct_pediatrico,0.0018181450601446958
384,pct_geriatrico,0.006196692970539637
384,pct_femenino_fertil,0.17175747273102707
384,edad_mediana,0.05012946625496445
384,pct_urgencia,0.4975657253972683
384,pct_programada,0.014340438575989774
384,pct_obstetrica_ingreso,0.3436579188598594
384,pct_alta_domicilio,0.2708872561306835
384,pct_alta_fallecido,0.17010734843657685
384,pct_alta_traslado,0.10379689599487947
384,pct_origen_emergencia,0.09844062031507898
384,pct_origen_referencia,0.2708872561306835
384,pct_uso_pabellon,0.8971557771633386
384,pabellones_promedio,0.10379689599487947
384,tasa_partos,0.8781859660929511
384,tasa_prematurez,0.8971557771633386
384,cv_estancia,0.17175747273102707
384,pct_estancia_larga,0.8781859660929511
385,egresos_por_anio,0.22136700225364353
385,estancia_media,0.7043626010629133
385,estancia_mediana,0.8323882336409737
385,peso_medio_grd,0.22136700225364353
385,severidad_media,0.22136700225364353
385,mortalidad_media,0.5770117444298951
385,entropia_grd,0.3176622578438931
385,comorbilidades_promedio,0.3932134944694911
385,tasa_cma,0.22136700225364353
385,peso_medio_cma,0.9285593125704656
385,pct_pediatrico,0.008045524020961922
385,pct_geriatrico,0.23609508093863202
385,pct_femenino_fertil,0.12029575773673745
385,edad_mediana,0.06380454420114658
385,pct_urgencia,0.22136700225364353
385,pct_programada,0.626596694308979
385,pct_obstetrica_ingreso,0.23609508093863202
385,pct_alta_domicilio,0.3176622578438931
385,pct_alta_fallecido,0.23609508093863202
385,pct_alta_traslado,0.9285593125704656
385,pct_origen_emergencia,0.6148354955798998
385,pct_origen_referencia,0.3147059853971452
385,pct_uso_pabellon,0.7043626010629133
385,pabellones_promedio,0.20292236751340656
385,tasa_partos,0.008045524020961922
385,tasa_prematurez,0.3932134944694911
385,cv_estancia,0.3176622578438931
385,pct_estancia_larga,0.38084648846588826
386,egresos_por_anio,0.13707843885167362
386,estancia_media,0.22969234000170768
386,estancia_mediana,0.5535029353657572
386,peso_medio_grd,0.13707843885167362
386,severidad_media,0.6463742551537909
386,mortalidad_media,0.619158530745443
386,entropia_grd,0.5535029353657572
386,comorbilidades_promedio,0.47157890614332365
386,tasa_cma,0.13707843885167362
386,peso_medio_cma,0.5827858871701757
386,pct_pediatrico,0.08136519601917061
386,pct_geriatrico,0.08136519601917061
386,pct_femenino_fertil,0.23250879864832227
386,edad_mediana,0.23250879864832227
386,pct_urgencia,0.08136519601917061
386,pct_programada,0.13707843885167362
386,pct_obstetrica_ingreso,0.45732264745339624
386,pct_alta_domicilio,0.6463742551537909
386,pct_alta_fallecido,0.13707843885167362
386,pct_alta_traslado,0.5535029353657572
386,pct_origen_emergencia,0.8058510355176721
386,pct_origen_referencia,0.08136519601917061
386,pct_uso_pabellon,0.45732264745339624
386,pabellones_promedio,0.4743424516730457
386,tasa_partos,0.23250879864832227
386,tasa_prematurez,0.751925683504698
386,cv_estancia,0.619158530745443
386,pct_estancia_larga,0.5827858871701757
387,egresos_por_anio,0.5089707380022772
387,estancia_media,0.5089707380022772
387,estancia_mediana,0.4260948345450994
387,peso_medio_grd,0.4260948345450994
387,severidad_media,0.1488619135536126
387,mortalidad_media,0.4260948345450994
387,entropia_grd,0.4600526268233155
387,comorbilidades_promedio,0.47387583968866653
387,tasa_cma,0.47387583968866653
387,peso_medio_cma,0.5089707380022772
387,pct_pediatrico,0.07551381253420666
387,pct_geriatrico,0.07551381253420666
387,pct_femenino_fertil,0.47387583968866653
387,edad_mediana,0.1488619135536126
387,pct_urgencia,0.5089707380022772
387,pct_programada,0.5089707380022772
387,pct_obstetrica_ingreso,0.47387583968866653
387,pct_alta_domicilio,0.45784294792364927
387,pct_alta_fallecido,0.07551381253420666
387,pct_alta_traslado,0.24826450073261952
387,pct_origen_emergencia,0.5089707380022772
387,pct_origen_referencia,0.5194811732450284
387,pct_uso_pabellon,0.29865334890602524
387,pabellones_promedio,0.5194811732450284
387,tasa_partos,0.1488619135536126
387,tasa_prematurez,0.1488619135536126
387,cv_estancia,0.4600526268233155
387,pct_estancia_larga,0.15955893447813913
388,egresos_por_anio,0.46074069540998686
388,estancia_media,0.5689077008044906
388,estancia_mediana,0.8937009913710519
388,peso_medio_grd,0.4661178638717003
388,severidad_media,0.4661178638717003
388,mortalidad_media,0.8937009913710519
388,entropia_grd,0.5190119302671284
388,comorbilidades_promedio,0.5190119302671284
388,tasa_cma,0.4661178638717003
388,peso_medio_cma,0.8937009913710519
388,pct_pediatrico,0.2500555077947677
388,pct_geriatrico,0.46074069540998686
388,pct_femenino_fertil,0.7024222502019214
388,edad_mediana,0.2500555077947677
388,pct_urgencia,0.020243515463257214
388,pct_programada,0.2500555077947677
388,pct_obstetrica_ingreso,0.46074069540998686
388,pct_alta_domicilio,0.2500555077947677
388,pct_alta_fallecido,0.7024222502019214
388,pct_alta_traslado,0.4661178638717003
388,pct_origen_emergencia,0.8927894807365736
388,pct_origen_referencia,0.4661178638717003
388,pct_uso_pabellon,0.46074069540998686
388,pabellones_promedio,0.46074069540998686
388,tasa_partos,0.8927894807365736
388,tasa_prematurez,0.2500555077947677
388,cv_estancia,0.46074069540998686
388,pct_estancia_larga,0.5190119302671284
389,egresos_por_anio,0.9790002218188837
389,estancia_media,0.8122548235740185
389,estancia_mediana,0.761485265121555
389,peso_medio_grd,0.6531205850438896
389,severidad_media,0.8122548235740185
389,mortalidad_media,0.3009005838390762
389,entropia_grd,0.2267547293429934
389,comorbilidades_promedio,0.761485265121555
389,tasa_cma,0.761485265121555
389,peso_medio_cma,0.8447415266390099
389,pct_pediatrico,0.10614977844537302
389,pct_geriatrico,0.8122548235740185
389,pct_femenino_fertil,0.039295887493153214
389,edad_mediana,0.07434242080577315
389,pct_urgencia,0.07434242080577315
389,pct_programada,0.07086554443398962
389,pct_obstetrica_ingreso,0.761485265121555
389,pct_alta_domicilio,0.039295887493153214
389,pct_alta_fallecido,0.039295887493153214
389,pct_alta_traslado,0.761485265121555
389,pct_origen_emergencia,0.3009005838390762
389,pct_origen_referencia,0.03416334326053788
389,pct_uso_pabellon,0.8856084285353962
389,pabellones_promedio,0.039295887493153214
389,tasa_partos,0.3009005838390762
389,tasa_prematurez,0.6531205850438896
389,cv_estancia,0.6531205850438896
389,pct_estancia_larga,0.8122548235740185
390,egresos_por_anio,0.9005469174252275
390,estancia_media,0.518598293579817
390,estancia_mediana,0.518598293579817
390,peso_medio_grd,0.518598293579817
390,severidad_media,0.4674029279002803
390,mortalidad_media,0.3004070235256098
390,entropia_grd,0.05542853410448784
390,comorbilidades_promedio,0.8631961892175192
390,tasa_cma,0.6279262783222676
390,peso_medio_cma,0.26815047380294055
390,pct_pediatrico,0.14211826056156077
390,pct_geriatrico,0.14938882972137787
390,pct_femenino_fertil,0.518598293579817
390,edad_mediana,0.05542853410448784
390,pct_urgencia,0.33565594134757487
390,pct_programada,0.041248079285653355
390,pct_obstetrica_ingreso,0.05542853410448784
390,pct_alta_domicilio,0.041248079285653355
390,pct_alta_fallecido,0.05542853410448784
390,pct_alta_traslado,0.20200534064926703
390,pct_origen_emergencia,0.9005469174252275
390,pct_origen_referencia,0.8631961892175192
390,pct_uso_pabellon,0.1483912040534533
390,pabellones_promedio,0.33565594134757487
390,tasa_partos,0.9005469174252275
390,tasa_prematurez,0.518598293579817
390,cv_estancia,0.25762796016799355
390,pct_estancia_larga,0.33565594134757487
391,egresos_por_anio,0.0222804386711001
391,estancia_media,0.7543033248091259
391,estancia_mediana,0.2320442280575148
391,peso_medio_grd,0.11558295759877565
391,severidad_media,0.7543033248091259
391,mortalidad_media,0.4603980045837162
391,entropia_grd,0.5429737303683372
391,comorbilidades_promedio,0.17745550466497906
391,tasa_cma,0.7543033248091259
391,peso_medio_cma,0.7737782740444084
391,pct_pediatrico,0.08339676590411858
391,pct_geriatrico,0.7543033248091259
391,pct_femenino_fertil,0.20036222690167657
391,edad_mediana,0.7543033248091259
391,pct_urgencia,0.7652781042810939
391,pct_programada,0.02023099320111131
391,pct_obstetrica_ingreso,0.057896346366848234
391,pct_alta_domicilio,0.20572987276817772
391,pct_alta_fallecido,0.03058061068184849
391,pct_alta_traslado,0.5148295424693943
391,pct_origen_emergencia,0.5429737303683372
391,pct_origen_referencia,0.0222804386711001
391,pct_uso_pabellon,0.7543033248091259
391,pabellones_promedio,0.9260119575340352
391,tasa_partos,0.758946321787519
391,tasa_prematurez,0.8377765574037218
391,cv_estancia,0.43655148136206534
391,pct_estancia_larga,0.06314949319174616
392,egresos_por_anio,0.873200555276392
392,estancia_media,0.3978452323459017
392,estancia_mediana,0.3978452323459017
392,peso_medio_grd,0.3978452323459017
392,severidad_media,0.9206809666823516
392,mortalidad_media,0.4496884835517577
392,entropia_grd,0.7538477810158698
392,comorbilidades_promedio,0.7538477810158698
392,tasa_cma,0.7538477810158698
392,peso_medio_cma,0.9206809666823516
392,pct_pediatrico,0.3978452323459017
392,pct_geriatrico,0.1630606657334609
392,pct_femenino_fertil,0.8847492188532242
392,edad_mediana,0.3978452323459017
392,pct_urgencia,0.7030278382138764
392,pct_programada,0.3978452323459017
392,pct_obstetrica_ingreso,0.7668097413104352
392,pct_alta_domicilio,0.4954868820414989
392,pct_alta_fallecido,0.492848684387253
392,pct_alta_traslado,0.3978452323459017
392,pct_origen_emergencia,0.3978452323459017
392,pct_origen_referencia,0.8917487800244035
392,pct_uso_pabellon,0.4954868820414989
392,pabellones_promedio,0.873200555276392
392,tasa_partos,0.9206809666823516
392,tasa_prematurez,0.873200555276392
392,cv_estancia,0.492848684387253
392,pct_estancia_larga,0.6088965232341982
393,egresos_por_anio,0.8556594254865034
393,estancia_media,0.49240472668111335
393,estancia_mediana,0.6580486949743874
393,peso_medio_grd,0.4003111128853829
393,severidad_media,0.49240472668111335
393,mortalidad_media,0.6580486949743874
393,entropia_grd,0.4041977178953731
393,comorbilidades_promedio,0.0875527655176366
393,tasa_cma,0.2907085401742253
393,peso_medio_cma,0.9871101684888326
393,pct_pediatrico,0.02489913021186428
393,pct_geriatrico,0.12925102932463375
393,pct_femenino_fertil,0.25941947879626465
393,edad_mediana,0.0875527655176366
393,pct_urgencia,0.9871101684888326
393,pct_programada,0.4003111128853829
393,pct_obstetrica_ingreso,0.8556594254865034
393,pct_alta_domicilio,0.9871101684888326
393,pct_alta_fallecido,0.19602449948455228
393,pct_alta_traslado,0.8556594254865034
393,pct_origen_emergencia,0.19602449948455228
393,pct_origen_referencia,0.6580486949743874
393,pct_uso_pabellon,0.023388604083827196
393,pabellones_promedio,0.25941947879626465
393,tasa_partos,0.25941947879626465
393,tasa_prematurez,0.8556594254865034
393,cv_estancia,0.19602449948455228
393,pct_estancia_larga,0.34492916183609884
394,egresos_por_anio,0.7761187706125291
394,estancia_media,0.943214292104226
394,estancia_mediana,0.6320319933221498
394,peso_medio_grd,0.2589228924930474
394,severidad_media,0.19114029364492302
394,mortalidad_media,0.3628461982205765
394,entropia_grd,0.943214292104226
394,comorbilidades_promedio,0.5775439822150491
394,tasa_cma,0.943214292104226
394,peso_medio_cma,0.943214292104226
394,pct_pediatrico,0.10711832186820103
394,pct_geriatrico,0.5775439822150491
394,pct_femenino_fertil,0.10711832186820103
394,edad_mediana,0.1823393991189541
394,pct_urgencia,0.5775439822150491
394,pct_programada,0.3952960686839346
394,pct_obstetrica_ingreso,0.943214292104226
394,pct_alta_domicilio,0.943214292104226
394,pct_alta_fallecido,0.3952960686839346
394,pct_alta_traslado,0.5775439822150491
394,pct_origen_emergencia,0.5775439822150491
394,pct_origen_referencia,0.5775439822150491
394,pct_uso_pabellon,0.3628461982205765
394,pabellones_promedio,0.3952960686839346
394,tasa_partos,0.19114029364492302
394,tasa_prematurez,0.3952960686839346
394,cv_estancia,0.4471008690875197
394,pct_estancia_larga,0.9972348289892276
395,egresos_por_anio,0.9152172006369613
395,estancia_media,0.20847367147809992
395,estancia_mediana,0.2446078642941258
395,peso_medio_grd,0.09313669915381848
395,severidad_media,0.7673864358106561
395,mortalidad_media,0.09313669915381848
395,entropia_grd,0.20847367147809992
395,comorbilidades_promedio,0.13966729943770143
395,tasa_cma,0.20847367147809992
395,peso_medio_cma,0.5210422713945696
395,pct_pediatrico,0.09313669915381848
395,pct_geriatrico,0.09313669915381848
395,pct_femenino_fertil,0.09313669915381848
395,edad_mediana,0.09313669915381848
395,pct_urgencia,0.7758844756005852
395,pct_programada,0.8456365313674188
395,pct_obstetrica_ingreso,0.16596528804599928
395,pct_alta_domicilio,0.12062863029942662
395,pct_alta_fallecido,0.20847367147809992
395,pct_alta_traslado,0.41330511444530116
395,pct_origen_emergencia,0.13099617377970307
395,pct_origen_referencia,0.16596528804599928
395,pct_uso_pabellon,0.8456365313674188
395,pabellones_promedio,0.20847367147809992
395,tasa_partos,0.16596528804599928
395,tasa_prematurez,0.24206446413375318
395,cv_estancia,0.7758844756005852
395,pct_estancia_larga,0.9152172006369613
396,egresos_por_anio,0.8565484043920424
396,estancia_media,0.49101178517846694
396,estancia_mediana,0.8565484043920424
396,peso_medio_grd,0.2705221357542733
396,severidad_media,0.9468824160036845
396,mortalidad_media,0.7079495636851713
396,entropia_grd,0.49101178517846694
396,comorbilidades_promedio,0.6255412377011544
396,tasa_cma,0.572561307597663
396,peso_medio_cma,0.8791397891946244
396,pct_pediatrico,0.12873822570345936
396,pct_geriatrico,0.43747321232442793
396,pct_femenino_fertil,0.2705221357542733
396,edad_mediana,0.12873822570345936
396,pct_urgencia,0.572561307597663
396,pct_programada,0.2705221357542733
396,pct_obstetrica_ingreso,0.4266484510057211
396,pct_alta_domicilio,0.30739818010909387
396,pct_alta_fallecido,0.2705221357542733
396,pct_alta_traslado,0.8791397891946244
396,pct_origen_emergencia,0.9468824160036845
396,pct_origen_referencia,0.19600705454317818
396,pct_uso_pabellon,0.2705221357542733
396,pabellones_promedio,0.2705221357542733
396,tasa_partos,0.4266484510057211
396,tasa_prematurez,0.2705221357542733
396,cv_estancia,0.2705221357542733
396,pct_estancia_larga,0.9617694046624744
397,egresos_por_anio,0.06608042341049619
397,estancia_media,0.9222868833345242
397,estancia_mediana,0.5389902147781558
397,peso_medio_grd,0.967280238514157
397,severidad_media,0.06608042341049619
397,mortalidad_media,0.8586993359238774
397,entropia_grd,0.8586993359238774
397,comorbilidades_promedio,0.967280238514157
397,tasa_cma,0.5389902147781558
397,peso_medio_cma,0.9222868833345242
397,pct_pediatrico,0.06608042341049619
397,pct_geriatrico,0.24930514832202255
397,pct_femenino_fertil,0.18290676997097782
397,edad_mediana,0.18290676997097782
397,pct_urgencia,0.7261618551227701
397,pct_programada,0.9222868833345242
397,pct_obstetrica_ingreso,0.32166505949188323
397,pct_alta_domicilio,0.8586993359238774
397,pct_alta_fallecido,0.1523871148057243
397,pct_alta_traslado,0.9669920988673887
397,pct_origen_emergencia,0.18290676997097782
397,pct_origen_referencia,0.5389902147781558
397,pct_uso_pabellon,0.8586993359238774
397,pabellones_promedio,0.32166505949188323
397,tasa_partos,0.6639885704981057
397,tasa_prematurez,0.7261618551227701
397,cv_estancia,0.5389902147781558
397,pct_estancia_larga,0.9222868833345242
398,egresos_por_anio,0.7447263626224999
398,estancia_media,0.7814133922593949
398,estancia_mediana,0.8283067899689194
398,peso_medio_grd,0.7669010708809362
398,severidad_media,0.7669010708809362
398,mortalidad_media,0.7814133922593949
398,entropia_grd,0.7814133922593949
398,comorbilidades_promedio,0.7814133922593949
398,tasa_cma,0.26624941601206675
398,peso_medio_cma,0.85193770039381
398,pct_pediatrico,0.26624941601206675
398,pct_geriatrico,0.7669010708809362
398,pct_femenino_fertil,0.26624941601206675
398,edad_mediana,0.26624941601206675
398,pct_urgencia,0.7669010708809362
398,pct_programada,0.8283067899689194
398,pct_obstetrica_ingreso,0.8283067899689194
398,pct_alta_domicilio,0.8988213747018622
398,pct_alta_fallecido,0.7669010708809362
398,pct_alta_traslado,0.8367017825461257
398,pct_origen_emergencia,0.7447263626224999
398,pct_origen_referencia,0.7447263626224999
398,pct_uso_pabellon,0.9427027612333237
398,pabellones_promedio,0.8283067899689194
398,tasa_partos,0.8283067899689194
398,tasa_prematurez,0.9558478522005068
398,cv_estancia,0.7669010708809362
398,pct_estancia_larga,0.7669010708809362
399,egresos_por_anio,0.18205201897675827
399,estancia_media,0.6425636326055922
399,estancia_mediana,0.28042686624983854
399,peso_medio_grd,0.556889830205798
399,severidad_media,0.8214249403497779
399,mortalidad_media,0.556889830205798
399,entropia_grd,0.7191887031757213
399,comorbilidades_promedio,0.6425636326055922
399,tasa_cma,0.7191887031757213
399,peso_medio_cma,0.9306142128075938
399,pct_pediatrico,0.18205201897675827
399,pct_geriatrico,0.4041653618694523
399,pct_femenino_fertil,0.9344534556376676
399,edad_mediana,0.024718312238674975
399,pct_urgencia,0.6758961883438335
399,pct_programada,0.7784170291661784
399,pct_obstetrica_ingreso,0.853860119602034
399,pct_alta_domicilio,0.8380295278441258
399,pct_alta_fallecido,0.9523370595988195
399,pct_alta_traslado,0.556889830205798
399,pct_origen_emergencia,0.7784170291661784
399,pct_origen_referencia,0.9306142128075938
399,pct_uso_pabellon,0.22907737601376674
399,pabellones_promedio,0.6425636326055922
399,tasa_partos,0.9344534556376676
399,tasa_prematurez,0.9306142128075938
399,cv_estancia,0.556889830205798
399,pct_estancia_larga,0.35347534412428655
400,egresos_por_anio,0.14000455377290114
400,estancia_media,0.181791187564305
400,estancia_mediana,0.47487432451850176
400,peso_medio_grd,0.018448622456974213
400,severidad_media,0.14000455377290114
400,mortalidad_media,0.8916879830774064
400,entropia_grd,0.8916879830774064
400,comorbilidades_promedio,0.8998679063190266
400,tasa_cma,0.48070496608949365
400,peso_medio_cma,0.4956612071958348
400,pct_pediatrico,0.005981252278203073
400,pct_geriatrico,0.018448622456974213
400,pct_femenino_fertil,0.8916879830774064
400,edad_mediana,0.0410148093028302
400,pct_urgencia,0.05264679716872143
400,pct_programada,0.05264679716872143
400,pct_obstetrica_ingreso,0.6884154217283436
400,pct_alta_domicilio,0.8916879830774064
400,pct_alta_fallecido,0.6884154217283436
400,pct_alta_traslado,0.6884154217283436
400,pct_origen_emergencia,0.48070496608949365
400,pct_origen_referencia,0.373666071634238
400,pct_uso_pabellon,0.8916879830774064
400,pabellones_promedio,0.8916879830774064
400,tasa_partos,0.7712081643129377
400,tasa_prematurez,0.6884154217283436
400,cv_estancia,0.18936869728235473
400,pct_estancia_larga,0.47487432451850176
401,egresos_por_anio,0.8450941958021316
401,estancia_media,0.8376832462182546
401,estancia_mediana,0.6757730992116593
401,peso_medio_grd,0.5359574534428733
401,severidad_media,0.8376832462182546
401,mortalidad_media,0.948439531530246
401,entropia_grd,0.6730430762037148
401,comorbilidades_promedio,0.7279955706804425
401,tasa_cma,0.6730430762037148
401,peso_medio_cma,0.8376832462182546
401,pct_pediatrico,0.19949705998082612
401,pct_geriatrico,0.19949705998082612
401,pct_femenino_fertil,0.9713522501526567
401,edad_mediana,0.19949705998082612
401,pct_urgencia,0.38192198956187623
401,pct_programada,0.8450941958021316
401,pct_obstetrica_ingreso,0.6730430762037148
401,pct_alta_domicilio,0.5767854271067738
401,pct_alta_fallecido,0.8376832462182546
401,pct_alta_traslado,0.6730430762037148
401,pct_origen_emergencia,0.7279955706804425
401,pct_origen_referencia,0.8376832462182546
401,pct_uso_pabellon,0.5885298246626544
401,pabellones_promedio,0.6757730992116593
401,tasa_partos,0.5359574534428733
401,tasa_prematurez,0.6730430762037148
401,cv_estancia,0.04219383197937231
401,pct_estancia_larga,0.19949705998082612
402,egresos_por_anio,0.5609730680519938
402,estancia_media,0.9874790136361687
402,estancia_mediana,0.9993874270207598
402,peso_medio_grd,0.9874790136361687
402,severidad_media,0.9874790136361687
402,mortalidad_media,0.9874790136361687
402,entropia_grd,0.9874790136361687
402,comorbilidades_promedio,0.9874790136361687
402,tasa_cma,0.9874790136361687
402,peso_medio_cma,0.7273062877830492
402,pct_pediatrico,0.4766437109632037
402,pct_geriatrico,0.4983300846272634
402,pct_femenino_fertil,0.7273062877830492
402,edad_mediana,0.4766437109632037
402,pct_urgencia,0.7873709398759533
402,pct_programada,0.7273062877830492
402,pct_obstetrica_ingreso,0.7273062877830492
402,pct_alta_domicilio,0.9874790136361687
402,pct_alta_fallecido,0.9874790136361687
402,pct_alta_traslado,0.9874790136361687
402,pct_origen_emergencia,0.7273062877830492
402,pct_origen_referencia,0.9874790136361687
402,pct_uso_pabellon,0.7873709398759533
402,pabellones_promedio,0.7273062877830492
402,tasa_partos,0.9874790136361687
402,tasa_prematurez,0.9874790136361687
402,cv_estancia,0.9874790136361687
402,pct_estancia_larga,0.9874790136361687
403,egresos_por_anio,0.31090042493856035
403,estancia_media,0.8866791373309988
403,estancia_mediana,0.2224434432014785
403,peso_medio_grd,0.5258867034602497
403,severidad_media,0.5258867034602497
403,mortalidad_media,0.690558868478522
403,entropia_grd,0.7463942568807654
403,comorbilidades_promedio,0.1501573334725218
403,tasa_cma,0.5258867034602497
403,peso_medio_cma,0.10169906774039808
403,pct_pediatrico,0.10169906774039808
403,pct_geriatrico,0.5258867034602497
403,pct_femenino_fertil,0.016451383410343513
403,edad_mediana,0.016451383410343513
403,pct_urgencia,0.9019867090063107
403,pct_programada,0.031102514084497865
403,pct_obstetrica_ingreso,0.9019867090063107
403,pct_alta_domicilio,0.8866791373309988
403,pct_alta_fallecido,0.8866791373309988
403,pct_alta_traslado,0.3891093517816481
403,pct_origen_emergencia,0.296702959549711
403,pct_origen_referencia,0.0779876142141195
403,pct_uso_pabellon,0.31090042493856035
403,pabellones_promedio,0.3871092008557952
403,tasa_partos,0.3254145071471608
403,tasa_prematurez,0.654472052264726
403,cv_estancia,0.31090042493856035
403,pct_estancia_larga,0.3254145071471608
404,egresos_por_anio,0.4904564785061743
404,estancia_media,0.4904564785061743
404,estancia_mediana,0.4904564785061743
404,peso_medio_grd,0.04562596111992597
404,severidad_media,0.5078482456359593
404,mortalidad_media,0.4904564785061743
404,entropia_grd,0.4904564785061743
404,comorbilidades_promedio,0.4904564785061743
404,tasa_cma,0.7699452324485819
404,peso_medio_cma,0.6825422516285147
404,pct_pediatrico,0.1629223657232173
404,pct_geriatrico,0.6825422516285147
404,pct_femenino_fertil,0.4904564785061743
404,edad_mediana,0.1629223657232173
404,pct_urgencia,0.5078482456359593
404,pct_programada,0.9292024342407658
404,pct_obstetrica_ingreso,0.1629223657232173
404,pct_alta_domicilio,0.7699452324485819
404,pct_alta_fallecido,0.5078482456359593
404,pct_alta_traslado,0.4904564785061743
404,pct_origen_emergencia,0.4904564785061743
404,pct_origen_referencia,0.021357808304352854
404,pct_uso_pabellon,0.4904564785061743
404,pabellones_promedio,0.5078482456359593
404,tasa_partos,0.1629223657232173
404,tasa_prematurez,0.4039425079931731
404,cv_estancia,0.4904564785061743
404,pct_estancia_larga,0.4904564785061743
405,egresos_por_anio,0.8575063584425715
405,estancia_media,0.8575063584425715
405,estancia_mediana,0.32679741794760575
405,peso_medio_grd,0.09959973974315076
405,severidad_media,0.2517702656340491
405,mortalidad_media,0.8575063584425715
405,entropia_grd,0.32679741794760575
405,comorbilidades_promedio,0.8575063584425715
405,tasa_cma,0.8575063584425715
405,peso_medio_cma,0.3656268391081461
405,pct_pediatrico,0.054195359516516356
405,pct_geriatrico,0.054195359516516356
405,pct_femenino_fertil,0.49024067610499544
405,edad_mediana,0.14184074206808653
405,pct_urgencia,0.49024067610499544
405,pct_programada,0.11884561333396557
405,pct_obstetrica_ingreso,0.11884561333396557
405,pct_alta_domicilio,0.3656268391081461
405,pct_alta_fallecido,0.49024067610499544
405,pct_alta_traslado,0.054195359516516356
405,pct_origen_emergencia,0.23224743878634663
405,pct_origen_referencia,0.09507039433205317
405,pct_uso_pabellon,0.49024067610499544
405,pabellones_promedio,0.32679741794760575
405,tasa_partos,0.11884561333396557
405,tasa_prematurez,0.09507039433205317
405,cv_estancia,0.11884561333396557
405,pct_estancia_larga,0.8575063584425715
406,egresos_por_anio,0.7067901558869579
406,estancia_media,0.7067901558869579
406,estancia_mediana,0.7610446639831219
406,peso_medio_grd,0.7045026420174673
406,severidad_media,0.6096685229484959
406,mortalidad_media,0.2815770317292056
406,entropia_grd,0.6380889899309182
406,comorbilidades_promedio,0.9521930637380297
406,tasa_cma,0.2743310833252334
406,peso_medio_cma,0.829465032489278
406,pct_pediatrico,0.05904367325088068
406,pct_geriatrico,0.9774486150804756
406,pct_femenino_fertil,0.9521930637380297
406,edad_mediana,0.09847722852057243
406,pct_urgencia,0.7067901558869579
406,pct_programada,0.319490579854481
406,pct_obstetrica_ingreso,0.5956194670860688
406,pct_alta_domicilio,0.21086726124147506
406,pct_alta_fallecido,0.6695880240358675
406,pct_alta_traslado,0.9521930637380297
406,pct_origen_emergencia,0.2743310833252334
406,pct_origen_referencia,0.6695880240358675
406,pct_uso_pabellon,0.9774486150804756
406,pabellones_promedio,0.5956194670860688
406,tasa_partos,0.05904367325088068
406,tasa_prematurez,0.7067901558869579
406,cv_estancia,0.05904367325088068
406,pct_estancia_larga,0.7045026420174673
407,egresos_por_anio,0.3793911863616524
407,estancia_media,0.8083484581221012
407,estancia_mediana,0.9989623351142247
407,peso_medio_grd,0.37718134395543024
407,severidad_media,0.21982692640230397
407,mortalidad_media,0.6034717773862157
407,entropia_grd,0.993560093414
407,comorbilidades_promedio,0.04028627189541881
407,tasa_cma,0.6034717773862157
407,peso_medio_cma,0.3793911863616524
407,pct_pediatrico,0.0612766644048454
407,pct_geriatrico,0.8907955876449865
407,pct_femenino_fertil,0.21982692640230397
407,edad_mediana,0.04028627189541881
407,pct_urgencia,0.8907955876449865
407,pct_programada,0.993560093414
407,pct_obstetrica_ingreso,0.6843101470234099
407,pct_alta_domicilio,0.6843101470234099
407,pct_alta_fallecido,0.993560093414
407,pct_alta_traslado,0.6034717773862157
407,pct_origen_emergencia,0.5221693599945908
407,pct_origen_referencia,0.8907955876449865
407,pct_uso_pabellon,0.638718073267788
407,pabellones_promedio,0.6843101470234099
407,tasa_partos,0.8083484581221012
407,tasa_prematurez,0.8907955876449865
407,cv_estancia,0.8278493442310074
407,pct_estancia_larga,0.043139602504435055
408,egresos_por_anio,0.6454383290646337
408,estancia_media,0.8524322521041631
408,estancia_mediana,0.7379019952693266
408,peso_medio_grd,0.2905919165035345
408,severidad_media,0.3907926986846453
408,mortalidad_media,0.5878953690044487
408,entropia_grd,0.11059178328170693
408,comorbilidades_promedio,0.14908674390220664
408,tasa_cma,0.11059178328170693
408,peso_medio_cma,0.4305657091986986
408,pct_pediatrico,0.11059178328170693
408,pct_geriatrico,0.029262015975055972
408,pct_femenino_fertil,0.08446518655170064
408,edad_mediana,0.05128766740561016
408,pct_urgencia,0.11059178328170693
408,pct_programada,0.5652497023262404
408,pct_obstetrica_ingreso,0.5683034188486201
408,pct_alta_domicilio,0.29512000405973043
408,pct_alta_fallecido,0.6454383290646337
408,pct_alta_traslado,0.4305657091986986
408,pct_origen_emergencia,0.7826034964664365
408,pct_origen_referencia,0.8192955207694015
408,pct_uso_pabellon,0.11036971317869387
408,pabellones_promedio,0.7291180669408424
408,tasa_partos,0.04745603364623138
408,tasa_prematurez,0.08446518655170064
408,cv_estancia,0.4305657091986986
408,pct_estancia_larga,0.7291180669408424
409,egresos_por_anio,0.07944955961204525
409,estancia_media,0.4547275781400707
409,estancia_mediana,0.8592727546443513
409,peso_medio_grd,0.5431039210280046
409,severidad_media,0.6433722477226955
409,mortalidad_media,0.7394481475614015
409,entropia_grd,0.11768804195513143
409,comorbilidades_promedio,0.6433722477226955
409,tasa_cma,0.5656392907796723
409,peso_medio_cma,0.3477925049293804
409,pct_pediatrico,0.048136047341894146
409,pct_geriatrico,0.09406649434496449
409,pct_femenino_fertil,0.25051893453138485
409,edad_mediana,0.09406649434496449
409,pct_urgencia,0.2594249099400027
409,pct_programada,0.8596937404295457
409,pct_obstetrica_ingreso,0.15890137495422516
409,pct_alta_domicilio,0.3009865638055318
409,pct_alta_fallecido,0.0812402039214914
409,pct_alta_traslado,0.9555238898281321
409,pct_origen_emergencia,0.7507632009955529
409,pct_origen_referencia,0.3841698933006909
409,pct_uso_pabellon,0.7394481475614015
409,pabellones_promedio,0.040747064729838404
409,tasa_partos,0.8647755605234688
409,tasa_prematurez,0.3841698933006909
409,cv_estancia,0.25051893453138485
409,pct_estancia_larga,0.7711568615614942
410,egresos_por_anio,0.639759740338808
410,estancia_media,0.09811130072465386
410,estancia_mediana,0.6454842866543778
410,peso_medio_grd,0.8727793592851825
410,severidad_media,0.4215493342482289
410,mortalidad_media,0.5303089991723898
410,entropia_grd,0.5540080770877912
410,comorbilidades_promedio,0.8985224418217304
410,tasa_cma,0.6454842866543778
410,peso_medio_cma,0.8985224418217304
410,pct_pediatrico,0.1187560920757484
410,pct_geriatrico,0.36341139225050045
410,pct_femenino_fertil,0.6454842866543778
410,edad_mediana,0.03421813883065748
410,pct_urgencia,0.07943321984500953
410,pct_programada,0.11234664503640363
410,pct_obstetrica_ingreso,0.8985224418217304
410,pct_alta_domicilio,0.6454842866543778
410,pct_alta_fallecido,0.03421813883065748
410,pct_alta_traslado,0.8985224418217304
410,pct_origen_emergencia,0.8985224418217304
410,pct_origen_referencia,0.04024031950234822
410,pct_uso_pabellon,0.6026171392125944
410,pabellones_promedio,0.8985224418217304
410,tasa_partos,0.48200516608809785
410,tasa_prematurez,0.8985224418217304
410,cv_estancia,0.0007301163651353448
410,pct_estancia_larga,0.2321205541324658
411,egresos_por_anio,0.18514781490109858
411,estancia_media,0.5373208955439024
411,estancia_mediana,0.7264794866315719
411,peso_medio_grd,0.5373208955439024
411,severidad_media,0.5373208955439024
411,mortalidad_media,0.5373208955439024
411,entropia_grd,0.6118994967541432
411,comorbilidades_promedio,0.5373208955439024
411,tasa_cma,0.7100861927962884
411,peso_medio_cma,0.28511113486836515
411,pct_pediatrico,0.024928105494459424
411,pct_geriatrico,0.5373208955439024
411,pct_femenino_fertil,0.5373208955439024
411,edad_mediana,0.029997613418659693
411,pct_urgencia,0.3872841082398662
411,pct_programada,0.9640311608159444
411,pct_obstetrica_ingreso,0.5373208955439024
411,pct_alta_domicilio,0.5373208955439024
411,pct_alta_fallecido,0.28511113486836515
411,pct_alta_traslado,0.7691682844217828
411,pct_origen_emergencia,0.5373208955439024
411,pct_origen_referencia,0.9640311608159444
411,pct_uso_pabellon,0.18514781490109858
411,pabellones_promedio,0.9600040584934133
411,tasa_partos,0.5373208955439024
411,tasa_prematurez,0.6118994967541432
411,cv_estancia,0.5373208955439024
411,pct_estancia_larga,0.9623651157485036
412,egresos_por_anio,0.6290605883414704
412,estancia_media,0.6290605883414704
412,estancia_mediana,0.09288105930717232
412,peso_medio_grd,0.536081654276335
412,severidad_media,0.6290605883414704
412,mortalidad_media,0.536081654276335
412,entropia_grd,0.04317176289355169
412,comorbilidades_promedio,0.8282836300975117
412,tasa_cma,0.4677335949485152
412,peso_medio_cma,0.536081654276335
412,pct_pediatrico,0.04510501766481742
412,pct_geriatrico,0.6290605883414704
412,pct_femenino_fertil,0.23096461234686516
412,edad_mediana,0.03075309371334416
412,pct_urgencia,0.18434798224346735
412,pct_programada,0.03075309371334416
412,pct_obstetrica_ingreso,0.4677335949485152
412,pct_alta_domicilio,0.04510501766481742
412,pct_alta_fallecido,0.18434798224346735
412,pct_alta_traslado,0.03075309371334416
412,pct_origen_emergencia,0.6290605883414704
412,pct_origen_referencia,0.04510501766481742
412,pct_uso_pabellon,0.053427816020602044
412,pabellones_promedio,0.18434798224346735
412,tasa_partos,0.536081654276335
412,tasa_prematurez,0.6290605883414704
412,cv_estancia,0.536081654276335
412,pct_estancia_larga,0.3455166779738992
413,egresos_por_anio,0.8358262163511418
413,estancia_media,0.6247327031750303
413,estancia_mediana,0.12999128284631953
413,peso_medio_grd,0.20689758434690877
413,severidad_media,0.3943778208424739
413,mortalidad_media,0.8205013629055594
413,entropia_grd,0.7658105650073502
413,comorbilidades_promedio,0.8205013629055594
413,tasa_cma,0.12999128284631953
413,peso_medio_cma,0.8103264106053033
413,pct_pediatrico,0.12999128284631953
413,pct_geriatrico,0.00010707580962577129
413,pct_femenino_fertil,0.9517848653432726
413,edad_mediana,0.3772393186200571
413,pct_urgencia,0.8205013629055594
413,pct_programada,0.12999128284631953
413,pct_obstetrica_ingreso,0.9517848653432726
413,pct_alta_domicilio,0.6247327031750303
413,pct_alta_fallecido,0.16160233714007824
413,pct_alta_traslado,0.12999128284631953
413,pct_origen_emergencia,0.12999128284631953
413,pct_origen_referencia,0.6612096681326376
413,pct_uso_pabellon,0.39531204304005685
413,pabellones_promedio,0.12999128284631953
413,tasa_partos,0.12999128284631953
413,tasa_prematurez,0.17917065221136735
413,cv_estancia,0.9517848653432726
413,pct_estancia_larga,0.9063426442722745
414,egresos_por_anio,0.4192368656930177
414,estancia_media,0.24767076663547447
414,estancia_mediana,0.4192368656930177
414,peso_medio_grd,0.650504998461143
414,severidad_media,0.14547364716436856
414,mortalidad_media,0.3348132282665804
414,entropia_grd,0.6971388166023719
414,comorbilidades_promedio,0.14547364716436856
414,tasa_cma,0.32784619286609107
414,peso_medio_cma,0.92594062461173
414,pct_pediatrico,0.14547364716436856
414,pct_geriatrico,0.07007145986509682
414,pct_femenino_fertil,0.4192368656930177
414,edad_mediana,0.14547364716436856
414,pct_urgencia,0.5844336977938437
414,pct_programada,0.4192368656930177
414,pct_obstetrica_ingreso,0.6971388166023719
414,pct_alta_domicilio,0.40898436192783394
414,pct_alta_fallecido,0.4927959162736066
414,pct_alta_traslado,0.6971388166023719
414,pct_origen_emergencia,0.370201836965155
414,pct_origen_referencia,0.6971388166023719
414,pct_uso_pabellon,0.10014207529460013
414,pabellones_promedio,0.4775488548266974
414,tasa_partos,0.3348132282665804
414,tasa_prematurez,0.4192368656930177
414,cv_estancia,0.6971388166023719
414,pct_estancia_larga,0.38897497886583055
415,egresos_por_anio,0.6984306572262843
415,estancia_media,0.32268193887043395
415,estancia_mediana,0.8133065283385801
415,peso_medio_grd,0.2754755963900895
415,severidad_media,0.8133065283385801
415,mortalidad_media,0.23040846314859076
415,entropia_grd,0.6171606259556981
415,comorbilidades_promedio,0.6984306572262843
415,tasa_cma,0.925925980575243
415,peso_medio_cma,0.5710595509066179
415,pct_pediatrico,0.07225701278363358
415,pct_geriatrico,0.8133065283385801
415,pct_femenino_fertil,0.260001184184197
415,edad_mediana,0.1959133448516036
415,pct_urgencia,0.41512684166944425
415,pct_programada,0.13037243643999769
415,pct_obstetrica_ingreso,0.5721329898882896
415,pct_alta_domicilio,0.4551090838250122
415,pct_alta_fallecido,0.32268193887043395
415,pct_alta_traslado,0.07225701278363358
415,pct_origen_emergencia,0.4454486095546382
415,pct_origen_referencia,0.260001184184197
415,pct_uso_pabellon,0.4551090838250122
415,pabellones_promedio,0.4454486095546382
415,tasa_partos,0.07225701278363358
415,tasa_prematurez,0.7256479903819695
415,cv_estancia,0.4074474995834958
415,pct_estancia_larga,0.7530071355777941
416,egresos_por_anio,0.8038972229566038
416,estancia_media,0.9073062501655242
416,estancia_mediana,0.6380803891526309
416,peso_medio_grd,0.46948017191963587
416,severidad_media,0.617085828222187
416,mortalidad_media,0.9073062501655242
416,entropia_grd,0.6380803891526309
416,comorbilidades_promedio,0.46948017191963587
416,tasa_cma,0.7070191694395418
416,peso_medio_cma,0.7070191694395418
416,pct_pediatrico,0.03204162408866138
416,pct_geriatrico,0.6380803891526309
416,pct_femenino_fertil,0.7070191694395418
416,edad_mediana,0.03204162408866138
416,pct_urgencia,0.6380803891526309
416,pct_programada,0.5874721188433261
416,pct_obstetrica_ingreso,0.7070191694395418
416,pct_alta_domicilio,0.6127744011874503
416,pct_alta_fallecido,0.13805247596728545
416,pct_alta_traslado,0.9073062501655242
416,pct_origen_emergencia,0.6380803891526309
416,pct_origen_referencia,0.5874721188433261
416,pct_uso_pabellon,0.46948017191963587
416,pabellones_promedio,0.6380803891526309
416,tasa_partos,0.46948017191963587
416,tasa_prematurez,0.8038972229566038
416,cv_estancia,0.6380803891526309
416,pct_estancia_larga,0.8251949127359034
417,egresos_por_anio,0.9678949919659227
417,estancia_media,0.8636311418525628
417,estancia_mediana,0.8636311418525628
417,peso_medio_grd,0.1979969224698181
417,severidad_media,0.9678949919659227
417,mortalidad_media,0.9043593866894353
417,entropia_grd,0.8636311418525628
417,comorbilidades_promedio,0.6358021050861581
417,tasa_cma,0.9359910088848373
417,peso_medio_cma,0.1979969224698181
417,pct_pediatrico,0.08082204257845664
417,pct_geriatrico,0.8636311418525628
417,pct_femenino_fertil,0.9678949919659227
417,edad_mediana,0.16636158571266021
417,pct_urgencia,0.10737478151739345
417,pct_programada,0.021173083542705265
417,pct_obstetrica_ingreso,0.7017653105635023
417,pct_alta_domicilio,0.9309245147249827
417,pct_alta_fallecido,0.1979969224698181
417,pct_alta_traslado,0.4879333800689889
417,pct_origen_emergencia,0.9678949919659227
417,pct_origen_referencia,0.6358021050861581
417,pct_uso_pabellon,0.8636311418525628
417,pabellones_promedio,0.9309245147249827
417,tasa_partos,0.9678949919659227
417,tasa_prematurez,0.23787632511073825
417,cv_estancia,0.1979969224698181
417,pct_estancia_larga,0.8636311418525628
418,egresos_por_anio,0.2669585542476623
418,estancia_media,0.9570464787338984
418,estancia_mediana,0.3553933339555663
418,peso_medio_grd,0.5360150680501709
418,severidad_media,0.3553933339555663
418,mortalidad_media,0.3553933339555663
418,entropia_grd,0.2572422221009967
418,comorbilidades_promedio,0.13444674913942403
418,tasa_cma,0.08559269428010197
418,peso_medio_cma,0.3553933339555663
418,pct_pediatrico,0.13444674913942403
418,pct_geriatrico,0.05359631975446649
418,pct_femenino_fertil,0.25831786996211037
418,edad_mediana,0.13444674913942403
418,pct_urgencia,0.3553933339555663
418,pct_programada,0.176870403595133
418,pct_obstetrica_ingreso,0.22558903496343588
418,pct_alta_domicilio,0.3553933339555663
418,pct_alta_fallecido,0.3553933339555663
418,pct_alta_traslado,0.13444674913942403
418,pct_origen_emergencia,0.3553933339555663
418,pct_origen_referencia,0.45172058941520876
418,pct_uso_pabellon,0.9570464787338984
418,pabellones_promedio,0.7447936079133434
418,tasa_partos,0.4854075166511149
418,tasa_prematurez,0.08559269428010197
418,cv_estancia,0.3553933339555663
418,pct_estancia_larga,0.696966108999653
419,egresos_por_anio,0.9070678474258558
419,estancia_media,0.9070678474258558
419,estancia_mediana,0.9029540969113518
419,peso_medio_grd,0.3715393650408209
419,severidad_media,0.9070678474258558
419,mortalidad_media,0.9029540969113518
419,entropia_grd,0.9070678474258558
419,comorbilidades_promedio,0.33400193010405854
419,tasa_cma,0.9837186810524341
419,peso_medio_cma,0.9070678474258558
419,pct_pediatrico,0.044031141567909826
419,pct_geriatrico,0.029997345151585062
419,pct_femenino_fertil,0.33400193010405854
419,edad_mediana,0.005881784813397683
419,pct_urgencia,0.33400193010405854
419,pct_programada,0.3715393650408209
419,pct_obstetrica_ingreso,0.349708295958054
419,pct_alta_domicilio,0.6363829504089191
419,pct_alta_fallecido,0.4203794278389784
419,pct_alta_traslado,0.7676968849968396
419,pct_origen_emergencia,0.349708295958054
419,pct_origen_referencia,0.3911588681098587
419,pct_uso_pabellon,0.7676968849968396
419,pabellones_promedio,0.6234697831906194
419,tasa_partos,0.26059213428053807
419,tasa_prematurez,0.2223771592258028
419,cv_estancia,0.9070678474258558
419,pct_estancia_larga,0.5050315236686858
420,egresos_por_anio,0.73946464003722
420,estancia_media,0.73946464003722
420,estancia_mediana,0.73946464003722
420,peso_medio_grd,0.73946464003722
420,severidad_media,0.780004940116475
420,mortalidad_media,0.73946464003722
420,entropia_grd,0.73946464003722
420,comorbilidades_promedio,0.73946464003722
420,tasa_cma,0.73946464003722
420,peso_medio_cma,0.8017370323981967
420,pct_pediatrico,0.1394419419842354
420,pct_geriatrico,0.9610960146208388
420,pct_femenino_fertil,0.8017370323981967
420,edad_mediana,0.29958890771690905
420,pct_urgencia,0.73946464003722
420,pct_programada,0.8017370323981967
420,pct_obstetrica_ingreso,0.73946464003722
420,pct_alta_domicilio,0.7421965853819718
420,pct_alta_fallecido,0.73946464003722
420,pct_alta_traslado,0.6864175629573941
420,pct_origen_emergencia,0.533629016357701
420,pct_origen_referencia,0.17630708493911681
420,pct_uso_pabellon,0.9064413670522232
420,pabellones_promedio,0.73946464003722
420,tasa_partos,0.7421965853819718
420,tasa_prematurez,0.780004940116475
420,cv_estancia,0.9610960146208388
420,pct_estancia_larga,0.533629016357701
421,egresos_por_anio,0.8031555338375914
421,estancia_media,0.748715556805021
421,estancia_mediana,0.8031555338375914
421,peso_medio_grd,0.8031555338375914
421,severidad_media,0.15228312715827375
421,mortalidad_media,0.8887080386429854
421,entropia_grd,0.8031555338375914
421,comorbilidades_promedio,0.29274713542462316
421,tasa_cma,0.36012301489098636
421,peso_medio_cma,0.2979826238189426
421,pct_pediatrico,0.15228312715827375
421,pct_geriatrico,0.07041757503621066
421,pct_femenino_fertil,0.8167102517255823
421,edad_mediana,0.01933020256008164
421,pct_urgencia,0.8031555338375914
421,pct_programada,0.1621604807267813
421,pct_obstetrica_ingreso,0.3507768821125879
421,pct_alta_domicilio,0.677256550971664
421,pct_alta_fallecido,0.29274713542462316
421,pct_alta_traslado,0.8031555338375914
421,pct_origen_emergencia,0.9681613967591021
421,pct_origen_referencia,0.8031555338375914
421,pct_uso_pabellon,0.4340664479022209
421,pabellones_promedio,0.8031555338375914
421,tasa_partos,0.8031555338375914
421,tasa_prematurez,0.8031555338375914
421,cv_estancia,0.15228312715827375
421,pct_estancia_larga,0.29983565907551674
422,egresos_por_anio,0.5790137866150783
422,estancia_media,0.3553282806166879
422,estancia_mediana,0.9690220723461831
422,peso_medio_grd,0.3553282806166879
422,severidad_media,0.5790137866150783
422,mortalidad_media,0.5790137866150783
422,entropia_grd,0.4792462264231118
422,comorbilidades_promedio,0.778574871566022
422,tasa_cma,0.3553282806166879
422,peso_medio_cma,0.6602264685458508
422,pct_pediatrico,0.26788667205025757
422,pct_geriatrico,0.4792462264231118
422,pct_femenino_fertil,0.9690220723461831
422,edad_mediana,0.04541918252680239
422,pct_urgencia,0.8167147448810469
422,pct_programada,0.3553282806166879
422,pct_obstetrica_ingreso,0.4792462264231118
422,pct_alta_domicilio,0.3553282806166879
422,pct_alta_fallecido,0.2283253924504782
422,pct_alta_traslado,0.5790137866150783
422,pct_origen_emergencia,0.26788667205025757
422,pct_origen_referencia,0.3553282806166879
422,pct_uso_pabellon,0.4792462264231118
422,pabellones_promedio,0.7346781272864826
422,tasa_partos,0.905906479391483
422,tasa_prematurez,0.4911440567813234
422,cv_estancia,0.7346781272864826
422,pct_estancia_larga,0.4600653736869194
423,egresos_por_anio,0.17169495555847183
423,estancia_media,0.4646591561513357
423,estancia_mediana,0.5125799618849937
423,peso_medio_grd,0.2419000949822317
423,severidad_media,0.3138818924703509
423,mortalidad_media,0.3138818924703509
423,entropia_grd,0.3138818924703509
423,comorbilidades_promedio,0.4646591561513357
423,tasa_cma,0.7272665657056806
423,peso_medio_cma,0.6897833811723187
423,pct_pediatrico,0.17169495555847183
423,pct_geriatrico,0.17169495555847183
423,pct_femenino_fertil,0.5125799618849937
423,edad_mediana,0.10031333290969671
423,pct_urgencia,0.10031333290969671
423,pct_programada,0.3138818924703509
423,pct_obstetrica_ingreso,0.07194482898567572
423,pct_alta_domicilio,0.9994727544362085
423,pct_alta_fallecido,0.31061059486493586
423,pct_alta_traslado,0.3138818924703509
423,pct_origen_emergencia,0.6447532895155103
423,pct_origen_referencia,0.5125799618849937
423,pct_uso_pabellon,0.3138818924703509
423,pabellones_promedio,0.31061059486493586
423,tasa_partos,0.3138818924703509
423,tasa_prematurez,0.3138818924703509
423,cv_estancia,0.5125799618849937
423,pct_estancia_larga,0.3138818924703509
424,egresos_por_anio,0.5683116679006313
424,estancia_media,0.09040784190175304
424,estancia_mediana,0.5560991085095979
424,peso_medio_grd,0.1453378069671126
424,severidad_media,0.28307667090886146
424,mortalidad_media,0.86446172642968
424,entropia_grd,0.28307667090886146
424,comorbilidades_promedio,0.1453378069671126
424,tasa_cma,0.5560991085095979
424,peso_medio_cma,0.9565307590222485
424,pct_pediatrico,0.1338531507747393
424,pct_geriatrico,0.1453378069671126
424,pct_femenino_fertil,0.4255550860638814
424,edad_mediana,0.047849795175427604
424,pct_urgencia,0.16686728689890237
424,pct_programada,0.8715374831544069
424,pct_obstetrica_ingreso,0.1453378069671126
424,pct_alta_domicilio,0.3562357907825114
424,pct_alta_fallecido,0.5033594439180321
424,pct_alta_traslado,0.28307667090886146
424,pct_origen_emergencia,0.5683116679006313
424,pct_origen_referencia,0.28307667090886146
424,pct_uso_pabellon,0.86446172642968
424,pabellones_promedio,0.4255550860638814
424,tasa_partos,0.5683116679006313
424,tasa_prematurez,0.7103310581109872
424,cv_estancia,0.17890837062581977
424,pct_estancia_larga,0.4255550860638814
425,egresos_por_anio,0.8486157897243952
425,estancia_media,0.7145414536554923
425,estancia_mediana,0.8486157897243952
425,peso_medio_grd,0.31191641975752143
425,severidad_media,0.7145414536554923
425,mortalidad_media,0.49979704829785515
425,entropia_grd,0.7320135728630598
425,comorbilidades_promedio,0.44114678464585794
425,tasa_cma,0.25818030470191516
425,peso_medio_cma,0.8517148297670983
425,pct_pediatrico,0.24518359743180254
425,pct_geriatrico,0.31191641975752143
425,pct_femenino_fertil,0.7145414536554923
425,edad_mediana,0.16885038807930175
425,pct_urgencia,0.7145414536554923
425,pct_programada,0.31191641975752143
425,pct_obstetrica_ingreso,0.8486157897243952
425,pct_alta_domicilio,0.7145414536554923
425,pct_alta_fallecido,0.24518359743180254
425,pct_alta_traslado,0.49979704829785515
425,pct_origen_emergencia,0.8486157897243952
425,pct_origen_referencia,0.16411642200047885
425,pct_uso_pabellon,0.24518359743180254
425,pabellones_promedio,0.24518359743180254
425,tasa_partos,0.7145414536554923
425,tasa_prematurez,0.49979704829785515
425,cv_estancia,0.7376037529741599
425,pct_estancia_larga,0.9163818630971172
426,egresos_por_anio,0.185596854758135
426,estancia_media,0.273873202900441
426,estancia_mediana,0.642174321712365
426,peso_medio_grd,0.9005959953303662
426,severidad_media,0.059815364419829736
426,mortalidad_media,0.273873202900441
426,entropia_grd,0.22460868861420796
426,comorbilidades_promedio,0.642174321712365
426,tasa_cma,0.9005959953303662
426,peso_medio_cma,0.8156938254821944
426,pct_pediatrico,0.004909699081840197
426,pct_geriatrico,0.19212220071436595
426,pct_femenino_fertil,0.37962289248974485
426,edad_mediana,0.0025022718890956347
426,pct_urgencia,0.8174722538030779
426,pct_programada,0.13788486090810928
426,pct_obstetrica_ingreso,0.6891694660932619
426,pct_alta_domicilio,0.8174722538030779
426,pct_alta_fallecido,0.059815364419829736
426,pct_alta_traslado,0.8603971729974254
426,pct_origen_emergencia,0.6891694660932619
426,pct_origen_referencia,0.004909699081840197
426,pct_uso_pabellon,0.09273620802055085
426,pabellones_promedio,0.0019368093208114755
426,tasa_partos,0.4388175466443628
426,tasa_prematurez,0.8156938254821944
426,cv_estancia,0.12149978549524347
426,pct_estancia_larga,0.9005959953303662
427,egresos_por_anio,0.019984530933996
427,estancia_media,0.5683382102024729
427,estancia_mediana,0.5683382102024729
427,peso_medio_grd,0.7718510208481361
427,severidad_media,0.778573298973403
427,mortalidad_media,0.7698941054037824
427,entropia_grd,0.07675209336016911
427,comorbilidades_promedio,0.5975892215653595
427,tasa_cma,0.751248193925678
427,peso_medio_cma,0.7698941054037824
427,pct_pediatrico,0.07610663525422598
427,pct_geriatrico,0.052638786598539725
427,pct_femenino_fertil,0.7698941054037824
427,edad_mediana,0.04047177983013451
427,pct_urgencia,0.783854218847029
427,pct_programada,0.8595253789109325
427,pct_obstetrica_ingreso,0.5683382102024729
427,pct_alta_domicilio,0.7718510208481361
427,pct_alta_fallecido,0.5683382102024729
427,pct_alta_traslado,0.7698941054037824
427,pct_origen_emergencia,0.5683382102024729
427,pct_origen_referencia,0.36506893410418956
427,pct_uso_pabellon,0.783854218847029
427,pabellones_promedio,0.019984530933996
427,tasa_partos,0.7698941054037824
427,tasa_prematurez,0.5683382102024729
427,cv_estancia,0.47570385091284195
427,pct_estancia_larga,0.8595253789109325
428,egresos_por_anio,0.8736668310839879
428,estancia_media,0.8982170901988843
428,estancia_mediana,0.8736668310839879
428,peso_medio_grd,0.9838194979292217
428,severidad_media,0.8736668310839879
428,mortalidad_media,0.8736668310839879
428,entropia_grd,0.9002252939981439
428,comorbilidades_promedio,0.9002252939981439
428,tasa_cma,0.7056556424613137
428,peso_medio_cma,0.9002252939981439
428,pct_pediatrico,0.35559149645047433
428,pct_geriatrico,0.8736668310839879
428,pct_femenino_fertil,0.8751430395485004
428,edad_mediana,0.35559149645047433
428,pct_urgencia,0.8736668310839879
428,pct_programada,0.9838194979292217
428,pct_obstetrica_ingreso,0.8736668310839879
428,pct_alta_domicilio,0.8736668310839879
428,pct_alta_fallecido,0.8736668310839879
428,pct_alta_traslado,0.8736668310839879
428,pct_origen_emergencia,0.8736668310839879
428,pct_origen_referencia,0.8736668310839879
428,pct_uso_pabellon,0.8736668310839879
428,pabellones_promedio,0.8736668310839879
428,tasa_partos,0.7056556424613137
428,tasa_prematurez,0.8736668310839879
428,cv_estancia,0.9838194979292217
428,pct_estancia_larga,0.8736668310839879
429,egresos_por_anio,0.22020606426138387
429,estancia_media,0.3981114332018139
429,estancia_mediana,0.6594494006937349
429,peso_medio_grd,0.5911842632726108
429,severidad_media,0.4138179197704328
429,mortalidad_media,0.035742242865767146
429,entropia_grd,0.6504371217474006
429,comorbilidades_promedio,0.5911842632726108
429,tasa_cma,0.3981114332018139
429,peso_medio_cma,0.44209499622742787
429,pct_pediatrico,0.201047443637448
429,pct_geriatrico,0.22020606426138387
429,pct_femenino_fertil,0.013734907636904454
429,edad_mediana,0.022105102252326238
429,pct_urgencia,0.4138179197704328
429,pct_programada,0.4992076505559532
429,pct_obstetrica_ingreso,0.4823336278873143
429,pct_alta_domicilio,0.3981114332018139
429,pct_alta_fallecido,0.5911842632726108
429,pct_alta_traslado,0.035742242865767146
429,pct_origen_emergencia,0.3981114332018139
429,pct_origen_referencia,0.355519971782883
429,pct_uso_pabellon,0.5911842632726108
429,pabellones_promedio,0.4823336278873143
429,tasa_partos,0.8685188924195959
429,tasa_prematurez,0.7730098925283198
429,cv_estancia,0.3981114332018139
429,pct_estancia_larga,0.6504371217474006
430,egresos_por_anio,0.5337171416618814
430,estancia_media,0.6359924414589189
430,estancia_mediana,0.5099715677738625
430,peso_medio_grd,0.19594840844760741
430,severidad_media,0.5337171416618814
430,mortalidad_media,0.5337171416618814
430,entropia_grd,0.5099715677738625
430,comorbilidades_promedio,0.7438705900429033
430,tasa_cma,0.6472544553295307
430,peso_medio_cma,0.5099715677738625
430,pct_pediatrico,0.15083840458973433
430,pct_geriatrico,0.5099715677738625
430,pct_femenino_fertil,0.5337171416618814
430,edad_mediana,0.5337171416618814
430,pct_urgencia,0.0016122535985220693
430,pct_programada,0.5337171416618814
430,pct_obstetrica_ingreso,0.5337171416618814
430,pct_alta_domicilio,0.5337171416618814
430,pct_alta_fallecido,0.7438705900429033
430,pct_alta_traslado,0.5337171416618814
430,pct_origen_emergencia,0.5099715677738625
430,pct_origen_referencia,0.5337171416618814
430,pct_uso_pabellon,0.5099715677738625
430,pabellones_promedio,0.6359924414589189
430,tasa_partos,0.7438705900429033
430,tasa_prematurez,0.8424860693754086
430,cv_estancia,0.19594840844760741
430,pct_estancia_larga,0.5099715677738625
431,egresos_por_anio,0.5083577865582684
431,estancia_media,0.3031581763134839
431,estancia_mediana,0.8608891992507817
431,peso_medio_grd,0.9481033181016626
431,severidad_media,0.357746288471556
431,mortalidad_media,0.8608891992507817
431,entropia_grd,0.61416750644568
431,comorbilidades_promedio,0.8424903849615942
431,tasa_cma,0.9750613674882295
431,peso_medio_cma,0.6665852337767157
431,pct_pediatrico,0.21715746981711745
431,pct_geriatrico,0.21715746981711745
431,pct_femenino_fertil,0.6665852337767157
431,edad_mediana,0.0453205320244773
431,pct_urgencia,0.6387657942319618
431,pct_programada,0.5031124774832544
431,pct_obstetrica_ingreso,0.21715746981711745
431,pct_alta_domicilio,0.6038824595337753
431,pct_alta_fallecido,0.21715746981711745
431,pct_alta_traslado,0.8608891992507817
431,pct_origen_emergencia,0.8180499955807246
431,pct_origen_referencia,0.21715746981711745
431,pct_uso_pabellon,0.21715746981711745
431,pabellones_promedio,0.5083577865582684
431,tasa_partos,0.3031581763134839
431,tasa_prematurez,0.9750613674882295
431,cv_estancia,0.6639524434595767
431,pct_estancia_larga,0.8608891992507817
432,egresos_por_anio,0.5718723266350043
432,estancia_media,0.5743628460233737
432,estancia_mediana,0.7022723434006879
432,peso_medio_grd,0.6865897505362524
432,severidad_media,0.39444445644416626
432,mortalidad_media,0.9776419630592258
432,entropia_grd,0.5769969557859718
432,comorbilidades_promedio,0.39444445644416626
432,tasa_cma,0.7015141424910046
432,peso_medio_cma,0.6865897505362524
432,pct_pediatrico,0.0546753714085164
432,pct_geriatrico,0.17177415414550423
432,pct_femenino_fertil,0.39444445644416626
432,edad_mediana,0.15358817179104686
432,pct_urgencia,0.5743628460233737
432,pct_programada,0.7015141424910046
432,pct_obstetrica_ingreso,0.3813491740022446
432,pct_alta_domicilio,0.15358817179104686
432,pct_alta_fallecido,0.29637557672360976
432,pct_alta_traslado,0.6092455439330202
432,pct_origen_emergencia,0.8510020497943057
432,pct_origen_referencia,0.28540508884630994
432,pct_uso_pabellon,0.0546753714085164
432,pabellones_promedio,0.6746135007245955
432,tasa_partos,0.8773438045072821
432,tasa_prematurez,0.5718723266350043
432,cv_estancia,0.7703481719305292
432,pct_estancia_larga,0.5743628460233737
433,egresos_por_anio,0.5665072498809989
433,estancia_media,0.940709869167289
433,estancia_mediana,0.20827633793354927
433,peso_medio_grd,0.19967119167224168
433,severidad_media,0.7596996510339801
433,mortalidad_media,0.6413479526769542
433,entropia_grd,0.5665072498809989
433,comorbilidades_promedio,0.940709869167289
433,tasa_cma,0.3569118898429918
433,peso_medio_cma,0.940709869167289
433,pct_pediatrico,0.0901173294410909
433,pct_geriatrico,0.148183775625834
433,pct_femenino_fertil,0.6416200812232485
433,edad_mediana,0.35668310739358755
433,pct_urgencia,0.5665072498809989
433,pct_programada,0.0901173294410909
433,pct_obstetrica_ingreso,0.5665072498809989
433,pct_alta_domicilio,0.7133817628050109
433,pct_alta_fallecido,0.19967119167224168
433,pct_alta_traslado,0.940709869167289
433,pct_origen_emergencia,0.9341428367003131
433,pct_origen_referencia,0.22772075330508212
433,pct_uso_pabellon,0.5665072498809989
433,pabellones_promedio,0.5665072498809989
433,tasa_partos,0.1665674558139186
433,tasa_prematurez,0.8276931719662118
433,cv_estancia,0.6257687346696028
433,pct_estancia_larga,0.6257687346696028
434,egresos_por_anio,0.8348385928416786
434,estancia_media,0.27302383951534154
434,estancia_mediana,0.9919124366197352
434,peso_medio_grd,0.11907125990888523
434,severidad_media,0.8348385928416786
434,mortalidad_media,0.3761930388859035
434,entropia_grd,0.5368213004530497
434,comorbilidades_promedio,0.8348385928416786
434,tasa_cma,0.27302383951534154
434,peso_medio_cma,0.7146539620597151
434,pct_pediatrico,0.005629112950424591
434,pct_geriatrico,0.03135254720719196
434,pct_femenino_fertil,0.2881865183559434
434,edad_mediana,0.222350963963691
434,pct_urgencia,0.1024572685312225
434,pct_programada,0.532521262746729
434,pct_obstetrica_ingreso,0.9950030458254391
434,pct_alta_domicilio,0.47154209965646576
434,pct_alta_fallecido,0.222350963963691
434,pct_alta_traslado,0.5917816576627081
434,pct_origen_emergencia,0.3861219225965215
434,pct_origen_referencia,0.222350963963691
434,pct_uso_pabellon,0.47154209965646576
434,pabellones_promedio,0.5054980208501746
434,tasa_partos,0.8155977119115042
434,tasa_prematurez,0.8348385928416786
434,cv_estancia,0.258754659970139
434,pct_estancia_larga,0.3761930388859035
435,egresos_por_anio,0.9418511698537454
435,estancia_media,0.3193431604206314
435,estancia_mediana,0.3193431604206314
435,peso_medio_grd,0.2740489953343888
435,severidad_media,0.9676667982192313
435,mortalidad_media,0.9184391755802207
435,entropia_grd,0.31966527785582916
435,comorbilidades_promedio,0.9676667982192313
435,tasa_cma,0.14706099211239954
435,peso_medio_cma,0.9676667982192313
435,pct_pediatrico,0.06679988369349416
435,pct_geriatrico,0.06679988369349416
435,pct_femenino_fertil,0.2740489953343888
435,edad_mediana,0.17405804553969986
435,pct_urgencia,0.7664385895206755
435,pct_programada,0.06679988369349416
435,pct_obstetrica_ingreso,0.9538320688742815
435,pct_alta_domicilio,0.48650098767217653
435,pct_alta_fallecido,0.34695771275867515
435,pct_alta_traslado,0.2740489953343888
435,pct_origen_emergencia,0.9676667982192313
435,pct_origen_referencia,0.9538320688742815
435,pct_uso_pabellon,0.8950804248145467
435,pabellones_promedio,0.4742154196953394
435,tasa_partos,0.0008759306240296564
435,tasa_prematurez,0.9676667982192313
435,cv_estancia,0.3193431604206314
435,pct_estancia_larga,0.8950804248145467
436,egresos_por_anio,0.6871055992641834
436,estancia_media,0.47098392109553944
436,estancia_mediana,0.4739627753357073
436,peso_medio_grd,0.5259280600889138
436,severidad_media,0.42050740602270453
436,mortalidad_media,0.05496509672562023
436,entropia_grd,0.3478128748710764
436,comorbilidades_promedio,0.47098392109553944
436,tasa_cma,0.35660211336660524
436,peso_medio_cma,0.6593616867891399
436,pct_pediatrico,0.20758196803773651
436,pct_geriatrico,0.800024075060511
436,pct_femenino_fertil,0.5259280600889138
436,edad_mediana,0.15342277896830278
436,pct_urgencia,0.4914064225416253
436,pct_programada,0.17423459876693773
436,pct_obstetrica_ingreso,0.09547179035800954
436,pct_alta_domicilio,0.3478128748710764
436,pct_alta_fallecido,0.35660211336660524
436,pct_alta_traslado,0.3478128748710764
436,pct_origen_emergencia,0.5259280600889138
436,pct_origen_referencia,0.47098392109553944
436,pct_uso_pabellon,0.3478128748710764
436,pabellones_promedio,0.8150960385787366
436,tasa_partos,0.35660211336660524
436,tasa_prematurez,0.21121383921181788
436,cv_estancia,0.35660211336660524
436,pct_estancia_larga,0.47098392109553944
437,egresos_por_anio,0.9216763122279361
437,estancia_media,0.29674857019788003
437,estancia_mediana,0.8893937435893361
437,peso_medio_grd,0.2761444615617025
437,severidad_media,0.9216763122279361
437,mortalidad_media,0.949564332326684
437,entropia_grd,0.29674857019788003
437,comorbilidades_promedio,0.8893937435893361
437,tasa_cma,0.6522310584506213
437,peso_medio_cma,0.5182405479252977
437,pct_pediatrico,0.08070914856789575
437,pct_geriatrico,0.08070914856789575
437,pct_femenino_fertil,0.8893937435893361
437,edad_mediana,0.08070914856789575
437,pct_urgencia,0.0615603736371849
437,pct_programada,0.6341434095887932
437,pct_obstetrica_ingreso,0.37217618144293746
437,pct_alta_domicilio,0.4103927338163917
437,pct_alta_fallecido,0.37217618144293746
437,pct_alta_traslado,0.29674857019788003
437,pct_origen_emergencia,0.8893937435893361
437,pct_origen_referencia,0.2761444615617025
437,pct_uso_pabellon,0.1395203503906806
437,pabellones_promedio,0.5182405479252977
437,tasa_partos,0.08070914856789575
437,tasa_prematurez,0.3151798443735827
437,cv_estancia,0.6952132013712647
437,pct_estancia_larga,0.9216763122279361
438,egresos_por_anio,0.3371710944734513
438,estancia_media,0.3371710944734513
438,estancia_mediana,0.6462310898883321
438,peso_medio_grd,0.8349797048943163
438,severidad_media,0.3371710944734513
438,mortalidad_media,0.3604067891246764
438,entropia_grd,0.3371710944734513
438,comorbilidades_promedio,0.3371710944734513
438,tasa_cma,0.3532214765273177
438,peso_medio_cma,0.8936844904219708
438,pct_pediatrico,0.3371710944734513
438,pct_geriatrico,0.3371710944734513
438,pct_femenino_fertil,0.46568560017407606
438,edad_mediana,0.1704864052624162
438,pct_urgencia,0.35597756731939273
438,pct_programada,0.1704864052624162
438,pct_obstetrica_ingreso,0.3371710944734513
438,pct_alta_domicilio,0.3371710944734513
438,pct_alta_fallecido,0.35597756731939273
438,pct_alta_traslado,0.46568560017407606
438,pct_origen_emergencia,0.3532214765273177
438,pct_origen_referencia,0.3371710944734513
438,pct_uso_pabellon,0.6462310898883321
438,pabellones_promedio,0.8349797048943163
438,tasa_partos,0.8349797048943163
438,tasa_prematurez,0.4702783988277701
438,cv_estancia,0.49195611599113964
438,pct_estancia_larga,0.3532214765273177
439,egresos_por_anio,0.5821516964030514
439,estancia_media,0.9139718768818174
439,estancia_mediana,0.7781854239683484
439,peso_medio_grd,0.2346443381924824
439,severidad_media,0.8333865319689316
439,mortalidad_media,0.9139718768818174
439,entropia_grd,0.7773117064800579
439,comorbilidades_promedio,0.9139718768818174
439,tasa_cma,0.32525776517292615
439,peso_medio_cma,0.7773117064800579
439,pct_pediatrico,0.24816294146919918
439,pct_geriatrico,0.27060976167307177
439,pct_femenino_fertil,0.9760715086746199
439,edad_mediana,0.33183968595936475
439,pct_urgencia,0.27060976167307177
439,pct_programada,0.40018822276362614
439,pct_obstetrica_ingreso,0.3049620268500596
439,pct_alta_domicilio,0.8649095803009722
439,pct_alta_fallecido,0.3173807465677325
439,pct_alta_traslado,0.7781854239683484
439,pct_origen_emergencia,0.29400892731741995
439,pct_origen_referencia,0.27060976167307177
439,pct_uso_pabellon,0.27060976167307177
439,pabellones_promedio,0.9760715086746199
439,tasa_partos,0.196335552251098
439,tasa_prematurez,0.8591107649355627
439,cv_estancia,0.5457236571221235
439,pct_estancia_larga,0.33183968595936475
440,egresos_por_anio,0.9393008198264202
440,estancia_media,0.9393008198264202
440,estancia_mediana,0.402515446482108
440,peso_medio_grd,0.7632259105515253
440,severidad_media,0.9393008198264202
440,mortalidad_media,0.9393008198264202
440,entropia_grd,0.9393008198264202
440,comorbilidades_promedio,0.3419021959621977
440,tasa_cma,0.3419021959621977
440,peso_medio_cma,0.9393008198264202
440,pct_pediatrico,0.06464699828322616
440,pct_geriatrico,0.9393008198264202
440,pct_femenino_fertil,0.9393008198264202
440,edad_mediana,0.000977611373212074
440,pct_urgencia,0.0016260950594881626
440,pct_programada,0.27262168450126356
440,pct_obstetrica_ingreso,0.9393008198264202
440,pct_alta_domicilio,0.8786415188152533
440,pct_alta_fallecido,0.9393008198264202
440,pct_alta_traslado,0.27262168450126356
440,pct_origen_emergencia,0.3419021959621977
440,pct_origen_referencia,0.0233019047567123
440,pct_uso_pabellon,0.5556607130319073
440,pabellones_promedio,0.9393008198264202
440,tasa_partos,0.5556607130319073
440,tasa_prematurez,0.3419021959621977
440,cv_estancia,0.7956973442578126
440,pct_estancia_larga,0.3419021959621977
441,egresos_por_anio,0.44884812988457146
441,estancia_media,0.8872308068079459
441,estancia_mediana,0.37748191239021167
441,peso_medio_grd,0.16755886640849804
441,severidad_media,0.16755886640849804
441,mortalidad_media,0.9291562506364691
441,entropia_grd,0.5836705411728067
441,comorbilidades_promedio,0.29243332806235434
441,tasa_cma,0.8872308068079459
441,peso_medio_cma,0.9479651375291437
441,pct_pediatrico,0.16755886640849804
441,pct_geriatrico,0.16755886640849804
441,pct_femenino_fertil,0.9833484290558266
441,edad_mediana,0.16755886640849804
441,pct_urgencia,0.44884812988457146
441,pct_programada,0.8872308068079459
441,pct_obstetrica_ingreso,0.9833484290558266
441,pct_alta_domicilio,0.547088512815131
441,pct_alta_fallecido,0.37748191239021167
441,pct_alta_traslado,0.0011125659759099159
441,pct_origen_emergencia,0.7028980919478267
441,pct_origen_referencia,0.5836705411728067
441,pct_uso_pabellon,0.44884812988457146
441,pabellones_promedio,0.8872308068079459
441,tasa_partos,0.44884812988457146
441,tasa_prematurez,0.7109297772241767
441,cv_estancia,0.19496013517346444
441,pct_estancia_larga,0.9833484290558266
442,egresos_por_anio,0.8262723261971192
442,estancia_media,0.7154974287479522
442,estancia_mediana,0.7154974287479522
442,peso_medio_grd,0.8882348062447567
442,severidad_media,0.7720344757878985
442,mortalidad_media,0.13274687494587184
442,entropia_grd,0.11294307833892776
442,comorbilidades_promedio,0.8262723261971192
442,tasa_cma,0.13274687494587184
442,peso_medio_cma,0.7720344757878985
442,pct_pediatrico,0.06573489756730741
442,pct_geriatrico,0.06573489756730741
442,pct_femenino_fertil,0.7720344757878985
442,edad_mediana,0.26943076944349714
442,pct_urgencia,0.06573489756730741
442,pct_programada,0.7720344757878985
442,pct_obstetrica_ingreso,0.5180288911072946
442,pct_alta_domicilio,0.7720344757878985
442,pct_alta_fallecido,0.26943076944349714
442,pct_alta_traslado,0.8262723261971192
442,pct_origen_emergencia,0.5166350629510279
442,pct_origen_referencia,0.13274687494587184
442,pct_uso_pabellon,0.8262723261971192
442,pabellones_promedio,0.5180288911072946
442,tasa_partos,0.7720344757878985
442,tasa_prematurez,0.7720344757878985
442,cv_estancia,0.8262723261971192
442,pct_estancia_larga,0.8885374314534574
443,egresos_por_anio,0.6830007578711765
443,estancia_media,0.9433185189767185
443,estancia_mediana,0.9253724334113858
443,peso_medio_grd,0.06746481815831348
443,severidad_media,0.9253724334113858
443,mortalidad_media,0.9253724334113858
443,entropia_grd,0.9253724334113858
443,comorbilidades_promedio,0.9272506874842693
443,tasa_cma,0.9428670982450715
443,peso_medio_cma,0.9253724334113858
443,pct_pediatrico,0.06746481815831348
443,pct_geriatrico,0.6830007578711765
443,pct_femenino_fertil,0.9253724334113858
443,edad_mediana,0.059627574119025584
443,pct_urgencia,0.9253724334113858
443,pct_programada,0.6815610375422478
443,pct_obstetrica_ingreso,0.9253724334113858
443,pct_alta_domicilio,0.9253724334113858
443,pct_alta_fallecido,0.9253724334113858
443,pct_alta_traslado,0.9272506874842693
443,pct_origen_emergencia,0.9253724334113858
443,pct_origen_referencia,0.9430029275607055
443,pct_uso_pabellon,0.9253724334113858
443,pabellones_promedio,0.9595600304322367
443,tasa_partos,0.9253724334113858
443,tasa_prematurez,0.9272506874842693
443,cv_estancia,0.9981173960006161
443,pct_estancia_larga,0.9272506874842693
444,egresos_por_anio,0.570164083591051
444,estancia_media,0.6213797746228994
444,estancia_mediana,0.5265017291982196
444,peso_medio_grd,0.5042824279250722
444,severidad_media,0.570164083591051
444,mortalidad_media,0.8471375770764177
444,entropia_grd,0.5265017291982196
444,comorbilidades_promedio,0.39608877329070935
444,tasa_cma,0.713018679927343
444,peso_medio_cma,0.34255796885064
444,pct_pediatrico,0.1014287041064684
444,pct_geriatrico,0.5265017291982196
444,pct_femenino_fertil,0.8471375770764177
444,edad_mediana,0.34255796885064
444,pct_urgencia,0.1014287041064684
444,pct_programada,0.547997087523269
444,pct_obstetrica_ingreso,0.7972781655783487
444,pct_alta_domicilio,0.7972781655783487
444,pct_alta_fallecido,0.570164083591051
444,pct_alta_traslado,0.7972781655783487
444,pct_origen_emergencia,0.5564409259737836
444,pct_origen_referencia,0.5042824279250722
444,pct_uso_pabellon,0.39608877329070935
444,pabellones_promedio,0.5265017291982196
444,tasa_partos,0.570164083591051
444,tasa_prematurez,0.5564409259737836
444,cv_estancia,0.8471375770764177
444,pct_estancia_larga,0.5770780124907333
445,egresos_por_anio,0.9573518754885182
445,estancia_media,0.9757804906777157
445,estancia_mediana,0.3604051863019716
445,peso_medio_grd,0.9623390734650381
445,severidad_media,0.619213817290664
445,mortalidad_media,0.8055279466336772
445,entropia_grd,0.619213817290664
445,comorbilidades_promedio,0.619213817290664
445,tasa_cma,0.6360663903352171
445,peso_medio_cma,0.619213817290664
445,pct_pediatrico,0.11226974851433409
445,pct_geriatrico,0.4941493800570821
445,pct_femenino_fertil,0.25343268471293984
445,edad_mediana,0.10317294956395714
445,pct_urgencia,0.4795323365698699
445,pct_programada,0.10317294956395714
445,pct_obstetrica_ingreso,0.619213817290664
445,pct_alta_domicilio,0.4337769530803656
445,pct_alta_fallecido,0.661143707068517
445,pct_alta_traslado,0.661143707068517
445,pct_origen_emergencia,0.4941493800570821
445,pct_origen_referencia,0.4337769530803656
445,pct_uso_pabellon,0.4795323365698699
445,pabellones_promedio,0.4795323365698699
445,tasa_partos,0.619213817290664
445,tasa_prematurez,0.24891032683825612
445,cv_estancia,0.2418808547860009
445,pct_estancia_larga,0.9573518754885182
446,egresos_por_anio,0.49769868316453997
446,estancia_media,0.47470395624404205
446,estancia_mediana,0.8630489197573779
446,peso_medio_grd,0.12514298633294896
446,severidad_media,0.47470395624404205
446,mortalidad_media,0.5103791258941391
446,entropia_grd,0.47470395624404205
446,comorbilidades_promedio,0.47470395624404205
446,tasa_cma,0.47470395624404205
446,peso_medio_cma,0.5169656501190063
446,pct_pediatrico,0.16145979390825071
446,pct_geriatrico,0.16145979390825071
446,pct_femenino_fertil,0.32164990913649294
446,edad_mediana,0.47470395624404205
446,pct_urgencia,0.18896319466801384
446,pct_programada,0.32164990913649294
446,pct_obstetrica_ingreso,0.18896319466801384
446,pct_alta_domicilio,0.32164990913649294
446,pct_alta_fallecido,0.16145979390825071
446,pct_alta_traslado,0.3413615491270863
446,pct_origen_emergencia,0.91669275059747
446,pct_origen_referencia,0.32164990913649294
446,pct_uso_pabellon,0.16145979390825071
446,pabellones_promedio,0.47470395624404205
446,tasa_partos,0.5021410684775801
446,tasa_prematurez,0.551820203557678
446,cv_estancia,0.8630489197573779
446,pct_estancia_larga,0.47470395624404205
447,egresos_por_anio,0.8879881831618784
447,estancia_media,0.3676543797171698
447,estancia_mediana,0.6550629349189727
447,peso_medio_grd,0.5930049806263537
447,severidad_media,0.31338142402371505
447,mortalidad_media,0.5930049806263537
447,entropia_grd,0.5930049806263537
447,comorbilidades_promedio,0.8879881831618784
447,tasa_cma,0.5502632837467349
447,peso_medio_cma,0.6550629349189727
447,pct_pediatrico,0.2158441971366902
447,pct_geriatrico,0.5502632837467349
447,pct_femenino_fertil,0.5502632837467349
447,edad_mediana,0.120907322930225
447,pct_urgencia,0.8523610428966799
447,pct_programada,0.3676543797171698
447,pct_obstetrica_ingreso,0.4700700145279891
447,pct_alta_domicilio,0.6550629349189727
447,pct_alta_fallecido,0.2158441971366902
447,pct_alta_traslado,0.5502632837467349
447,pct_origen_emergencia,0.2158441971366902
447,pct_origen_referencia,0.5502632837467349
447,pct_uso_pabellon,0.5502632837467349
447,pabellones_promedio,0.6550629349189727
447,tasa_partos,0.4700700145279891
447,tasa_prematurez,0.24832421133065466
447,cv_estancia,0.636382886503309
447,pct_estancia_larga,0.7407816074295261
448,egresos_por_anio,0.7687023000464931
448,estancia_media,0.4133362732785
448,estancia_mediana,0.7687023000464931
448,peso_medio_grd,0.33973130814465236
448,severidad_media,0.9015157913220989
448,mortalidad_media,0.7199276511083752
448,entropia_grd,0.55770204672929
448,comorbilidades_promedio,0.7687023000464931
448,tasa_cma,0.509284984799715
448,peso_medio_cma,0.33973130814465236
448,pct_pediatrico,0.19362067141031722
448,pct_geriatrico,0.33973130814465236
448,pct_femenino_fertil,0.4133362732785
448,edad_mediana,0.33973130814465236
448,pct_urgencia,0.2164891718496388
448,pct_programada,0.4133362732785
448,pct_obstetrica_ingreso,0.33973130814465236
448,pct_alta_domicilio,0.7901509019334609
448,pct_alta_fallecido,0.5912098186374762
448,pct_alta_traslado,0.7687023000464931
448,pct_origen_emergencia,0.2164891718496388
448,pct_origen_referencia,0.2164891718496388
448,pct_uso_pabellon,0.4133362732785
448,pabellones_promedio,0.6277756491365406
448,tasa_partos,0.7901509019334609
448,tasa_prematurez,0.33973130814465236
448,cv_estancia,0.7653285384802476
448,pct_estancia_larga,0.7653285384802476
449,egresos_por_anio,0.6076470980879507
449,estancia_media,0.03156654653944911
449,estancia_mediana,0.3347166565429253
449,peso_medio_grd,0.8144731031975273
449,severidad_media,0.32785947596109255
449,mortalidad_media,0.6997583970777866
449,entropia_grd,0.2006249583509406
449,comorbilidades_promedio,0.7921361360359055
449,tasa_cma,0.7921361360359055
449,peso_medio_cma,0.18522715427535272
449,pct_pediatrico,0.16292401137198606
449,pct_geriatrico,0.16292401137198606
449,pct_femenino_fertil,0.07993727024166032
449,edad_mediana,0.2006249583509406
449,pct_urgencia,0.005601712854393405
449,pct_programada,0.46843469327303383
449,pct_obstetrica_ingreso,0.4103110038059658
449,pct_alta_domicilio,0.8754742248332071
449,pct_alta_fallecido,0.5141014840033745
449,pct_alta_traslado,0.4103110038059658
449,pct_origen_emergencia,0.2798536360308192
449,pct_origen_referencia,0.6076470980879507
449,pct_uso_pabellon,0.5141014840033745
449,pabellones_promedio,0.3599322507968587
449,tasa_partos,0.46843469327303383
449,tasa_prematurez,0.788195193673945
449,cv_estancia,0.2006249583509406
449,pct_estancia_larga,0.3599322507968587
450,egresos_por_anio,0.5654804592941195
450,estancia_media,0.5654804592941195
450,estancia_mediana,0.7938091208194646
450,peso_medio_grd,0.42098694727262803
450,severidad_media,0.8515457227716261
450,mortalidad_media,0.41880548325785283
450,entropia_grd,0.41880548325785283
450,comorbilidades_promedio,0.7938091208194646
450,tasa_cma,0.08388266975427096
450,peso_medio_cma,0.42098694727262803
450,pct_pediatrico,0.03989195402880642
450,pct_geriatrico,0.08388266975427096
450,pct_femenino_fertil,0.7206737380256167
450,edad_mediana,0.5654804592941195
450,pct_urgencia,0.03989195402880642
450,pct_programada,0.41880548325785283
450,pct_obstetrica_ingreso,0.7271226707243391
450,pct_alta_domicilio,0.42098694727262803
450,pct_alta_fallecido,0.5654804592941195
450,pct_alta_traslado,0.41880548325785283
450,pct_origen_emergencia,0.6467153520542405
450,pct_origen_referencia,0.7271226707243391
450,pct_uso_pabellon,0.6404046002962257
450,pabellones_promedio,0.08388266975427096
450,tasa_partos,0.5654804592941195
450,tasa_prematurez,0.6467153520542405
450,cv_estancia,0.5654804592941195
450,pct_estancia_larga,0.41880548325785283
451,egresos_por_anio,0.16379254186230702
451,estancia_media,0.4517124395687841
451,estancia_mediana,0.6042917877731436
451,peso_medio_grd,0.9898341746452286
451,severidad_media,0.6847112911632837
451,mortalidad_media,0.9898341746452286
451,entropia_grd,0.4517124395687841
451,comorbilidades_promedio,0.4517124395687841
451,tasa_cma,0.4517124395687841
451,peso_medio_cma,0.32576292475680874
451,pct_pediatrico,0.16379254186230702
451,pct_geriatrico,0.582472828215921
451,pct_femenino_fertil,0.5956900431505427
451,edad_mediana,0.1197702449612441
451,pct_urgencia,0.24983906930274066
451,pct_programada,0.0005757429850099944
451,pct_obstetrica_ingreso,0.16379254186230702
451,pct_alta_domicilio,0.4517124395687841
451,pct_alta_fallecido,0.5660417425508768
451,pct_alta_traslado,0.6578759454412978
451,pct_origen_emergencia,0.582472828215921
451,pct_origen_referencia,0.16379254186230702
451,pct_uso_pabellon,0.5660417425508768
451,pabellones_promedio,0.16379254186230702
451,tasa_partos,0.4517124395687841
451,tasa_prematurez,0.16379254186230702
451,cv_estancia,0.27833776449477254
451,pct_estancia_larga,0.9326857124711904
452,egresos_por_anio,0.7921957574669395
452,estancia_media,0.5372376672142449
452,estancia_mediana,0.02456283605609219
452,peso_medio_grd,0.016597227308290146
452,severidad_media,0.78225231243231
452,mortalidad_media,0.18220796814440945
452,entropia_grd,0.8217745471403067
452,comorbilidades_promedio,0.34952612004408473
452,tasa_cma,0.8057930190109931
452,peso_medio_cma,0.8217745471403067
452,pct_pediatrico,0.11917413606011949
452,pct_geriatrico,0.02456283605609219
452,pct_femenino_fertil,0.2087360972702243
452,edad_mediana,0.04364367703642664
452,pct_urgencia,0.3449664774383805
452,pct_programada,0.5372376672142449
452,pct_obstetrica_ingreso,0.45925804400533793
452,pct_alta_domicilio,0.02456283605609219
452,pct_alta_fallecido,0.5372376672142449
452,pct_alta_traslado,0.926275741669758
452,pct_origen_emergencia,0.78225231243231
452,pct_origen_referencia,0.5372376672142449
452,pct_uso_pabellon,0.8288169220695025
452,pabellones_promedio,0.5372376672142449
452,tasa_partos,0.17845757650804245
452,tasa_prematurez,0.8217745471403067
452,cv_estancia,0.4955848952287043
452,pct_estancia_larga,0.7921957574669395
453,egresos_por_anio,0.8999140973097798
453,estancia_media,0.5137121251509876
453,estancia_mediana,0.8381521796846806
453,peso_medio_grd,0.19184752744151196
453,severidad_media,0.34706813706575773
453,mortalidad_media,0.977748692555451
453,entropia_grd,0.8999140973097798
453,comorbilidades_promedio,0.5994132123020405
453,tasa_cma,0.7758798102013701
453,peso_medio_cma,0.7843237449932201
453,pct_pediatrico,0.19184752744151196
453,pct_geriatrico,0.3715272474961419
453,pct_femenino_fertil,0.5751395889393158
453,edad_mediana,0.19184752744151196
453,pct_urgencia,0.33995218821904283
453,pct_programada,0.33995218821904283
453,pct_obstetrica_ingreso,0.8999140973097798
453,pct_alta_domicilio,0.33995218821904283
453,pct_alta_fallecido,0.33995218821904283
453,pct_alta_traslado,0.3715272474961419
453,pct_origen_emergencia,0.3423382695751917
453,pct_origen_referencia,0.4559543826975461
453,pct_uso_pabellon,0.3715272474961419
453,pabellones_promedio,0.3715272474961419
453,tasa_partos,0.4559543826975461
453,tasa_prematurez,0.8999140973097798
453,cv_estancia,0.7490668097073854
453,pct_estancia_larga,0.4559543826975461
454,egresos_por_anio,0.940134554191137
454,estancia_media,0.7128817406076651
454,estancia_mediana,0.25646885829211824
454,peso_medio_grd,0.7098687985189195
454,severidad_media,0.22230695266385742
454,mortalidad_media,0.22230695266385742
454,entropia_grd,0.7128817406076651
454,comorbilidades_promedio,0.7098687985189195
454,tasa_cma,0.04025084723562848
454,peso_medio_cma,0.940134554191137
454,pct_pediatrico,0.028542025450882736
454,pct_geriatrico,0.026208701103595557
454,pct_femenino_fertil,0.22230695266385742
454,edad_mediana,0.22230695266385742
454,pct_urgencia,0.9838982162161881
454,pct_programada,0.22230695266385742
454,pct_obstetrica_ingreso,0.2608986791376129
454,pct_alta_domicilio,0.2608986791376129
454,pct_alta_fallecido,0.10272213035475225
454,pct_alta_traslado,0.028542025450882736
454,pct_origen_emergencia,0.08468447696933418
454,pct_origen_referencia,0.7098687985189195
454,pct_uso_pabellon,0.7098687985189195
454,pabellones_promedio,0.6982981896863748
454,tasa_partos,0.7098687985189195
454,tasa_prematurez,0.9702361833953711
454,cv_estancia,0.940134554191137
454,pct_estancia_larga,0.940134554191137
455,egresos_por_anio,0.95187907167985
455,estancia_media,0.95187907167985
455,estancia_mediana,0.7558638834526803
455,peso_medio_grd,0.95187907167985
455,severidad_media,0.6889024612838918
455,mortalidad_media,0.8079788826879664
455,entropia_grd,0.6889024612838918
455,comorbilidades_promedio,0.8363311810949747
455,tasa_cma,0.22574998548045425
455,peso_medio_cma,0.5407644316723976
455,pct_pediatrico,0.22574998548045425
455,pct_geriatrico,0.37704757458420546
455,pct_femenino_fertil,0.5495272171819351
455,edad_mediana,0.22574998548045425
455,pct_urgencia,0.30880126500493804
455,pct_programada,0.8974276835553754
455,pct_obstetrica_ingreso,0.7429535813923519
455,pct_alta_domicilio,0.8079788826879664
455,pct_alta_fallecido,0.6889024612838918
455,pct_alta_traslado,0.8974276835553754
455,pct_origen_emergencia,0.8974276835553754
455,pct_origen_referencia,0.8079788826879664
455,pct_uso_pabellon,0.8974276835553754
455,pabellones_promedio,0.6889024612838918
455,tasa_partos,0.95187907167985
455,tasa_prematurez,0.7406324748419374
455,cv_estancia,0.6889024612838918
455,pct_estancia_larga,0.37704757458420546
456,egresos_por_anio,0.3963342800398828
456,estancia_media,0.3963342800398828
456,estancia_mediana,0.8788960399939054
456,peso_medio_grd,0.10316528446037841
456,severidad_media,0.9543184910632411
456,mortalidad_media,0.7330354342722459
456,entropia_grd,0.4806705870610224
456,comorbilidades_promedio,0.3963342800398828
456,tasa_cma,0.3963342800398828
456,peso_medio_cma,0.10277590241864085
456,pct_pediatrico,0.10316528446037841
456,pct_geriatrico,0.10316528446037841
456,pct_femenino_fertil,0.2643999284545782
456,edad_mediana,0.19538621447068927
456,pct_urgencia,0.4806705870610224
456,pct_programada,0.2643999284545782
456,pct_obstetrica_ingreso,0.10316528446037841
456,pct_alta_domicilio,0.3963342800398828
456,pct_alta_fallecido,0.2643999284545782
456,pct_alta_traslado,0.9543184910632411
456,pct_origen_emergencia,0.2643999284545782
456,pct_origen_referencia,0.2643999284545782
456,pct_uso_pabellon,0.5853088113603092
456,pabellones_promedio,0.8072660610855759
456,tasa_partos,0.3963342800398828
456,tasa_prematurez,0.3963342800398828
456,cv_estancia,0.10025118975172145
456,pct_estancia_larga,0.8759438078947567
457,egresos_por_anio,0.5534668889854081
457,estancia_media,0.5534668889854081
457,estancia_mediana,0.5722864116334659
457,peso_medio_grd,0.6761297948566609
457,severidad_media,0.9149439002031948
457,mortalidad_media,0.6042701740374196
457,entropia_grd,0.755664328021737
457,comorbilidades_promedio,0.5534668889854081
457,tasa_cma,0.5534668889854081
457,peso_medio_cma,0.6042701740374196
457,pct_pediatrico,0.1860386354727125
457,pct_geriatrico,0.03353354867894968
457,pct_femenino_fertil,0.5534668889854081
457,edad_mediana,0.1860386354727125
457,pct_urgencia,0.9149439002031948
457,pct_programada,0.5722864116334659
457,pct_obstetrica_ingreso,0.9149439002031948
457,pct_alta_domicilio,0.5534668889854081
457,pct_alta_fallecido,0.5534668889854081
457,pct_alta_traslado,0.5534668889854081
457,pct_origen_emergencia,0.5534668889854081
457,pct_origen_referencia,0.5534668889854081
457,pct_uso_pabellon,0.5722864116334659
457,pabellones_promedio,0.5534668889854081
457,tasa_partos,0.5534668889854081
457,tasa_prematurez,0.5722864116334659
457,cv_estancia,0.6761297948566609
457,pct_estancia_larga,0.9149439002031948
458,egresos_por_anio,0.08962182045540762
458,estancia_media,0.35117977307966586
458,estancia_mediana,0.8355556232566693
458,peso_medio_grd,0.03701673621485508
458,severidad_media,0.08962182045540762
458,mortalidad_media,0.08962182045540762
458,entropia_grd,0.6656211737982792
458,comorbilidades_promedio,0.7036975313111423
458,tasa_cma,0.5567894538821956
458,peso_medio_cma,0.7036975313111423
458,pct_pediatrico,0.08962182045540762
458,pct_geriatrico,0.001146257372809608
458,pct_femenino_fertil,0.513647964676428
458,edad_mediana,0.513647964676428
458,pct_urgencia,0.7036975313111423
458,pct_programada,0.08962182045540762
458,pct_obstetrica_ingreso,0.04281540437921093
458,pct_alta_domicilio,0.7036975313111423
458,pct_alta_fallecido,0.5567894538821956
458,pct_alta_traslado,0.513647964676428
458,pct_origen_emergencia,0.513647964676428
458,pct_origen_referencia,0.08962182045540762
458,pct_uso_pabellon,0.08962182045540762
458,pabellones_promedio,0.5567894538821956
458,tasa_partos,0.08962182045540762
458,tasa_prematurez,0.513647964676428
458,cv_estancia,0.5982242924986327
458,pct_estancia_larga,0.5375050117583533
459,egresos_por_anio,0.41769252771773363
459,estancia_media,0.10145489379553421
459,estancia_mediana,0.49860966493476994
459,peso_medio_grd,0.11357680973871466
459,severidad_media,0.33287061828180736
459,mortalidad_media,0.49860966493476994
459,entropia_grd,0.03640169329063917
459,comorbilidades_promedio,0.8121602011349678
459,tasa_cma,0.10174697677312973
459,peso_medio_cma,0.8121602011349678
459,pct_pediatrico,0.10145489379553421
459,pct_geriatrico,0.239350249166312
459,pct_femenino_fertil,0.1855038748568014
459,edad_mediana,0.03640169329063917
459,pct_urgencia,0.1855038748568014
459,pct_programada,0.2800707367680826
459,pct_obstetrica_ingreso,0.8121602011349678
459,pct_alta_domicilio,0.8121602011349678
459,pct_alta_fallecido,0.1855038748568014
459,pct_alta_traslado,0.1855038748568014
459,pct_origen_emergencia,0.1855038748568014
459,pct_origen_referencia,0.16752005860911573
459,pct_uso_pabellon,0.03640169329063917
459,pabellones_promedio,0.8121602011349678
459,tasa_partos,0.1351945655477723
459,tasa_prematurez,0.33287061828180736
459,cv_estancia,0.33287061828180736
459,pct_estancia_larga,0.3290894454625683
460,egresos_por_anio,0.2417688816482642
460,estancia_media,0.2689037158908314
460,estancia_mediana,0.2689037158908314
460,peso_medio_grd,0.19671689005108603
460,severidad_media,0.963094827820374
460,mortalidad_media,0.6073516855431638
460,entropia_grd,0.3563930270722499
460,comorbilidades_promedio,0.29747516682716535
460,tasa_cma,0.5393110439119042
460,peso_medio_cma,0.43552410619685245
460,pct_pediatrico,0.18080687010820773
460,pct_geriatrico,0.43552410619685245
460,pct_femenino_fertil,0.0272249577514821
460,edad_mediana,0.18080687010820773
460,pct_urgencia,0.45404189222827984
460,pct_programada,0.30010046233278925
460,pct_obstetrica_ingreso,0.8269872841384859
460,pct_alta_domicilio,0.8952951336520527
460,pct_alta_fallecido,0.5393110439119042
460,pct_alta_traslado,0.724338754347657
460,pct_origen_emergencia,0.4381743367109206
460,pct_origen_referencia,0.30010046233278925
460,pct_uso_pabellon,0.13544182910455185
460,pabellones_promedio,0.8269872841384859
460,tasa_partos,0.7490587078525887
460,tasa_prematurez,0.8952951336520527
460,cv_estancia,0.6486760434064923
460,pct_estancia_larga,0.8883281031635725
461,egresos_por_anio,0.9107794116552337
461,estancia_media,0.576656978576077
461,estancia_mediana,0.7357395437813697
461,peso_medio_grd,0.8831882684601633
461,severidad_media,0.6914870633234202
461,mortalidad_media,0.7221407841833041
461,entropia_grd,0.8831882684601633
461,comorbilidades_promedio,0.8831882684601633
461,tasa_cma,0.10377593954478286
461,peso_medio_cma,0.9062704022972152
461,pct_pediatrico,0.11537149456864766
461,pct_geriatrico,0.10377593954478286
461,pct_femenino_fertil,0.6914870633234202
461,edad_mediana,0.1688806184364162
461,pct_urgencia,0.10377593954478286
461,pct_programada,0.3215201618648835
461,pct_obstetrica_ingreso,0.8831882684601633
461,pct_alta_domicilio,0.9062704022972152
461,pct_alta_fallecido,0.3779885450163459
461,pct_alta_traslado,0.6914870633234202
461,pct_origen_emergencia,0.9062704022972152
461,pct_origen_referencia,0.6914870633234202
461,pct_uso_pabellon,0.6636970760949498
461,pabellones_promedio,0.9062704022972152
461,tasa_partos,0.03767514563462367
461,tasa_prematurez,0.9107794116552337
461,cv_estancia,0.8831882684601633
461,pct_estancia_larga,0.6914870633234202
462,egresos_por_anio,0.6576799884067432
462,estancia_media,0.7503911647318159
462,estancia_mediana,0.6393111176479483
462,peso_medio_grd,0.857726356548361
462,severidad_media,0.2964956213532941
462,mortalidad_media,0.8731687188907955
462,entropia_grd,0.2964956213532941
462,comorbilidades_promedio,0.6419271265828685
462,tasa_cma,0.04993387499711754
462,peso_medio_cma,0.17378324748396798
462,pct_pediatrico,0.17378324748396798
462,pct_geriatrico,0.17378324748396798
462,pct_femenino_fertil,0.30558601225734155
462,edad_mediana,0.17378324748396798
462,pct_urgencia,0.17378324748396798
462,pct_programada,0.5006962882697079
462,pct_obstetrica_ingreso,0.7503911647318159
462,pct_alta_domicilio,0.04993387499711754
462,pct_alta_fallecido,0.2964956213532941
462,pct_alta_traslado,0.6576799884067432
462,pct_origen_emergencia,0.6576799884067432
462,pct_origen_referencia,0.17378324748396798
462,pct_uso_pabellon,0.17378324748396798
462,pabellones_promedio,0.8190333241368993
462,tasa_partos,0.7503911647318159
462,tasa_prematurez,0.2964956213532941
462,cv_estancia,0.30558601225734155
462,pct_estancia_larga,0.6393111176479483
463,egresos_por_anio,0.9942792710303052
463,estancia_media,0.9881946107660419
463,estancia_mediana,0.22672423080632967
463,peso_medio_grd,0.6129389290765943
463,severidad_media,0.6129389290765943
463,mortalidad_media,0.6129389290765943
463,entropia_grd,0.4631885350374741
463,comorbilidades_promedio,0.47372097929460805
463,tasa_cma,0.9462000513287275
463,peso_medio_cma,0.6129389290765943
463,pct_pediatrico,0.20792635136498602
463,pct_geriatrico,0.9942792710303052
463,pct_femenino_fertil,0.35546905402061313
463,edad_mediana,0.02181836762667295
463,pct_urgencia,0.4676069559284384
463,pct_programada,0.0022747168702227667
463,pct_obstetrica_ingreso,0.35546905402061313
463,pct_alta_domicilio,0.7769317414529129
463,pct_alta_fallecido,0.9881946107660419
463,pct_alta_traslado,0.7277601826166717
463,pct_origen_emergencia,0.3668695572134088
463,pct_origen_referencia,0.6129389290765943
463,pct_uso_pabellon,0.1307737643081724
463,pabellones_promedio,0.6129389290765943
463,tasa_partos,0.27824628710787114
463,tasa_prematurez,0.9881946107660419
463,cv_estancia,0.9881946107660419
463,pct_estancia_larga,0.9881946107660419
464,egresos_por_anio,0.6578971866653485
464,estancia_media,0.6578971866653485
464,estancia_mediana,0.806952763634
464,peso_medio_grd,0.7542364690600921
464,severidad_media,0.9269520059800498
464,mortalidad_media,0.5838549350876482
464,entropia_grd,0.6578971866653485
464,comorbilidades_promedio,0.7900477828896717
464,tasa_cma,0.5894198700068399
464,peso_medio_cma,0.8526976999513918
464,pct_pediatrico,0.2616860516006426
464,pct_geriatrico,0.9269520059800498
464,pct_femenino_fertil,0.5894198700068399
464,edad_mediana,0.2616860516006426
464,pct_urgencia,0.6578971866653485
464,pct_programada,0.9958759697550301
464,pct_obstetrica_ingreso,0.6578971866653485
464,pct_alta_domicilio,0.6283165430640822
464,pct_alta_fallecido,0.6578971866653485
464,pct_alta_traslado,0.8626441319512592
464,pct_origen_emergencia,0.5894198700068399
464,pct_origen_referencia,0.44124155047601565
464,pct_uso_pabellon,0.6578971866653485
464,pabellones_promedio,0.9269520059800498
464,tasa_partos,0.6578971866653485
464,tasa_prematurez,0.5200742377719171
464,cv_estancia,0.5054373099319295
464,pct_estancia_larga,0.731168841085861
465,egresos_por_anio,0.36669777104093804
465,estancia_media,0.36669777104093804
465,estancia_mediana,0.7321376146930034
465,peso_medio_grd,0.365607779794978
465,severidad_media,0.49201044049130155
465,mortalidad_media,0.8634975832308635
465,entropia_grd,0.49201044049130155
465,comorbilidades_promedio,0.1334512418238193
465,tasa_cma,0.2626331951254714
465,peso_medio_cma,0.1334512418238193
465,pct_pediatrico,0.11207330370670641
465,pct_geriatrico,0.1334512418238193
465,pct_femenino_fertil,0.365607779794978
465,edad_mediana,0.11207330370670641
465,pct_urgencia,0.1334512418238193
465,pct_programada,0.03367922087561755
465,pct_obstetrica_ingreso,0.8634975832308635
465,pct_alta_domicilio,0.1334512418238193
465,pct_alta_fallecido,0.36669777104093804
465,pct_alta_traslado,0.8634975832308635
465,pct_origen_emergencia,0.8285617848365167
465,pct_origen_referencia,0.8634975832308635
465,pct_uso_pabellon,0.5211441059046115
465,pabellones_promedio,0.9967871674385789
465,tasa_partos,0.49201044049130155
465,tasa_prematurez,0.5211441059046115
465,cv_estancia,0.09922661158085161
465,pct_estancia_larga,0.3777831956707919
466,egresos_por_anio,0.9605702084439287
466,estancia_media,0.418302985161216
466,estancia_mediana,0.418302985161216
466,peso_medio_grd,0.8426340515152885
466,severidad_media,0.278476144152447
466,mortalidad_media,0.5809178404830125
466,entropia_grd,0.278476144152447
466,comorbilidades_promedio,0.6746518124870692
466,tasa_cma,0.15697407366133803
466,peso_medio_cma,0.5395157588223076
466,pct_pediatrico,0.19176479521081527
466,pct_geriatrico,0.418302985161216
466,pct_femenino_fertil,0.278476144152447
466,edad_mediana,0.19176479521081527
466,pct_urgencia,0.418302985161216
466,pct_programada,0.278476144152447
466,pct_obstetrica_ingreso,0.9605702084439287
466,pct_alta_domicilio,0.8426340515152885
466,pct_alta_fallecido,0.278476144152447
466,pct_alta_traslado,0.5395157588223076
466,pct_origen_emergencia,0.278476144152447
466,pct_origen_referencia,0.9605702084439287
466,pct_uso_pabellon,0.9564336833434535
466,pabellones_promedio,0.40364011002841294
466,tasa_partos,0.278476144152447
466,tasa_prematurez,0.5416613967323941
466,cv_estancia,0.8426340515152885
466,pct_estancia_larga,0.8426340515152885
467,egresos_por_anio,0.5495534153945995
467,estancia_media,0.42299452755979455
467,estancia_mediana,0.8464203923449548
467,peso_medio_grd,0.6198727302084754
467,severidad_media,0.42299452755979455
467,mortalidad_media,0.9694364636112224
467,entropia_grd,0.3193114764643469
467,comorbilidades_promedio,0.6198727302084754
467,tasa_cma,0.6198727302084754
467,peso_medio_cma,0.17583426490443757
467,pct_pediatrico,0.06996956394139243
467,pct_geriatrico,0.032423308270169184
467,pct_femenino_fertil,0.5495534153945995
467,edad_mediana,0.9694364636112224
467,pct_urgencia,0.8464203923449548
467,pct_programada,0.17583426490443757
467,pct_obstetrica_ingreso,0.8464203923449548
467,pct_alta_domicilio,0.5752338797451116
467,pct_alta_fallecido,0.42299452755979455
467,pct_alta_traslado,0.032423308270169184
467,pct_origen_emergencia,0.8464203923449548
467,pct_origen_referencia,0.17583426490443757
467,pct_uso_pabellon,0.42299452755979455
467,pabellones_promedio,0.8464203923449548
467,tasa_partos,0.3193114764643469
467,tasa_prematurez,0.4321803571956517
467,cv_estancia,0.5495534153945995
467,pct_estancia_larga,0.42299452755979455
468,egresos_por_anio,0.16724337996430724
468,estancia_media,0.5974050451411386
468,estancia_mediana,0.7588535251019314
468,peso_medio_grd,0.16724337996430724
468,severidad_media,0.6133255509983637
468,mortalidad_media,0.16724337996430724
468,entropia_grd,0.24445220171830043
468,comorbilidades_promedio,0.6208531386928183
468,tasa_cma,0.6133255509983637
468,peso_medio_cma,0.6359903086045379
468,pct_pediatrico,0.06297586393614127
468,pct_geriatrico,0.8281966600756129
468,pct_femenino_fertil,0.28217163736921885
468,edad_mediana,0.09543367767403767
468,pct_urgencia,0.16724337996430724
468,pct_programada,0.24445220171830043
468,pct_obstetrica_ingreso,0.5974050451411386
468,pct_alta_domicilio,0.09543367767403767
468,pct_alta_fallecido,0.4116658915848211
468,pct_alta_traslado,0.21771979673427916
468,pct_origen_emergencia,0.782203283128937
468,pct_origen_referencia,0.2777848291841578
468,pct_uso_pabellon,0.24445220171830043
468,pabellones_promedio,0.09543367767403767
468,tasa_partos,0.7497024006514484
468,tasa_prematurez,0.8154508080543776
468,cv_estancia,0.24445220171830043
468,pct_estancia_larga,0.6359903086045379
469,egresos_por_anio,0.6893047441577799
469,estancia_media,0.7946110023864383
469,estancia_mediana,0.7946110023864383
469,peso_medio_grd,0.3250767036448587
469,severidad_media,0.16130730173393606
469,mortalidad_media,0.455933033000173
469,entropia_grd,0.22000419067241248
469,comorbilidades_promedio,0.6893047441577799
469,tasa_cma,0.23959698968596657
469,peso_medio_cma,0.6893047441577799
469,pct_pediatrico,0.030166113419178596
469,pct_geriatrico,0.16130730173393606
469,pct_femenino_fertil,0.013309826096369605
469,edad_mediana,0.015390725711561677
469,pct_urgencia,0.013309826096369605
469,pct_programada,0.455933033000173
469,pct_obstetrica_ingreso,0.3250767036448587
469,pct_alta_domicilio,0.3250767036448587
469,pct_alta_fallecido,0.2502973885435518
469,pct_alta_traslado,0.16130730173393606
469,pct_origen_emergencia,0.3250767036448587
469,pct_origen_referencia,0.033725504588406535
469,pct_uso_pabellon,0.8366704555477565
469,pabellones_promedio,0.8366704555477565
469,tasa_partos,0.5353503761442322
469,tasa_prematurez,0.8366704555477565
469,cv_estancia,0.455933033000173
469,pct_estancia_larga,0.3250767036448587
470,egresos_por_anio,0.4609510582125073
470,estancia_media,0.9370400360586171
470,estancia_mediana,0.9370400360586171
470,peso_medio_grd,0.6727385308876238
470,severidad_media,0.5976409195719727
470,mortalidad_media,0.7705567085217112
470,entropia_grd,0.30635170685260865
470,comorbilidades_promedio,0.4609510582125073
470,tasa_cma,0.9370400360586171
470,peso_medio_cma,0.30635170685260865
470,pct_pediatrico,0.07521254445964339
470,pct_geriatrico,0.19722077260310844
470,pct_femenino_fertil,0.03533740897554741
470,edad_mediana,0.30635170685260865
470,pct_urgencia,0.30635170685260865
470,pct_programada,0.9370400360586171
470,pct_obstetrica_ingreso,0.7705567085217112
470,pct_alta_domicilio,0.4494698992182418
470,pct_alta_fallecido,0.19960094619899296
470,pct_alta_traslado,0.813471792405211
470,pct_origen_emergencia,0.8105885216088884
470,pct_origen_referencia,0.979506397424718
470,pct_uso_pabellon,0.13343796596518795
470,pabellones_promedio,0.4609510582125073
470,tasa_partos,0.6727385308876238
470,tasa_prematurez,0.4494698992182418
470,cv_estancia,0.7387821040697096
470,pct_estancia_larga,0.30635170685260865
471,egresos_por_anio,0.5909521134648175
471,estancia_media,0.05900062203189976
471,estancia_mediana,0.4360246738086954
471,peso_medio_grd,0.4484616900251882
471,severidad_media,0.8046908964421283
471,mortalidad_media,0.28827006902149155
471,entropia_grd,0.8046908964421283
471,comorbilidades_promedio,0.8046908964421283
471,tasa_cma,0.6870247524889146
471,peso_medio_cma,0.4484616900251882
471,pct_pediatrico,0.05900062203189976
471,pct_geriatrico,0.48155917584959745
471,pct_femenino_fertil,0.04630338305976058
471,edad_mediana,0.14389700986164675
471,pct_urgencia,0.13944159910320522
471,pct_programada,0.5909521134648175
471,pct_obstetrica_ingreso,0.5909521134648175
471,pct_alta_domicilio,0.8046908964421283
471,pct_alta_fallecido,0.8046908964421283
471,pct_alta_traslado,0.4484616900251882
471,pct_origen_emergencia,0.4484616900251882
471,pct_origen_referencia,0.8046908964421283
471,pct_uso_pabellon,0.6870247524889146
471,pabellones_promedio,0.6870247524889146
471,tasa_partos,0.4484616900251882
471,tasa_prematurez,0.5956105693377552
471,cv_estancia,0.4484616900251882
471,pct_estancia_larga,0.4484616900251882
472,egresos_por_anio,0.7924426390066345
472,estancia_media,0.6721168215369837
472,estancia_mediana,0.5971464334525398
472,peso_medio_grd,0.4751959896377191
472,severidad_media,0.4677434943056526
472,mortalidad_media,0.5971464334525398
472,entropia_grd,0.3606829225473665
472,comorbilidades_promedio,0.12424506691085746
472,tasa_cma,0.6721168215369837
472,peso_medio_cma,0.5492915480285411
472,pct_pediatrico,0.0359038133628748
472,pct_geriatrico,0.2229172956775444
472,pct_femenino_fertil,0.12424506691085746
472,edad_mediana,0.5971464334525398
472,pct_urgencia,0.6721168215369837
472,pct_programada,0.5492915480285411
472,pct_obstetrica_ingreso,0.5754841936144881
472,pct_alta_domicilio,0.7572496094074063
472,pct_alta_fallecido,0.4751959896377191
472,pct_alta_traslado,0.2795667667857627
472,pct_origen_emergencia,0.9778013606560794
472,pct_origen_referencia,0.06884587669109656
472,pct_uso_pabellon,0.32613183306892385
472,pabellones_promedio,0.32613183306892385
472,tasa_partos,0.6774893567088754
472,tasa_prematurez,0.7903863648523174
472,cv_estancia,0.7208777550248797
472,pct_estancia_larga,0.28133869324785127
473,egresos_por_anio,0.7740262007687203
473,estancia_media,0.4347605283155448
473,estancia_mediana,0.6383452617149534
473,peso_medio_grd,0.5961797582599154
473,severidad_media,0.4676404111567488
473,mortalidad_media,0.203394312002843
473,entropia_grd,0.31667534351061244
473,comorbilidades_promedio,0.2097669026518135
473,tasa_cma,0.8045826055982255
473,peso_medio_cma,0.9701748440216117
473,pct_pediatrico,0.15567197364362603
473,pct_geriatrico,0.059262795146591316
473,pct_femenino_fertil,0.1815715088558726
473,edad_mediana,0.15567197364362603
473,pct_urgencia,0.151103235490583
473,pct_programada,0.1815715088558726
473,pct_obstetrica_ingreso,0.1815715088558726
473,pct_alta_domicilio,0.41571113465120846
473,pct_alta_fallecido,0.590767116046614
473,pct_alta_traslado,0.047501862015249044
473,pct_origen_emergencia,0.7469804361158129
473,pct_origen_referencia,0.2097669026518135
473,pct_uso_pabellon,0.31667534351061244
473,pabellones_promedio,0.6349831631826376
473,tasa_partos,0.625415376862518
473,tasa_prematurez,0.059262795146591316
473,cv_estancia,0.8045826055982255
473,pct_estancia_larga,0.1815715088558726
474,egresos_por_anio,0.8238471516738805
474,estancia_media,0.8238471516738805
474,estancia_mediana,0.8238471516738805
474,peso_medio_grd,0.8238471516738805
474,severidad_media,0.9903140825853366
474,mortalidad_media,0.8056164984407084
474,entropia_grd,0.8679202409794726
474,comorbilidades_promedio,0.8679202409794726
474,tasa_cma,0.1584958622138927
474,peso_medio_cma,0.8238471516738805
474,pct_pediatrico,0.1311831792173051
474,pct_geriatrico,0.07373624153322755
474,pct_femenino_fertil,0.526565512500448
474,edad_mediana,0.1584958622138927
474,pct_urgencia,0.7816563278756405
474,pct_programada,0.4983135684553621
474,pct_obstetrica_ingreso,0.43983129913470387
474,pct_alta_domicilio,0.8679202409794726
474,pct_alta_fallecido,0.8056164984407084
474,pct_alta_traslado,0.5324640162841584
474,pct_origen_emergencia,0.07373624153322755
474,pct_origen_referencia,0.27053345882017144
474,pct_uso_pabellon,0.5811452508413105
474,pabellones_promedio,0.8679202409794726
474,tasa_partos,0.8056164984407084
474,tasa_prematurez,0.9903140825853366
474,cv_estancia,0.7027113884747208
474,pct_estancia_larga,0.5798569633445645
475,egresos_por_anio,0.5862479156300716
475,estancia_media,0.4760388639418566
475,estancia_mediana,0.4194009635651352
475,peso_medio_grd,0.1579496213234629
475,severidad_media,0.8074774314224531
475,mortalidad_media,0.4194009635651352
475,entropia_grd,0.8074774314224531
475,comorbilidades_promedio,0.16452441959340355
475,tasa_cma,0.4194009635651352
475,peso_medio_cma,0.8835233623263189
475,pct_pediatrico,0.1579496213234629
475,pct_geriatrico,0.8835233623263189
475,pct_femenino_fertil,0.8074774314224531
475,edad_mediana,0.3708792927860681
475,pct_urgencia,0.7439231692187424
475,pct_programada,0.9173626918603531
475,pct_obstetrica_ingreso,0.8835233623263189
475,pct_alta_domicilio,0.16452441959340355
475,pct_alta_fallecido,0.12391552951968517
475,pct_alta_traslado,0.5862479156300716
475,pct_origen_emergencia,0.8074774314224531
475,pct_origen_referencia,0.0035830738116872135
475,pct_uso_pabellon,0.8835233623263189
475,pabellones_promedio,0.20130612602220693
475,tasa_partos,0.1041005092041288
475,tasa_prematurez,0.16452441959340355
475,cv_estancia,0.7726494796930046
475,pct_estancia_larga,0.8835233623263189
476,egresos_por_anio,0.6409673448177609
476,estancia_media,0.8884637170878101
476,estancia_mediana,0.2395899849587786
476,peso_medio_grd,0.17658907507246002
476,severidad_media,0.9361918506443411
476,mortalidad_media,0.22948564479036276
476,entropia_grd,0.17658907507246002
476,comorbilidades_promedio,0.5857629142249972
476,tasa_cma,0.6335272552143582
476,peso_medio_cma,0.4099173577508685
476,pct_pediatrico,0.11395763706453182
476,pct_geriatrico,0.4099173577508685
476,pct_femenino_fertil,0.08387863499351134
476,edad_mediana,0.0652432527477111
476,pct_urgencia,0.08387863499351134
476,pct_programada,0.8884637170878101
476,pct_obstetrica_ingreso,0.6335272552143582
476,pct_alta_domicilio,0.5195532502999948
476,pct_alta_fallecido,0.03286849043537651
476,pct_alta_traslado,0.47918167792460165
476,pct_origen_emergencia,0.6335272552143582
476,pct_origen_referencia,0.8884637170878101
476,pct_uso_pabellon,0.6335272552143582
476,pabellones_promedio,0.7374423943733263
476,tasa_partos,0.0652432527477111
476,tasa_prematurez,0.6335272552143582
476,cv_estancia,0.6648162381945723
476,pct_estancia_larga,0.2395899849587786
477,egresos_por_anio,0.8896229303417257
477,estancia_media,0.43245912930452146
477,estancia_mediana,0.7812381353709192
477,peso_medio_grd,0.9726170184918062
477,severidad_media,0.7812381353709192
477,mortalidad_media,0.7812381353709192
477,entropia_grd,0.7812381353709192
477,comorbilidades_promedio,0.15467637582485078
477,tasa_cma,0.7432354964453819
477,peso_medio_cma,0.7812381353709192
477,pct_pediatrico,0.1836848715364367
477,pct_geriatrico,0.16429191810574045
477,pct_femenino_fertil,0.2418587867467319
477,edad_mediana,0.16429191810574045
477,pct_urgencia,0.9385059773785286
477,pct_programada,0.2418587867467319
477,pct_obstetrica_ingreso,0.31339043614733386
477,pct_alta_domicilio,0.1836848715364367
477,pct_alta_fallecido,0.2522805343384076
477,pct_alta_traslado,0.7432354964453819
477,pct_origen_emergencia,0.7812381353709192
477,pct_origen_referencia,0.1836848715364367
477,pct_uso_pabellon,0.2522805343384076
477,pabellones_promedio,0.916288681283184
477,tasa_partos,0.45435951765528876
477,tasa_prematurez,0.7432354964453819
477,cv_estancia,0.7812381353709192
477,pct_estancia_larga,0.8896229303417257
478,egresos_por_anio,0.9186057991802872
478,estancia_media,0.8068420231924093
478,estancia_mediana,0.5373238135397356
478,peso_medio_grd,0.9186057991802872
478,severidad_media,0.9497307374261577
478,mortalidad_media,0.6073148173606291
478,entropia_grd,0.47473626588145384
478,comorbilidades_promedio,0.8068420231924093
478,tasa_cma,0.47473626588145384
478,peso_medio_cma,0.9573555798562517
478,pct_pediatrico,0.16339177279846848
478,pct_geriatrico,0.47473626588145384
478,pct_femenino_fertil,0.6994037641473223
478,edad_mediana,0.16339177279846848
478,pct_urgencia,0.9497307374261577
478,pct_programada,0.17628562532617484
478,pct_obstetrica_ingreso,0.9118674046393828
478,pct_alta_domicilio,0.47473626588145384
478,pct_alta_fallecido,0.9186057991802872
478,pct_alta_traslado,0.6994037641473223
478,pct_origen_emergencia,0.6994037641473223
478,pct_origen_referencia,0.920549026578484
478,pct_uso_pabellon,0.9659434734482163
478,pabellones_promedio,0.47473626588145384
478,tasa_partos,0.9186057991802872
478,tasa_prematurez,0.30234974067807996
478,cv_estancia,0.9414613763305457
478,pct_estancia_larga,0.8068420231924093
479,egresos_por_anio,0.6971660777790638
479,estancia_media,0.9659712784188546
479,estancia_mediana,0.36157725407615876
479,peso_medio_grd,0.8912816292150655
479,severidad_media,0.9702199977431332
479,mortalidad_media,0.9702199977431332
479,entropia_grd,0.21671266898943675
479,comorbilidades_promedio,0.6971660777790638
479,tasa_cma,0.8866311477969447
479,peso_medio_cma,0.9702199977431332
479,pct_pediatrico,0.18402463392659096
479,pct_geriatrico,0.21671266898943675
479,pct_femenino_fertil,0.3184912673131342
479,edad_mediana,0.21671266898943675
479,pct_urgencia,0.21671266898943675
479,pct_programada,0.29824962066157
479,pct_obstetrica_ingreso,0.8866311477969447
479,pct_alta_domicilio,0.3184912673131342
479,pct_alta_fallecido,0.21671266898943675
479,pct_alta_traslado,0.9702199977431332
479,pct_origen_emergencia,0.8866311477969447
479,pct_origen_referencia,0.21671266898943675
479,pct_uso_pabellon,0.18402463392659096
479,pabellones_promedio,0.8912816292150655
479,tasa_partos,0.9702199977431332
479,tasa_prematurez,0.9702199977431332
479,cv_estancia,0.6971660777790638
479,pct_estancia_larga,0.8866311477969447
480,egresos_por_anio,0.48823420619204927
480,estancia_media,0.4123395112872151
480,estancia_mediana,0.4123395112872151
480,peso_medio_grd,0.5211612897103656
480,severidad_media,0.783987165602633
480,mortalidad_media,0.4123395112872151
480,entropia_grd,0.42528341761569277
480,comorbilidades_promedio,0.9066428836736123
480,tasa_cma,0.5004007623378879
480,peso_medio_cma,0.4123395112872151
480,pct_pediatrico,0.40177311569632757
480,pct_geriatrico,0.5211612897103656
480,pct_femenino_fertil,0.4123395112872151
480,edad_mediana,0.42528341761569277
480,pct_urgencia,0.48823420619204927
480,pct_programada,0.4123395112872151
480,pct_obstetrica_ingreso,0.5609593893561635
480,pct_alta_domicilio,0.4123395112872151
480,pct_alta_fallecido,0.4123395112872151
480,pct_alta_traslado,0.5812943018383405
480,pct_origen_emergencia,0.5378636664128671
480,pct_origen_referencia,0.9380117218795828
480,pct_uso_pabellon,0.5211612897103656
480,pabellones_promedio,0.5004007623378879
480,tasa_partos,0.7932850525110245
480,tasa_prematurez,0.4123395112872151
480,cv_estancia,0.4123395112872151
480,pct_estancia_larga,0.5378636664128671
481,egresos_por_anio,0.3235391028679614
481,estancia_media,0.10259578822542025
481,estancia_mediana,0.9857278559558105
481,peso_medio_grd,0.016373243352393332
481,severidad_media,0.5697104071858036
481,mortalidad_media,0.6731601311017908
481,entropia_grd,0.1115474133282874
481,comorbilidades_promedio,0.31582635247832386
481,tasa_cma,0.992203742128539
481,peso_medio_cma,0.992203742128539
481,pct_pediatrico,0.10052529022712256
481,pct_geriatrico,0.828182888810001
481,pct_femenino_fertil,0.10052529022712256
481,edad_mediana,0.10052529022712256
481,pct_urgencia,0.6308503503770739
481,pct_programada,0.2528942639079835
481,pct_obstetrica_ingreso,0.10259578822542025
481,pct_alta_domicilio,0.992203742128539
481,pct_alta_fallecido,0.3235391028679614
481,pct_alta_traslado,0.25333328350934
481,pct_origen_emergencia,0.9545636633464787
481,pct_origen_referencia,0.30528573752678195
481,pct_uso_pabellon,0.992203742128539
481,pabellones_promedio,0.37321704498746494
481,tasa_partos,0.992203742128539
481,tasa_prematurez,0.992203742128539
481,cv_estancia,0.992203742128539
481,pct_estancia_larga,0.9181903248075187
482,egresos_por_anio,0.8853293378977974
482,estancia_media,0.7235434143014017
482,estancia_mediana,0.9499251833556803
482,peso_medio_grd,0.6270508284385119
482,severidad_media,0.3029668610922554
482,mortalidad_media,0.6270508284385119
482,entropia_grd,0.6270508284385119
482,comorbilidades_promedio,0.9363252091189498
482,tasa_cma,0.6270508284385119
482,peso_medio_cma,0.8311227803042961
482,pct_pediatrico,0.3029668610922554
482,pct_geriatrico,0.7937275425984769
482,pct_femenino_fertil,0.7235434143014017
482,edad_mediana,0.3029668610922554
482,pct_urgencia,0.8853293378977974
482,pct_programada,0.7380377797878452
482,pct_obstetrica_ingreso,0.7235434143014017
482,pct_alta_domicilio,0.7937275425984769
482,pct_alta_fallecido,0.6270508284385119
482,pct_alta_traslado,0.7937275425984769
482,pct_origen_emergencia,0.8853293378977974
482,pct_origen_referencia,0.9363252091189498
482,pct_uso_pabellon,0.9363252091189498
482,pabellones_promedio,0.6974958499627127
482,tasa_partos,0.8311227803042961
482,tasa_prematurez,0.9431171165192235
482,cv_estancia,0.7250436562151712
482,pct_estancia_larga,0.8311227803042961
483,egresos_por_anio,0.9851424547120708
483,estancia_media,0.6584246399271965
483,estancia_mediana,0.6976952850245534
483,peso_medio_grd,0.7279598208899685
483,severidad_media,0.6584246399271965
483,mortalidad_media,0.07946185696151904
483,entropia_grd,0.6584246399271965
483,comorbilidades_promedio,0.6584246399271965
483,tasa_cma,0.9496240743077331
483,peso_medio_cma,0.8287294922693422
483,pct_pediatrico,0.07946185696151904
483,pct_geriatrico,0.982190366464978
483,pct_femenino_fertil,0.04228959357595348
483,edad_mediana,0.04228959357595348
483,pct_urgencia,0.296282536001746
483,pct_programada,0.5973185961970426
483,pct_obstetrica_ingreso,0.6584246399271965
483,pct_alta_domicilio,0.7011507683367301
483,pct_alta_fallecido,0.296282536001746
483,pct_alta_traslado,0.11410513848103726
483,pct_origen_emergencia,0.9851424547120708
483,pct_origen_referencia,0.6976952850245534
483,pct_uso_pabellon,0.24694184376403389
483,pabellones_promedio,0.11410513848103726
483,tasa_partos,0.04228959357595348
483,tasa_prematurez,0.9516814716081411
483,cv_estancia,0.7011507683367301
483,pct_estancia_larga,0.5485905237712186
484,egresos_por_anio,0.6352056262423221
484,estancia_media,0.3391836434930229
484,estancia_mediana,0.9915290702927096
484,peso_medio_grd,0.8641247137474636
484,severidad_media,0.9535206359054342
484,mortalidad_media,0.9472584323858761
484,entropia_grd,0.40715388370302424
484,comorbilidades_promedio,0.5035892884998333
484,tasa_cma,0.03527491678091636
484,peso_medio_cma,0.38931252601275956
484,pct_pediatrico,0.20220698844822504
484,pct_geriatrico,0.08063281752671113
484,pct_femenino_fertil,0.00822042201804419
484,edad_mediana,0.10127331451537382
484,pct_urgencia,0.3362368323856829
484,pct_programada,0.25067070838073174
484,pct_obstetrica_ingreso,0.684290898337975
484,pct_alta_domicilio,0.3362368323856829
484,pct_alta_fallecido,0.3362368323856829
484,pct_alta_traslado,0.38931252601275956
484,pct_origen_emergencia,0.40715388370302424
484,pct_origen_referencia,0.3362368323856829
484,pct_uso_pabellon,0.5969783905999099
484,pabellones_promedio,0.6699126554690313
484,tasa_partos,0.2960737305173946
484,tasa_prematurez,0.49511188010633633
484,cv_estancia,0.38931252601275956
484,pct_estancia_larga,0.5748011879326047
485,egresos_por_anio,0.12305337555267445
485,estancia_media,0.8827841247004385
485,estancia_mediana,0.7509156651201524
485,peso_medio_grd,0.12305337555267445
485,severidad_media,0.49425793459578554
485,mortalidad_media,0.4266704611231072
485,entropia_grd,0.9166651658196853
485,comorbilidades_promedio,0.521004473715599
485,tasa_cma,0.7346714796727736
485,peso_medio_cma,0.6333726720321072
485,pct_pediatrico,0.06409863946591657
485,pct_geriatrico,0.06409863946591657
485,pct_femenino_fertil,0.043480233631936975
485,edad_mediana,0.06409863946591657
485,pct_urgencia,0.6333726720321072
485,pct_programada,0.24042327726486765
485,pct_obstetrica_ingreso,0.14254385183088109
485,pct_alta_domicilio,0.4266704611231072
485,pct_alta_fallecido,0.01461608563660207
485,pct_alta_traslado,0.6333726720321072
485,pct_origen_emergencia,0.45487780755124096
485,pct_origen_referencia,0.6333726720321072
485,pct_uso_pabellon,0.19266669051522176
485,pabellones_promedio,0.8827841247004385
485,tasa_partos,0.24010993248779547
485,tasa_prematurez,0.12305337555267445
485,cv_estancia,0.6333726720321072
485,pct_estancia_larga,0.6333726720321072
486,egresos_por_anio,0.9878289484851651
486,estancia_media,0.7388966878535167
486,estancia_mediana,0.5520636232602137
486,peso_medio_grd,0.04187121648534568
486,severidad_media,0.8647279568294541
486,mortalidad_media,0.8647279568294541
486,entropia_grd,0.5708230767038751
486,comorbilidades_promedio,0.7388966878535167
486,tasa_cma,0.04187121648534568
486,peso_medio_cma,0.255761751674347
486,pct_pediatrico,0.04187121648534568
486,pct_geriatrico,0.48336309816176554
486,pct_femenino_fertil,0.255761751674347
486,edad_mediana,0.20240437038929768
486,pct_urgencia,0.23949580528340209
486,pct_programada,0.8647279568294541
486,pct_obstetrica_ingreso,0.5520636232602137
486,pct_alta_domicilio,0.6468023445524244
486,pct_alta_fallecido,0.4153105890913994
486,pct_alta_traslado,0.5928504172012873
486,pct_origen_emergencia,0.40502220276808415
486,pct_origen_referencia,0.255761751674347
486,pct_uso_pabellon,0.4153105890913994
486,pabellones_promedio,0.4153105890913994
486,tasa_partos,0.40502220276808415
486,tasa_prematurez,0.40502220276808415
486,cv_estancia,0.4043331164150397
486,pct_estancia_larga,0.6468023445524244
487,egresos_por_anio,0.7074011688437979
487,estancia_media,0.33127267811375166
487,estancia_mediana,0.11455363859849504
487,peso_medio_grd,0.020721461599541288
487,severidad_media,0.11455363859849504
487,mortalidad_media,0.766534983478659
487,entropia_grd,0.10968509601511167
487,comorbilidades_promedio,0.8301835549890908
487,tasa_cma,0.766534983478659
487,peso_medio_cma,0.11455363859849504
487,pct_pediatrico,0.11455363859849504
487,pct_geriatrico,0.6566067988340778
487,pct_femenino_fertil,0.33127267811375166
487,edad_mediana,0.04185321288917341
487,pct_urgencia,0.11455363859849504
487,pct_programada,0.11455363859849504
487,pct_obstetrica_ingreso,0.9719930423283859
487,pct_alta_domicilio,0.7080099972297553
487,pct_alta_fallecido,0.7074011688437979
487,pct_alta_traslado,0.11776898972619314
487,pct_origen_emergencia,0.30548120811692314
487,pct_origen_referencia,0.11455363859849504
487,pct_uso_pabellon,0.4509187971241497
487,pabellones_promedio,0.31360466330365006
487,tasa_partos,0.11455363859849504
487,tasa_prematurez,0.8301835549890908
487,cv_estancia,0.5862161674301571
487,pct_estancia_larga,0.7080099972297553
488,egresos_por_anio,0.8115517757211156
488,estancia_media,0.22969182994845355
488,estancia_mediana,0.38702455384831935
488,peso_medio_grd,0.28065147813175095
488,severidad_media,0.5011644772232666
488,mortalidad_media,0.5679075699450052
488,entropia_grd,0.5011644772232666
488,comorbilidades_promedio,0.4987974133726057
488,tasa_cma,0.22969182994845355
488,peso_medio_cma,0.5679075699450052
488,pct_pediatrico,0.04620135658406986
488,pct_geriatrico,0.38702455384831935
488,pct_femenino_fertil,0.5011644772232666
488,edad_mediana,0.8059073010084941
488,pct_urgencia,0.38702455384831935
488,pct_programada,0.38702455384831935
488,pct_obstetrica_ingreso,0.28065147813175095
488,pct_alta_domicilio,0.28065147813175095
488,pct_alta_fallecido,0.5011644772232666
488,pct_alta_traslado,0.38702455384831935
488,pct_origen_emergencia,0.623301915827661
488,pct_origen_referencia,0.992322665666937
488,pct_uso_pabellon,0.5405307512348557
488,pabellones_promedio,0.04500290104040387
488,tasa_partos,0.5011644772232666
488,tasa_prematurez,0.5011644772232666
488,cv_estancia,0.38702455384831935
488,pct_estancia_larga,0.28065147813175095
489,egresos_por_anio,0.7050628878406052
489,estancia_media,0.7050628878406052
489,estancia_mediana,0.7050628878406052
489,peso_medio_grd,0.3607405198873935
489,severidad_media,0.7050628878406052
489,mortalidad_media,0.607133051712431
489,entropia_grd,0.7050628878406052
489,comorbilidades_promedio,0.9980467192979652
489,tasa_cma,0.8398098639462113
489,peso_medio_cma,0.7050628878406052
489,pct_pediatrico,0.2725168439385182
489,pct_geriatrico,0.7050628878406052
489,pct_femenino_fertil,0.7050628878406052
489,edad_mediana,0.1376641776597918
489,pct_urgencia,0.7050628878406052
489,pct_programada,0.7050628878406052
489,pct_obstetrica_ingreso,0.7050628878406052
489,pct_alta_domicilio,0.5996652860853057
489,pct_alta_fallecido,0.7050628878406052
489,pct_alta_traslado,0.3607405198873935
489,pct_origen_emergencia,0.7050628878406052
489,pct_origen_referencia,0.3607405198873935
489,pct_uso_pabellon,0.9682520324789183
489,pabellones_promedio,0.7050628878406052
489,tasa_partos,0.2039411982354807
489,tasa_prematurez,0.3607405198873935
489,cv_estancia,0.7172511188162267
489,pct_estancia_larga,0.9768993204227541
490,egresos_por_anio,0.4589505257142037
490,estancia_media,0.08254830099901664
490,estancia_mediana,0.9932620178972417
490,peso_medio_grd,0.27924935498417797
490,severidad_media,0.4194127877288141
490,mortalidad_media,0.20446135747886646
490,entropia_grd,0.33070126595632554
490,comorbilidades_promedio,0.7408942164436461
490,tasa_cma,0.27924935498417797
490,peso_medio_cma,0.33070126595632554
490,pct_pediatrico,0.0915033280331394
490,pct_geriatrico,0.08254830099901664
490,pct_femenino_fertil,0.08254830099901664
490,edad_mediana,0.05657057526233516
490,pct_urgencia,0.6520310193766948
490,pct_programada,0.3025430823237226
490,pct_obstetrica_ingreso,0.4589505257142037
490,pct_alta_domicilio,0.4662738850669769
490,pct_alta_fallecido,0.9932620178972417
490,pct_alta_traslado,0.20446135747886646
490,pct_origen_emergencia,0.20446135747886646
490,pct_origen_referencia,0.9932620178972417
490,pct_uso_pabellon,0.3494086998780972
490,pabellones_promedio,0.9373089510580382
490,tasa_partos,0.4589505257142037
490,tasa_prematurez,0.0915033280331394
490,cv_estancia,0.36762412970400826
490,pct_estancia_larga,0.925912847059549
491,egresos_por_anio,0.1761050251017843
491,estancia_media,0.48975094192707486
491,estancia_mediana,0.27981867623005785
491,peso_medio_grd,0.016784037474017098
491,severidad_media,0.9276075371627318
491,mortalidad_media,0.7489403167070108
491,entropia_grd,0.9170767905707949
491,comorbilidades_promedio,0.18912796199560827
491,tasa_cma,0.9276075371627318
491,peso_medio_cma,0.48975094192707486
491,pct_pediatrico,0.06108832707136189
491,pct_geriatrico,0.48975094192707486
491,pct_femenino_fertil,0.48975094192707486
491,edad_mediana,0.052874357783596
491,pct_urgencia,0.3835104980525094
491,pct_programada,0.48975094192707486
491,pct_obstetrica_ingreso,0.799320623657919
491,pct_alta_domicilio,0.3791482891278513
491,pct_alta_fallecido,0.07053133911328345
491,pct_alta_traslado,0.7200209329775109
491,pct_origen_emergencia,0.48975094192707486
491,pct_origen_referencia,0.48975094192707486
491,pct_uso_pabellon,0.48975094192707486
491,pabellones_promedio,0.1761050251017843
491,tasa_partos,0.9276075371627318
491,tasa_prematurez,0.3583840593379792
491,cv_estancia,0.799320623657919
491,pct_estancia_larga,0.7336428388499089
492,egresos_por_anio,0.8491704224324648
492,estancia_media,0.10381747818749772
492,estancia_mediana,0.6021125006637489
492,peso_medio_grd,0.20473691233964353
492,severidad_media,0.9607273271476546
492,mortalidad_media,0.20473691233964353
492,entropia_grd,0.5668333267192625
492,comorbilidades_promedio,0.39288292921519247
492,tasa_cma,0.44045149723169824
492,peso_medio_cma,0.9215183752296975
492,pct_pediatrico,0.10381747818749772
492,pct_geriatrico,0.10381747818749772
492,pct_femenino_fertil,0.15659808411957055
492,edad_mediana,0.10381747818749772
492,pct_urgencia,0.20473691233964353
492,pct_programada,0.288147134354711
492,pct_obstetrica_ingreso,0.3813273520056884
492,pct_alta_domicilio,0.8555339860670964
492,pct_alta_fallecido,0.6637037409201653
492,pct_alta_traslado,0.2763087648642531
492,pct_origen_emergencia,0.5161194451489945
492,pct_origen_referencia,0.4316152000603684
492,pct_uso_pabellon,0.10381747818749772
492,pabellones_promedio,0.37281285349806076
492,tasa_partos,0.20473691233964353
492,tasa_prematurez,0.946227120061666
492,cv_estancia,0.9607273271476546
492,pct_estancia_larga,0.9607273271476546
493,egresos_por_anio,0.5321389279948145
493,estancia_media,0.0785627904599846
493,estancia_mediana,0.26227729643433134
493,peso_medio_grd,0.6471558624475664
493,severidad_media,0.6471558624475664
493,mortalidad_media,0.0785627904599846
493,entropia_grd,0.9016200715009252
493,comorbilidades_promedio,0.9752403372782992
493,tasa_cma,0.42741816842858094
493,peso_medio_cma,0.23240680396682759
493,pct_pediatrico,0.09173915339798971
493,pct_geriatrico,0.0505773477938031
493,pct_femenino_fertil,0.6471558624475664
493,edad_mediana,0.012544670351987624
493,pct_urgencia,0.6471558624475664
493,pct_programada,0.09173915339798971
493,pct_obstetrica_ingreso,0.632211566997381
493,pct_alta_domicilio,0.9752403372782992
493,pct_alta_fallecido,0.737214395558287
493,pct_alta_traslado,0.47199843850966744
493,pct_origen_emergencia,0.6471558624475664
493,pct_origen_referencia,0.027330538668717663
493,pct_uso_pabellon,0.18351523593673613
493,pabellones_promedio,0.9016200715009252
493,tasa_partos,0.3272043814041229
493,tasa_prematurez,0.012544670351987624
493,cv_estancia,0.18351523593673613
493,pct_estancia_larga,0.09173915339798971
494,egresos_por_anio,0.7241621423703216
494,estancia_media,0.7241621423703216
494,estancia_mediana,0.4656405146096388
494,peso_medio_grd,0.8505717976329382
494,severidad_media,0.10488559769905235
494,mortalidad_media,0.4656405146096388
494,entropia_grd,0.7487429888042599
494,comorbilidades_promedio,0.7241621423703216
494,tasa_cma,0.04581203554502883
494,peso_medio_cma,0.7241621423703216
494,pct_pediatrico,0.0907126815607828
494,pct_geriatrico,0.24916912578076833
494,pct_femenino_fertil,0.7241621423703216
494,edad_mediana,0.009720299961595446
494,pct_urgencia,0.6997158302548806
494,pct_programada,0.7241621423703216
494,pct_obstetrica_ingreso,0.7546916368952561
494,pct_alta_domicilio,0.4656405146096388
494,pct_alta_fallecido,0.7241621423703216
494,pct_alta_traslado,0.020940303015930625
494,pct_origen_emergencia,0.5517392799147707
494,pct_origen_referencia,0.6997158302548806
494,pct_uso_pabellon,0.7241621423703216
494,pabellones_promedio,0.7241621423703216
494,tasa_partos,0.7241621423703216
494,tasa_prematurez,0.9800761141635528
494,cv_estancia,0.8505717976329382
494,pct_estancia_larga,0.7241621423703216
495,egresos_por_anio,0.2539196510339863
495,estancia_media,0.13490649965643597
495,estancia_mediana,0.4239836741725012
495,peso_medio_grd,0.413676533080789
495,severidad_media,0.5035917138255789
495,mortalidad_media,0.9261580393374174
495,entropia_grd,0.608108491905919
495,comorbilidades_promedio,0.413676533080789
495,tasa_cma,0.41246408770146187
495,peso_medio_cma,0.413676533080789
495,pct_pediatrico,0.05094684010139605
495,pct_geriatrico,0.5534114104517291
495,pct_femenino_fertil,0.42852410563853766
495,edad_mediana,0.03246452971119277
495,pct_urgencia,0.03246452971119277
495,pct_programada,0.05094684010139605
495,pct_obstetrica_ingreso,0.608108491905919
495,pct_alta_domicilio,0.9194623133213452
495,pct_alta_fallecido,0.13490649965643597
495,pct_alta_traslado,0.13490649965643597
495,pct_origen_emergencia,0.608108491905919
495,pct_origen_referencia,0.42444630568626024
495,pct_uso_pabellon,0.413676533080789
495,pabellones_promedio,0.4239836741725012
495,tasa_partos,0.34978490534437084
495,tasa_prematurez,0.9077291034249698
495,cv_estancia,0.42852410563853766
495,pct_estancia_larga,0.413676533080789
496,egresos_por_anio,0.5358070292661865
496,estancia_media,0.6086529212097946
496,estancia_mediana,0.8975075894959491
496,peso_medio_grd,0.5358070292661865
496,severidad_media,0.6086529212097946
496,mortalidad_media,0.5358070292661865
496,entropia_grd,0.8975075894959491
496,comorbilidades_promedio,0.8975075894959491
496,tasa_cma,0.6086529212097946
496,peso_medio_cma,0.8975075894959491
496,pct_pediatrico,0.13693000810577943
496,pct_geriatrico,0.13693000810577943
496,pct_femenino_fertil,0.08365892259102034
496,edad_mediana,0.028498161765854953
496,pct_urgencia,0.8975075894959491
496,pct_programada,0.8975075894959491
496,pct_obstetrica_ingreso,0.8569504733795668
496,pct_alta_domicilio,0.8975075894959491
496,pct_alta_fallecido,0.31813837431975106
496,pct_alta_traslado,0.8975075894959491
496,pct_origen_emergencia,0.8975075894959491
496,pct_origen_referencia,0.8975075894959491
496,pct_uso_pabellon,0.29787991794887425
496,pabellones_promedio,0.5358070292661865
496,tasa_partos,0.29787991794887425
496,tasa_prematurez,0.8975075894959491
496,cv_estancia,0.9655271816603795
496,pct_estancia_larga,0.8975075894959491
497,egresos_por_anio,0.9251285637321625
497,estancia_media,0.4476206635859566
497,estancia_mediana,0.5245451954079516
497,peso_medio_grd,0.4476206635859566
497,severidad_media,0.5496867944356443
497,mortalidad_media,0.11553430836068103
497,entropia_grd,0.5245451954079516
497,comorbilidades_promedio,0.15315384472931304
497,tasa_cma,0.06907590112797621
497,peso_medio_cma,0.4476206635859566
497,pct_pediatrico,0.10927360987356782
497,pct_geriatrico,0.10927360987356782
497,pct_femenino_fertil,0.26125264502446266
497,edad_mediana,0.15315384472931304
497,pct_urgencia,0.9966414102245157
497,pct_programada,0.24780144280849192
497,pct_obstetrica_ingreso,0.6547751862589356
497,pct_alta_domicilio,0.7624608395894619
497,pct_alta_fallecido,0.8333500507781147
497,pct_alta_traslado,0.06907590112797621
497,pct_origen_emergencia,0.4476206635859566
497,pct_origen_referencia,0.6980822121952929
497,pct_uso_pabellon,0.5245451954079516
497,pabellones_promedio,0.6547751862589356
497,tasa_partos,0.5627300540246887
497,tasa_prematurez,0.6980822121952929
497,cv_estancia,0.493212256622464
497,pct_estancia_larga,0.6172100289611223
498,egresos_por_anio,0.47652176746007097
498,estancia_media,0.654373038908499
498,estancia_mediana,0.5835926236468832
498,peso_medio_grd,0.23384918877721753
498,severidad_media,0.4910814509879808
498,mortalidad_media,0.2873950129660654
498,entropia_grd,0.47652176746007097
498,comorbilidades_promedio,0.724835455269895
498,tasa_cma,0.5135657787565732
498,peso_medio_cma,0.8718029794054829
498,pct_pediatrico,0.08702758445975786
498,pct_geriatrico,0.08702758445975786
498,pct_femenino_fertil,0.24931953014234212
498,edad_mediana,0.08965931548100102
498,pct_urgencia,0.5656474016025125
498,pct_programada,0.3359387114427858
498,pct_obstetrica_ingreso,0.47652176746007097
498,pct_alta_domicilio,0.25614537760374256
498,pct_alta_fallecido,0.4458087477880747
498,pct_alta_traslado,0.4910814509879808
498,pct_origen_emergencia,0.724835455269895
498,pct_origen_referencia,0.08702758445975786
498,pct_uso_pabellon,0.08702758445975786
498,pabellones_promedio,0.6287668183539514
498,tasa_partos,0.3803865847692877
498,tasa_prematurez,0.08702758445975786
498,cv_estancia,0.12820704438396985
498,pct_estancia_larga,0.6580448802267963
499,egresos_por_anio,0.1377739659522804
499,estancia_media,0.8854123017809481
499,estancia_mediana,0.5164469853100492
499,peso_medio_grd,0.7920979207533394
499,severidad_media,0.5089502486042528
499,mortalidad_media,0.1377739659522804
499,entropia_grd,0.8854123017809481
499,comorbilidades_promedio,0.9022310071979451
499,tasa_cma,0.4523193218056832
499,peso_medio_cma,0.5164469853100492
499,pct_pediatrico,0.1377739659522804
499,pct_geriatrico,0.5089502486042528
499,pct_femenino_fertil,0.021878807203740868
499,edad_mediana,0.28491529968281615
499,pct_urgencia,0.1377739659522804
499,pct_programada,0.9369274039621797
499,pct_obstetrica_ingreso,0.7920979207533394
499,pct_alta_domicilio,0.8854123017809481
499,pct_alta_fallecido,0.5219144114104556
499,pct_alta_traslado,0.1377739659522804
499,pct_origen_emergencia,0.8854123017809481
499,pct_origen_referencia,0.2778076623296349
499,pct_uso_pabellon,0.5089502486042528
499,pabellones_promedio,0.021878807203740868
499,tasa_partos,0.005464627241013985
499,tasa_prematurez,0.1377739659522804
499,cv_estancia,0.8854123017809481
499,pct_estancia_larga,0.5089502486042528
